timestamp,coin,long_usd,short_usd
2026-09-18 21:24:51.530754+00:00,ETH,241906785.494216,685130.4
2026-09-18 21:24:51.530754+00:00,BTC,212526103.24835905,8802255.0
2026-09-18 21:24:51.530754+00:00,HYPE,133237129.575677,0.0
2026-09-18 21:24:51.530754+00:00,SOL,62868568.53907599,6672434.296986001
2026-09-18 21:24:51.530754+00:00,ZEC,48490255.734436005,1783179.11
2026-09-18 21:24:51.530754+00:00,NEAR,17952499.408505,60032.2
2026-09-18 21:24:51.530754+00:00,SUI,9526976.490716,0.0
2026-09-18 21:24:51.530754+00:00,INJ,8397082.385812,0.0
2026-09-18 21:24:51.530754+00:00,PUMP,8235524.760719001,21.197260000000004
2026-09-18 21:24:51.530754+00:00,LIT,6274795.189388,188400.0
2026-09-18 21:24:51.530754+00:00,LINK,5780991.2397,0.0
2026-09-18 21:24:51.530754+00:00,GRAM,4700239.556,0.0
2026-09-18 21:24:51.530754+00:00,VVV,4217841.7087900005,0.0
2026-09-18 21:24:51.530754+00:00,CASHCAT,4187046.144034,0.0
2026-09-18 21:24:51.530754+00:00,WLD,3508250.220333,0.0
2026-09-18 21:24:51.530754+00:00,XPL,2986267.399214,0.0
2026-09-18 21:24:51.530754+00:00,LTC,2967865.950004,0.0
2026-09-18 21:24:51.530754+00:00,TAO,2962028.615056,0.0
2026-09-18 21:24:51.530754+00:00,kBONK,2943310.354076,0.0
2026-09-18 21:24:51.530754+00:00,FARTCOIN,2661283.034187,174803.43002800003
2026-09-18 21:24:51.530754+00:00,XRP,2546842.5938679995,52203.920000000006
2026-09-18 21:24:51.530754+00:00,kPEPE,2577323.988916,0.0
2026-09-18 21:24:51.530754+00:00,ENA,2533484.145602,45.84216000000001
2026-09-18 21:24:51.530754+00:00,AVAX,2465121.40212,0.0
2026-09-18 21:24:51.530754+00:00,ARB,2251729.36609,0.0
2026-09-18 21:24:51.530754+00:00,UNI,2202614.981875,0.0
2026-09-18 21:24:51.530754+00:00,FET,2028372.34748,0.0
2026-09-18 21:24:51.530754+00:00,ASTER,2024308.9832,0.0
2026-09-18 21:24:51.530754+00:00,AAVE,2007021.27393,0.0
2026-09-18 21:24:51.530754+00:00,PONS,1180042.263359,668274.6103230001
2026-09-18 21:24:51.530754+00:00,ZRO,1834665.915796,0.0
2026-09-18 21:24:51.530754+00:00,MNT,1732168.6865279998,0.0
2026-09-18 21:24:51.530754+00:00,TRX,1710595.0,0.0
2026-09-18 21:24:51.530754+00:00,WIF,1324519.54,156298.822869
2026-09-18 21:24:51.530754+00:00,APEX,1467379.34,0.0
2026-09-18 21:24:51.530754+00:00,DOGE,1453622.73567,0.0
2026-09-18 21:24:51.530754+00:00,IMX,1386822.3208070002,0.0
2026-09-18 21:24:51.530754+00:00,CFX,1318408.196426,0.0
2026-09-18 21:24:51.530754+00:00,SPX,1309188.3916390005,0.0
2026-09-18 21:24:51.530754+00:00,PURR,1236440.0,4413.327714
2026-09-18 21:24:51.530754+00:00,ETHFI,1233043.948125,0.0
2026-09-18 21:24:51.530754+00:00,GRASS,1110060.0,0.0
2026-09-18 21:24:51.530754+00:00,ADA,1096193.392,0.0
2026-09-18 21:24:51.530754+00:00,ENS,1076216.946842,0.0
2026-09-18 21:24:51.530754+00:00,POPCAT,845395.1359999999,113085.162618
2026-09-18 21:24:51.530754+00:00,FIL,841260.0,39195.59
2026-09-18 21:24:51.530754+00:00,LINEA,857724.935715,0.0
2026-09-18 21:24:51.530754+00:00,HBAR,854893.9756679999,0.0
2026-09-18 21:24:51.530754+00:00,PENGU,221832.143116,476352.601088
2026-09-18 21:24:51.530754+00:00,PNUT,502982.72,0.0
2026-09-18 21:24:51.530754+00:00,kSHIB,490306.64,0.0
2026-09-18 21:24:51.530754+00:00,XMR,453824.6,0.0
2026-09-18 21:24:51.530754+00:00,TRUMP,0.0,424619.111511
2026-09-18 21:24:51.530754+00:00,SYRUP,389990.023568,0.0
2026-09-18 21:24:51.530754+00:00,STRK,362715.46784,0.0
2026-09-18 21:24:51.530754+00:00,W,288900.0,0.0
2026-09-18 21:24:51.530754+00:00,USELESS,275899.0,0.0
2026-09-18 21:24:51.530754+00:00,BNB,225701.4,0.0
2026-09-18 21:24:51.530754+00:00,2Z,0.0,225420.839352
2026-09-18 21:24:51.530754+00:00,BCH,197941.31468000004,0.0
2026-09-18 21:24:51.530754+00:00,XLM,193321.0,0.0
2026-09-18 21:24:51.530754+00:00,CRV,113710.3592,0.0
2026-09-18 21:24:51.530754+00:00,AR,73710.0,0.0
2026-09-18 21:24:51.530754+00:00,MON,59106.0,0.0
2026-09-18 21:24:51.530754+00:00,EIGEN,0.0,167.899125
2026-09-18 21:24:51.530754+00:00,CHIP,28.179205000000003,0.0
2026-09-18 21:24:51.530754+00:00,SEI,0.0,0.047826
2026-09-18 22:24:36.575885+00:00,ETH,241016987.244216,685130.4
2026-09-18 22:24:36.575885+00:00,BTC,215370176.448359,18545694.0
2026-09-18 22:24:36.575885+00:00,HYPE,124872089.575677,0.0
2026-09-18 22:24:36.575885+00:00,SOL,62868568.53907599,6672434.296986001
2026-09-18 22:24:36.575885+00:00,ZEC,48704340.391291,1783179.11
2026-09-18 22:24:36.575885+00:00,NEAR,17637705.408505,60032.2
2026-09-18 22:24:36.575885+00:00,SUI,9526976.490716,0.0
2026-09-18 22:24:36.575885+00:00,INJ,8397082.385812,0.0
2026-09-18 22:24:36.575885+00:00,PUMP,8236521.154387001,21.197260000000004
2026-09-18 22:24:36.575885+00:00,LIT,6088306.629388,188400.0
2026-09-18 22:24:36.575885+00:00,LINK,5780991.2397,0.0
2026-09-18 22:24:36.575885+00:00,GRAM,4700239.556,0.0
2026-09-18 22:24:36.575885+00:00,CASHCAT,4187046.144034,0.0
2026-09-18 22:24:36.575885+00:00,VVV,4072240.90879,0.0
2026-09-18 22:24:36.575885+00:00,WLD,3508250.220333,0.0
2026-09-18 22:24:36.575885+00:00,XPL,2983679.645549,0.0
2026-09-18 22:24:36.575885+00:00,LTC,2967865.950004,0.0
2026-09-18 22:24:36.575885+00:00,TAO,2962028.615056,0.0
2026-09-18 22:24:36.575885+00:00,kBONK,2943310.354076,0.0
2026-09-18 22:24:36.575885+00:00,FARTCOIN,2661283.034187,0.0
2026-09-18 22:24:36.575885+00:00,XRP,2546842.5938679995,52203.920000000006
2026-09-18 22:24:36.575885+00:00,kPEPE,2577323.988916,0.0
2026-09-18 22:24:36.575885+00:00,ENA,2533484.145602,45.84216000000001
2026-09-18 22:24:36.575885+00:00,AVAX,2465121.40212,0.0
2026-09-18 22:24:36.575885+00:00,ARB,2251729.36609,0.0
2026-09-18 22:24:36.575885+00:00,UNI,2202614.981875,0.0
2026-09-18 22:24:36.575885+00:00,FET,2028372.34748,0.0
2026-09-18 22:24:36.575885+00:00,ASTER,2024308.9832,0.0
2026-09-18 22:24:36.575885+00:00,AAVE,2007021.27393,0.0
2026-09-18 22:24:36.575885+00:00,PONS,1180042.263359,668274.6103230001
2026-09-18 22:24:36.575885+00:00,ZRO,1834665.915796,0.0
2026-09-18 22:24:36.575885+00:00,MNT,1732168.6865279998,0.0
2026-09-18 22:24:36.575885+00:00,TRX,1710595.0,0.0
2026-09-18 22:24:36.575885+00:00,APEX,1467379.34,0.0
2026-09-18 22:24:36.575885+00:00,DOGE,1453622.73567,0.0
2026-09-18 22:24:36.575885+00:00,IMX,1386822.3208070002,0.0
2026-09-18 22:24:36.575885+00:00,WIF,1324519.54,0.0
2026-09-18 22:24:36.575885+00:00,CFX,1318408.196426,0.0
2026-09-18 22:24:36.575885+00:00,SPX,1309188.3916390005,0.0
2026-09-18 22:24:36.575885+00:00,PURR,1236440.0,4413.327714
2026-09-18 22:24:36.575885+00:00,ETHFI,1233043.948125,0.0
2026-09-18 22:24:36.575885+00:00,GRASS,1110060.0,0.0
2026-09-18 22:24:36.575885+00:00,ADA,1096193.392,0.0
2026-09-18 22:24:36.575885+00:00,ENS,1076216.946842,0.0
2026-09-18 22:24:36.575885+00:00,FIL,841260.0,39195.59
2026-09-18 22:24:36.575885+00:00,LINEA,857724.935715,0.0
2026-09-18 22:24:36.575885+00:00,HBAR,854893.9756679999,0.0
2026-09-18 22:24:36.575885+00:00,POPCAT,845395.1359999999,0.0
2026-09-18 22:24:36.575885+00:00,PNUT,502982.72,0.0
2026-09-18 22:24:36.575885+00:00,kSHIB,490306.64,0.0
2026-09-18 22:24:36.575885+00:00,XMR,453824.6,0.0
2026-09-18 22:24:36.575885+00:00,SYRUP,389990.023568,0.0
2026-09-18 22:24:36.575885+00:00,STRK,362715.46784,0.0
2026-09-18 22:24:36.575885+00:00,W,288900.0,0.0
2026-09-18 22:24:36.575885+00:00,USELESS,275899.0,0.0
2026-09-18 22:24:36.575885+00:00,BNB,225701.4,0.0
2026-09-18 22:24:36.575885+00:00,PENGU,221832.143116,0.0
2026-09-18 22:24:36.575885+00:00,BCH,197941.31468000004,0.0
2026-09-18 22:24:36.575885+00:00,XLM,193321.0,0.0
2026-09-18 22:24:36.575885+00:00,CRV,113710.3592,0.0
2026-09-18 22:24:36.575885+00:00,MON,59106.0,0.0
2026-09-18 22:24:36.575885+00:00,TRUMP,0.0,19999.98
2026-09-18 22:24:36.575885+00:00,EIGEN,0.0,167.899125
2026-09-18 22:24:36.575885+00:00,CHIP,28.179205000000003,0.0
2026-09-18 22:24:36.575885+00:00,SEI,0.0,0.047826
2026-09-18 23:24:47.405205+00:00,ETH,241525371.45776305,685130.4
2026-09-18 23:24:47.405205+00:00,BTC,174413500.948359,10428184.0
2026-09-18 23:24:47.405205+00:00,HYPE,134184571.83328798,0.0
2026-09-18 23:24:47.405205+00:00,SOL,62879913.739076,6672434.296986001
2026-09-18 23:24:47.405205+00:00,ZEC,41153514.74379101,1783179.11
2026-09-18 23:24:47.405205+00:00,NEAR,16659817.408505,60032.2
2026-09-18 23:24:47.405205+00:00,SUI,8811496.490716,0.0
2026-09-18 23:24:47.405205+00:00,INJ,8397082.385812,0.0
2026-09-18 23:24:47.405205+00:00,LIT,6467436.549388,188400.0
2026-09-18 23:24:47.405205+00:00,PUMP,6314521.154387001,21.197260000000004
2026-09-18 23:24:47.405205+00:00,LINK,5780991.2397,0.0
2026-09-18 23:24:47.405205+00:00,GRAM,4700239.556,0.0
2026-09-18 23:24:47.405205+00:00,VVV,4217841.7087900005,28000.0
2026-09-18 23:24:47.405205+00:00,CASHCAT,3774254.144034,0.0
2026-09-18 23:24:47.405205+00:00,WLD,3508250.220333,0.0
2026-09-18 23:24:47.405205+00:00,LTC,2967865.950004,0.0
2026-09-18 23:24:47.405205+00:00,XPL,2860520.532129,0.0
2026-09-18 23:24:47.405205+00:00,TAO,2854876.215056,0.0
2026-09-18 23:24:47.405205+00:00,FARTCOIN,2661283.034187,174803.43002800003
2026-09-18 23:24:47.405205+00:00,kBONK,2660110.354076,0.0
2026-09-18 23:24:47.405205+00:00,XRP,2546842.5938679995,52203.920000000006
2026-09-18 23:24:47.405205+00:00,kPEPE,2577323.988916,0.0
2026-09-18 23:24:47.405205+00:00,ENA,2533484.145602,45.84216000000001
2026-09-18 23:24:47.405205+00:00,AVAX,2465121.40212,0.0
2026-09-18 23:24:47.405205+00:00,ARB,2251729.36609,0.0
2026-09-18 23:24:47.405205+00:00,FET,2028372.34748,0.0
2026-09-18 23:24:47.405205+00:00,ASTER,2024308.9832,0.0
2026-09-18 23:24:47.405205+00:00,AAVE,2007021.27393,0.0
2026-09-18 23:24:47.405205+00:00,PONS,1180042.263359,659516.8327680001
2026-09-18 23:24:47.405205+00:00,ZRO,1834665.915796,0.0
2026-09-18 23:24:47.405205+00:00,MNT,1732168.6865279998,0.0
2026-09-18 23:24:47.405205+00:00,TRX,1710595.0,0.0
2026-09-18 23:24:47.405205+00:00,DOGE,1481602.53567,0.0
2026-09-18 23:24:47.405205+00:00,WIF,1324519.54,156298.822869
2026-09-18 23:24:47.405205+00:00,APEX,1467379.34,0.0
2026-09-18 23:24:47.405205+00:00,IMX,1386822.3208070002,0.0
2026-09-18 23:24:47.405205+00:00,UNI,1349428.981875,0.0
2026-09-18 23:24:47.405205+00:00,CFX,1318408.196426,0.0
2026-09-18 23:24:47.405205+00:00,SPX,1309188.3916390005,0.0
2026-09-18 23:24:47.405205+00:00,PURR,1236440.0,4413.327714
2026-09-18 23:24:47.405205+00:00,ETHFI,1233043.948125,0.0
2026-09-18 23:24:47.405205+00:00,GRASS,1110060.0,0.0
2026-09-18 23:24:47.405205+00:00,ADA,1096193.392,0.0
2026-09-18 23:24:47.405205+00:00,ENS,1076216.946842,0.0
2026-09-18 23:24:47.405205+00:00,POPCAT,845395.1359999999,113085.162618
2026-09-18 23:24:47.405205+00:00,FIL,841260.0,39195.59
2026-09-18 23:24:47.405205+00:00,LINEA,857724.935715,0.0
2026-09-18 23:24:47.405205+00:00,HBAR,854893.9756679999,0.0
2026-09-18 23:24:47.405205+00:00,PENGU,221832.143116,476352.601088
2026-09-18 23:24:47.405205+00:00,PNUT,502982.72,0.0
2026-09-18 23:24:47.405205+00:00,kSHIB,490306.64,0.0
2026-09-18 23:24:47.405205+00:00,XMR,453824.6,0.0
2026-09-18 23:24:47.405205+00:00,TRUMP,0.0,424619.111511
2026-09-18 23:24:47.405205+00:00,SYRUP,389990.023568,0.0
2026-09-18 23:24:47.405205+00:00,STRK,362715.46784,0.0
2026-09-18 23:24:47.405205+00:00,W,288900.0,0.0
2026-09-18 23:24:47.405205+00:00,USELESS,275899.0,0.0
2026-09-18 23:24:47.405205+00:00,BNB,225701.4,0.0
2026-09-18 23:24:47.405205+00:00,2Z,0.0,225420.839352
2026-09-18 23:24:47.405205+00:00,BCH,197941.31468000004,0.0
2026-09-18 23:24:47.405205+00:00,XLM,193321.0,0.0
2026-09-18 23:24:47.405205+00:00,CRV,113710.3592,0.0
2026-09-18 23:24:47.405205+00:00,AR,73710.0,0.0
2026-09-18 23:24:47.405205+00:00,MON,59106.0,0.0
2026-09-18 23:24:47.405205+00:00,EIGEN,0.0,167.899125
2026-09-18 23:24:47.405205+00:00,CHIP,28.179205000000003,0.0
2026-09-18 23:24:47.405205+00:00,SEI,0.0,0.047826
2026-09-19 00:32:18.038873+00:00,ETH,223348577.36356497,9013043.4
2026-09-19 00:32:18.038873+00:00,BTC,137598772.055781,17569189.0
2026-09-19 00:32:18.038873+00:00,HYPE,111683537.87162296,0.0
2026-09-19 00:32:18.038873+00:00,ZEC,103915399.407052,726154.1499999999
2026-09-19 00:32:18.038873+00:00,SOL,75641628.846577,6672434.296986001
2026-09-19 00:32:18.038873+00:00,NEAR,20335702.349981,0.0
2026-09-19 00:32:18.038873+00:00,PUMP,13816834.506988,0.0
2026-09-19 00:32:18.038873+00:00,INJ,8397082.385812,0.0
2026-09-19 00:32:18.038873+00:00,VVV,7741035.069602,15.3781
2026-09-19 00:32:18.038873+00:00,LINK,5861713.330452,0.0
2026-09-19 00:32:18.038873+00:00,LIT,5697802.152902,0.0
2026-09-19 00:32:18.038873+00:00,GRAM,4700237.97376,0.0
2026-09-19 00:32:18.038873+00:00,SUI,3833076.490716,0.0
2026-09-19 00:32:18.038873+00:00,WLD,3508250.220333,0.0
2026-09-19 00:32:18.038873+00:00,CASHCAT,2985227.88434,0.0
2026-09-19 00:32:18.038873+00:00,kBONK,2943310.354076,0.0
2026-09-19 00:32:18.038873+00:00,XPL,2860520.532129,0.0
2026-09-19 00:32:18.038873+00:00,ENA,2790749.760366,0.0
2026-09-19 00:32:18.038873+00:00,ARB,2717398.283426,0.0
2026-09-19 00:32:18.038873+00:00,LTC,2716469.088624,0.0
2026-09-19 00:32:18.038873+00:00,kPEPE,2577323.988916,0.0
2026-09-19 00:32:18.038873+00:00,XRP,2546842.5938679995,16.834500000000002
2026-09-19 00:32:18.038873+00:00,AVAX,2465121.40212,0.0
2026-09-19 00:32:18.038873+00:00,UNI,2446570.3798510004,0.0
2026-09-19 00:32:18.038873+00:00,TAO,2350878.215056,0.0
2026-09-19 00:32:18.038873+00:00,AAVE,2341188.59273,0.0
2026-09-19 00:32:18.038873+00:00,PONS,1471644.742851,659516.8327680001
2026-09-19 00:32:18.038873+00:00,FET,2028372.34748,0.0
2026-09-19 00:32:18.038873+00:00,ASTER,2024308.9832,0.0
2026-09-19 00:32:18.038873+00:00,FARTCOIN,1919302.484619,0.0
2026-09-19 00:32:18.038873+00:00,ZRO,1834665.915796,0.0
2026-09-19 00:32:18.038873+00:00,MNT,1732168.6865279998,0.0
2026-09-19 00:32:18.038873+00:00,TRX,1710595.0,0.0
2026-09-19 00:32:18.038873+00:00,APEX,1467379.34,0.0
2026-09-19 00:32:18.038873+00:00,DOGE,1453622.73567,0.0
2026-09-19 00:32:18.038873+00:00,IMX,1386822.3208070002,0.0
2026-09-19 00:32:18.038873+00:00,PURR,1363616.313088,0.0
2026-09-19 00:32:18.038873+00:00,WIF,1324519.54,0.0
2026-09-19 00:32:18.038873+00:00,CFX,1318408.196426,0.0
2026-09-19 00:32:18.038873+00:00,ETHFI,1233043.948125,0.0
2026-09-19 00:32:18.038873+00:00,GRASS,1110060.0,0.0
2026-09-19 00:32:18.038873+00:00,ADA,1096193.392,0.0
2026-09-19 00:32:18.038873+00:00,ENS,1076216.946842,0.0
2026-09-19 00:32:18.038873+00:00,LINEA,857724.935715,0.0
2026-09-19 00:32:18.038873+00:00,HBAR,854893.9756679999,0.0
2026-09-19 00:32:18.038873+00:00,POPCAT,845395.1359999999,0.0
2026-09-19 00:32:18.038873+00:00,FIL,841260.0,0.0
2026-09-19 00:32:18.038873+00:00,PNUT,502982.72,0.0
2026-09-19 00:32:18.038873+00:00,kSHIB,490306.64,0.0
2026-09-19 00:32:18.038873+00:00,SYRUP,389990.023568,0.0
2026-09-19 00:32:18.038873+00:00,STRK,362715.46784,0.0
2026-09-19 00:32:18.038873+00:00,W,288900.0,0.0
2026-09-19 00:32:18.038873+00:00,XMR,280565.0,0.0
2026-09-19 00:32:18.038873+00:00,USELESS,275899.0,0.0
2026-09-19 00:32:18.038873+00:00,XLM,193321.0,0.0
2026-09-19 00:32:18.038873+00:00,GMX,118788.0,0.0
2026-09-19 00:32:18.038873+00:00,CRV,113710.3592,0.0
2026-09-19 00:32:18.038873+00:00,SPX,71882.110176,0.0
2026-09-19 00:32:18.038873+00:00,ZEN,61064.021349,0.0
2026-09-19 00:32:18.038873+00:00,AZTEC,35189.999514,0.0
2026-09-19 00:32:18.038873+00:00,ONDO,31900.0,0.0
2026-09-19 00:32:18.038873+00:00,BCH,23606.92944,0.0
2026-09-19 01:25:20.717693+00:00,BTC,146459901.15855697,15964853.0
2026-09-19 01:25:20.717693+00:00,ZEC,107684730.28225,726154.1499999999
2026-09-19 01:25:20.717693+00:00,ETH,90860445.326891,9013043.4
2026-09-19 01:25:20.717693+00:00,HYPE,80245626.84704801,0.0
2026-09-19 01:25:20.717693+00:00,SOL,63369869.65866399,674566.2
2026-09-19 01:25:20.717693+00:00,NEAR,21064430.553381,0.0
2026-09-19 01:25:20.717693+00:00,PUMP,8835318.225334,0.0
2026-09-19 01:25:20.717693+00:00,INJ,8397082.385812,0.0
2026-09-19 01:25:20.717693+00:00,SUI,6180300.266187999,0.0
2026-09-19 01:25:20.717693+00:00,LINK,5780991.2397,0.0
2026-09-19 01:25:20.717693+00:00,CASHCAT,4701300.403466,0.0
2026-09-19 01:25:20.717693+00:00,GRAM,4700239.556,0.0
2026-09-19 01:25:20.717693+00:00,VVV,3681963.633382001,15.3781
2026-09-19 01:25:20.717693+00:00,LIT,3576393.147696,0.0
2026-09-19 01:25:20.717693+00:00,WLD,3508250.220333,0.0
2026-09-19 01:25:20.717693+00:00,ZRO,3251775.182922,0.0
2026-09-19 01:25:20.717693+00:00,ENA,3167985.33211,0.0
2026-09-19 01:25:20.717693+00:00,kBONK,2943310.354076,0.0
2026-09-19 01:25:20.717693+00:00,LTC,2716469.088624,0.0
2026-09-19 01:25:20.717693+00:00,kPEPE,2577323.988916,0.0
2026-09-19 01:25:20.717693+00:00,XRP,2546842.5938679995,16.834500000000002
2026-09-19 01:25:20.717693+00:00,AVAX,2465121.40212,0.0
2026-09-19 01:25:20.717693+00:00,TAO,2458030.615056,0.0
2026-09-19 01:25:20.717693+00:00,FET,2028372.34748,0.0
2026-09-19 01:25:20.717693+00:00,ASTER,2024308.9832,0.0
2026-09-19 01:25:20.717693+00:00,PONS,1348578.849519,659516.8327680001
2026-09-19 01:25:20.717693+00:00,AAVE,2007021.27393,0.0
2026-09-19 01:25:20.717693+00:00,FARTCOIN,1919302.484619,0.0
2026-09-19 01:25:20.717693+00:00,DOGE,1834266.53567,0.0
2026-09-19 01:25:20.717693+00:00,MNT,1732168.6865279998,0.0
2026-09-19 01:25:20.717693+00:00,UNI,1719781.48,0.0
2026-09-19 01:25:20.717693+00:00,ARB,1717398.292106,0.0
2026-09-19 01:25:20.717693+00:00,TRX,1710595.0,0.0
2026-09-19 01:25:20.717693+00:00,XPL,1700714.309694,0.0
2026-09-19 01:25:20.717693+00:00,APEX,1467379.34,0.0
2026-09-19 01:25:20.717693+00:00,IMX,1386822.3208070002,0.0
2026-09-19 01:25:20.717693+00:00,PURR,1363616.313088,0.0
2026-09-19 01:25:20.717693+00:00,WIF,1324519.54,0.0
2026-09-19 01:25:20.717693+00:00,CFX,1318408.196426,0.0
2026-09-19 01:25:20.717693+00:00,GRASS,1110060.0,0.0
2026-09-19 01:25:20.717693+00:00,ADA,1096193.392,0.0
2026-09-19 01:25:20.717693+00:00,ENS,1076216.946842,0.0
2026-09-19 01:25:20.717693+00:00,LINEA,857724.935715,0.0
2026-09-19 01:25:20.717693+00:00,HBAR,854893.9756679999,0.0
2026-09-19 01:25:20.717693+00:00,POPCAT,845395.1359999999,0.0
2026-09-19 01:25:20.717693+00:00,FIL,841260.0,0.0
2026-09-19 01:25:20.717693+00:00,PNUT,502982.72,0.0
2026-09-19 01:25:20.717693+00:00,kSHIB,490306.64,0.0
2026-09-19 01:25:20.717693+00:00,CHIP,430899.527575,0.0
2026-09-19 01:25:20.717693+00:00,ONDO,400174.0,0.0
2026-09-19 01:25:20.717693+00:00,SYRUP,389990.023568,0.0
2026-09-19 01:25:20.717693+00:00,STRK,362715.46784,0.0
2026-09-19 01:25:20.717693+00:00,W,288900.0,0.0
2026-09-19 01:25:20.717693+00:00,USELESS,275899.0,0.0
2026-09-19 01:25:20.717693+00:00,XLM,193321.0,0.0
2026-09-19 01:25:20.717693+00:00,XMR,161205.769212,0.0
2026-09-19 01:25:20.717693+00:00,CRV,113710.3592,0.0
2026-09-19 01:25:20.717693+00:00,SPX,71882.110176,0.0
2026-09-19 01:25:20.717693+00:00,ZEN,61064.021349,0.0
2026-09-19 01:25:20.717693+00:00,AZTEC,35189.999514,0.0
2026-09-19 01:25:20.717693+00:00,BCH,23606.92944,0.0
2026-09-19 02:25:29.929844+00:00,BTC,146459901.15855697,15964853.0
2026-09-19 02:25:29.929844+00:00,ETH,107581386.362799,9013043.4
2026-09-19 02:25:29.929844+00:00,ZEC,89799693.294236,726154.1499999999
2026-09-19 02:25:29.929844+00:00,HYPE,77876633.36675201,0.0
2026-09-19 02:25:29.929844+00:00,SOL,63369869.65866399,674566.2
2026-09-19 02:25:29.929844+00:00,NEAR,21064430.553381,0.0
2026-09-19 02:25:29.929844+00:00,PUMP,8835318.225334,0.0
2026-09-19 02:25:29.929844+00:00,INJ,8397082.385812,0.0
2026-09-19 02:25:29.929844+00:00,SUI,6180300.266187999,0.0
2026-09-19 02:25:29.929844+00:00,LINK,5780991.2397,0.0
2026-09-19 02:25:29.929844+00:00,CASHCAT,4701081.459272,0.0
2026-09-19 02:25:29.929844+00:00,GRAM,4700239.556,0.0
2026-09-19 02:25:29.929844+00:00,VVV,3681963.633382001,15.3781
2026-09-19 02:25:29.929844+00:00,LIT,3576393.147696,0.0
2026-09-19 02:25:29.929844+00:00,WLD,3508250.220333,0.0
2026-09-19 02:25:29.929844+00:00,TAO,3330080.815056,0.0
2026-09-19 02:25:29.929844+00:00,ENA,3167985.33211,0.0
2026-09-19 02:25:29.929844+00:00,kBONK,2943310.354076,0.0
2026-09-19 02:25:29.929844+00:00,LTC,2716469.088624,0.0
2026-09-19 02:25:29.929844+00:00,kPEPE,2577323.988916,0.0
2026-09-19 02:25:29.929844+00:00,XRP,2546842.5938679995,16.834500000000002
2026-09-19 02:25:29.929844+00:00,AVAX,2465121.40212,0.0
2026-09-19 02:25:29.929844+00:00,FET,2028372.34748,0.0
2026-09-19 02:25:29.929844+00:00,ASTER,2024308.9832,0.0
2026-09-19 02:25:29.929844+00:00,PONS,1348215.542919,659516.8327680001
2026-09-19 02:25:29.929844+00:00,AAVE,2007021.27393,0.0
2026-09-19 02:25:29.929844+00:00,FARTCOIN,1919302.484619,0.0
2026-09-19 02:25:29.929844+00:00,ZRO,1834665.915796,0.0
2026-09-19 02:25:29.929844+00:00,DOGE,1834266.53567,0.0
2026-09-19 02:25:29.929844+00:00,MNT,1732168.6865279998,0.0
2026-09-19 02:25:29.929844+00:00,UNI,1719781.48,0.0
2026-09-19 02:25:29.929844+00:00,ARB,1717398.292106,0.0
2026-09-19 02:25:29.929844+00:00,TRX,1710595.0,0.0
2026-09-19 02:25:29.929844+00:00,XPL,1700714.309694,0.0
2026-09-19 02:25:29.929844+00:00,APEX,1467379.34,0.0
2026-09-19 02:25:29.929844+00:00,IMX,1386822.3208070002,0.0
2026-09-19 02:25:29.929844+00:00,PURR,1363616.313088,0.0
2026-09-19 02:25:29.929844+00:00,WIF,1324519.54,0.0
2026-09-19 02:25:29.929844+00:00,CFX,1318408.196426,0.0
2026-09-19 02:25:29.929844+00:00,GRASS,1110060.0,0.0
2026-09-19 02:25:29.929844+00:00,ADA,1096193.392,0.0
2026-09-19 02:25:29.929844+00:00,ENS,1076216.946842,0.0
2026-09-19 02:25:29.929844+00:00,LINEA,857724.935715,0.0
2026-09-19 02:25:29.929844+00:00,HBAR,854893.9756679999,0.0
2026-09-19 02:25:29.929844+00:00,POPCAT,845395.1359999999,0.0
2026-09-19 02:25:29.929844+00:00,FIL,841260.0,0.0
2026-09-19 02:25:29.929844+00:00,PNUT,502982.72,0.0
2026-09-19 02:25:29.929844+00:00,kSHIB,490306.64,0.0
2026-09-19 02:25:29.929844+00:00,ONDO,400174.0,0.0
2026-09-19 02:25:29.929844+00:00,SYRUP,389990.023568,0.0
2026-09-19 02:25:29.929844+00:00,STRK,362715.46784,0.0
2026-09-19 02:25:29.929844+00:00,W,288900.0,0.0
2026-09-19 02:25:29.929844+00:00,USELESS,275899.0,0.0
2026-09-19 02:25:29.929844+00:00,VIRTUAL,224507.8,0.0
2026-09-19 02:25:29.929844+00:00,XLM,193321.0,0.0
2026-09-19 02:25:29.929844+00:00,XMR,157455.23337899998,0.0
2026-09-19 02:25:29.929844+00:00,CRV,113710.3592,0.0
2026-09-19 02:25:29.929844+00:00,SPX,71882.110176,0.0
2026-09-19 02:25:29.929844+00:00,ZEN,61064.021349,0.0
2026-09-19 02:25:29.929844+00:00,AZTEC,35189.999514,0.0
2026-09-19 02:25:29.929844+00:00,BCH,23606.92944,0.0
2026-09-19 03:25:32.395766+00:00,BTC,147610768.68016598,15171408.0
2026-09-19 03:25:32.395766+00:00,ETH,114429482.362799,5732350.4
2026-09-19 03:25:32.395766+00:00,HYPE,84052368.56675203,0.0
2026-09-19 03:25:32.395766+00:00,ZEC,83238510.348625,726154.1499999999
2026-09-19 03:25:32.395766+00:00,SOL,63163857.458664,674566.2
2026-09-19 03:25:32.395766+00:00,NEAR,21792031.953381,0.0
2026-09-19 03:25:32.395766+00:00,PUMP,8835318.225334,0.0
2026-09-19 03:25:32.395766+00:00,INJ,8397082.385812,0.0
2026-09-19 03:25:32.395766+00:00,SUI,6180300.266187999,0.0
2026-09-19 03:25:32.395766+00:00,LINK,5780991.2397,0.0
2026-09-19 03:25:32.395766+00:00,CASHCAT,4701081.459272001,0.0
2026-09-19 03:25:32.395766+00:00,GRAM,4700239.556,0.0
2026-09-19 03:25:32.395766+00:00,VVV,3827564.433382,15.3781
2026-09-19 03:25:32.395766+00:00,LIT,3762881.707696,0.0
2026-09-19 03:25:32.395766+00:00,WLD,3508250.220333,0.0
2026-09-19 03:25:32.395766+00:00,ENA,3167985.33211,0.0
2026-09-19 03:25:32.395766+00:00,kPEPE,2955723.988916,0.0
2026-09-19 03:25:32.395766+00:00,kBONK,2943310.354076,0.0
2026-09-19 03:25:32.395766+00:00,LTC,2716469.088624,0.0
2026-09-19 03:25:32.395766+00:00,XPL,2562054.837504,0.0
2026-09-19 03:25:32.395766+00:00,XRP,2546842.5938679995,16.834500000000002
2026-09-19 03:25:32.395766+00:00,AVAX,2465121.40212,0.0
2026-09-19 03:25:32.395766+00:00,TAO,2458030.615056,0.0
2026-09-19 03:25:32.395766+00:00,ARB,2150858.292106,0.0
2026-09-19 03:25:32.395766+00:00,FARTCOIN,1919302.484619,174803.43002800003
2026-09-19 03:25:32.395766+00:00,ZRO,2033884.165796,0.0
2026-09-19 03:25:32.395766+00:00,FET,2028372.34748,0.0
2026-09-19 03:25:32.395766+00:00,ASTER,2024308.9832,0.0
2026-09-19 03:25:32.395766+00:00,AAVE,2007021.27393,0.0
2026-09-19 03:25:32.395766+00:00,PONS,1272455.741963,659516.8327680001
2026-09-19 03:25:32.395766+00:00,DOGE,1922532.53567,0.0
2026-09-19 03:25:32.395766+00:00,MNT,1732168.6865279998,0.0
2026-09-19 03:25:32.395766+00:00,TRX,1710595.0,0.0
2026-09-19 03:25:32.395766+00:00,UNI,1546436.68,0.0
2026-09-19 03:25:32.395766+00:00,WIF,1324519.54,156298.822869
2026-09-19 03:25:32.395766+00:00,APEX,1467379.34,0.0
2026-09-19 03:25:32.395766+00:00,IMX,1386822.3208070002,0.0
2026-09-19 03:25:32.395766+00:00,PURR,1363616.313088,0.0
2026-09-19 03:25:32.395766+00:00,CFX,1318408.196426,0.0
2026-09-19 03:25:32.395766+00:00,GRASS,1110060.0,0.0
2026-09-19 03:25:32.395766+00:00,ADA,1096193.392,0.0
2026-09-19 03:25:32.395766+00:00,ENS,1076216.946842,0.0
2026-09-19 03:25:32.395766+00:00,POPCAT,845395.1359999999,113085.162618
2026-09-19 03:25:32.395766+00:00,LINEA,857724.935715,0.0
2026-09-19 03:25:32.395766+00:00,HBAR,854893.9756679999,0.0
2026-09-19 03:25:32.395766+00:00,FIL,841260.0,0.0
2026-09-19 03:25:32.395766+00:00,PNUT,502982.72,0.0
2026-09-19 03:25:32.395766+00:00,kSHIB,490306.64,0.0
2026-09-19 03:25:32.395766+00:00,PENGU,0.0,476352.601088
2026-09-19 03:25:32.395766+00:00,SYRUP,439560.796905,0.0
2026-09-19 03:25:32.395766+00:00,TRUMP,0.0,404619.131511
2026-09-19 03:25:32.395766+00:00,STRK,362715.46784,0.0
2026-09-19 03:25:32.395766+00:00,W,288900.0,0.0
2026-09-19 03:25:32.395766+00:00,USELESS,275899.0,0.0
2026-09-19 03:25:32.395766+00:00,ONDO,240104.4,0.0
2026-09-19 03:25:32.395766+00:00,2Z,0.0,225420.839352
2026-09-19 03:25:32.395766+00:00,XLM,193321.0,0.0
2026-09-19 03:25:32.395766+00:00,EIGEN,190880.0,0.0
2026-09-19 03:25:32.395766+00:00,TIA,163556.0,0.0
2026-09-19 03:25:32.395766+00:00,XMR,157455.23337899998,0.0
2026-09-19 03:25:32.395766+00:00,AZTEC,144327.641954,0.0
2026-09-19 03:25:32.395766+00:00,CRV,113710.3592,0.0
2026-09-19 03:25:32.395766+00:00,AR,73710.0,0.0
2026-09-19 03:25:32.395766+00:00,SPX,71882.110176,0.0
2026-09-19 03:25:32.395766+00:00,ZEN,61064.021349,0.0
2026-09-19 03:25:32.395766+00:00,BCH,23606.92944,0.0
2026-09-19 04:25:35.327527+00:00,ETH,116744741.326891,3965823.4
2026-09-19 04:25:35.327527+00:00,BTC,108336188.68016598,11600905.5
2026-09-19 04:25:35.327527+00:00,HYPE,106647031.086628,0.0
2026-09-19 04:25:35.327527+00:00,ZEC,79498382.742099,726154.1499999999
2026-09-19 04:25:35.327527+00:00,SOL,63163857.45866399,674566.2
2026-09-19 04:25:35.327527+00:00,NEAR,20520273.011851,3.7914
2026-09-19 04:25:35.327527+00:00,PUMP,8845406.918634001,0.0
2026-09-19 04:25:35.327527+00:00,INJ,8397082.385812,0.0
2026-09-19 04:25:35.327527+00:00,LINK,5780991.2397,0.0
2026-09-19 04:25:35.327527+00:00,SUI,5464820.266187999,0.0
2026-09-19 04:25:35.327527+00:00,VVV,5448447.833381999,15.3781
2026-09-19 04:25:35.327527+00:00,CASHCAT,4701081.459272,0.0
2026-09-19 04:25:35.327527+00:00,GRAM,4700239.556,0.0
2026-09-19 04:25:35.327527+00:00,LIT,4183991.087696,0.0
2026-09-19 04:25:35.327527+00:00,WLD,3508250.220333,0.0
2026-09-19 04:25:35.327527+00:00,ENA,3222062.553742,0.0
2026-09-19 04:25:35.327527+00:00,kPEPE,2955723.988916,0.0
2026-09-19 04:25:35.327527+00:00,kBONK,2943310.354076,0.0
2026-09-19 04:25:35.327527+00:00,LTC,2716469.088624,0.0
2026-09-19 04:25:35.327527+00:00,XRP,2546842.5938679995,16.834500000000002
2026-09-19 04:25:35.327527+00:00,AVAX,2465121.40212,0.0
2026-09-19 04:25:35.327527+00:00,TAO,2350878.215056,0.0
2026-09-19 04:25:35.327527+00:00,ARB,2146458.292106,0.0
2026-09-19 04:25:35.327527+00:00,FARTCOIN,1919302.484619,174803.43002800003
2026-09-19 04:25:35.327527+00:00,ZRO,2033884.165796,0.0
2026-09-19 04:25:35.327527+00:00,FET,2028372.34748,0.0
2026-09-19 04:25:35.327527+00:00,ASTER,2024308.9832,0.0
2026-09-19 04:25:35.327527+00:00,AAVE,2007021.27393,0.0
2026-09-19 04:25:35.327527+00:00,DOGE,1922532.53567,0.0
2026-09-19 04:25:35.327527+00:00,PONS,1242455.322255,665305.5277150001
2026-09-19 04:25:35.327527+00:00,MNT,1732168.6865279998,0.0
2026-09-19 04:25:35.327527+00:00,TRX,1710595.0,0.0
2026-09-19 04:25:35.327527+00:00,XPL,1700714.309694,0.0
2026-09-19 04:25:35.327527+00:00,WIF,1324519.54,156298.822869
2026-09-19 04:25:35.327527+00:00,APEX,1467379.34,0.0
2026-09-19 04:25:35.327527+00:00,IMX,1386822.3208070002,0.0
2026-09-19 04:25:35.327527+00:00,PURR,1363616.313088,0.0
2026-09-19 04:25:35.327527+00:00,CFX,1318408.196426,0.0
2026-09-19 04:25:35.327527+00:00,GRASS,1110060.0,0.0
2026-09-19 04:25:35.327527+00:00,ADA,1096193.392,0.0
2026-09-19 04:25:35.327527+00:00,ENS,1076216.946842,0.0
2026-09-19 04:25:35.327527+00:00,POPCAT,845395.1359999999,113085.162618
2026-09-19 04:25:35.327527+00:00,LINEA,857724.935715,0.0
2026-09-19 04:25:35.327527+00:00,HBAR,854893.9756679999,0.0
2026-09-19 04:25:35.327527+00:00,FIL,841260.0,0.0
2026-09-19 04:25:35.327527+00:00,UNI,693250.6799999999,0.0
2026-09-19 04:25:35.327527+00:00,PNUT,502982.72,0.0
2026-09-19 04:25:35.327527+00:00,kSHIB,490306.64,0.0
2026-09-19 04:25:35.327527+00:00,PENGU,0.0,476352.601088
2026-09-19 04:25:35.327527+00:00,SYRUP,448138.48833,0.0
2026-09-19 04:25:35.327527+00:00,TRUMP,0.0,404619.131511
2026-09-19 04:25:35.327527+00:00,STRK,362715.46784,0.0
2026-09-19 04:25:35.327527+00:00,W,288900.0,0.0
2026-09-19 04:25:35.327527+00:00,USELESS,275899.0,0.0
2026-09-19 04:25:35.327527+00:00,ONDO,240104.4,0.0
2026-09-19 04:25:35.327527+00:00,2Z,0.0,225420.839352
2026-09-19 04:25:35.327527+00:00,XLM,193321.0,0.0
2026-09-19 04:25:35.327527+00:00,EIGEN,190880.0,0.0
2026-09-19 04:25:35.327527+00:00,TIA,163556.0,0.0
2026-09-19 04:25:35.327527+00:00,XMR,157455.23337899998,0.0
2026-09-19 04:25:35.327527+00:00,CRV,113710.3592,0.0
2026-09-19 04:25:35.327527+00:00,AR,73710.0,0.0
2026-09-19 04:25:35.327527+00:00,SPX,71882.110176,0.0
2026-09-19 04:25:35.327527+00:00,ZEN,61064.021349,0.0
2026-09-19 04:25:35.327527+00:00,AZTEC,35189.999514,0.0
2026-09-19 04:25:35.327527+00:00,BCH,23606.92944,0.0
2026-09-19 04:25:35.327527+00:00,CHIP,28.179205000000003,0.0
2026-09-19 05:24:08.319977+00:00,BTC,147610768.68016598,11600905.5
2026-09-19 05:24:08.319977+00:00,ETH,116465888.487251,3965823.4
2026-09-19 05:24:08.319977+00:00,HYPE,110615497.815504,0.0
2026-09-19 05:24:08.319977+00:00,SOL,62693814.997564,674566.2
2026-09-19 05:24:08.319977+00:00,ZEC,43688220.592828,1866745.75
2026-09-19 05:24:08.319977+00:00,NEAR,19990750.308451,641816.2914
2026-09-19 05:24:08.319977+00:00,PUMP,8845406.918634001,0.0
2026-09-19 05:24:08.319977+00:00,INJ,8397082.385812,0.0
2026-09-19 05:24:08.319977+00:00,SUI,6180300.266187999,0.0
2026-09-19 05:24:08.319977+00:00,LINK,5780991.2397,0.0
2026-09-19 05:24:08.319977+00:00,VVV,5448447.833381999,15.3781
2026-09-19 05:24:08.319977+00:00,CASHCAT,4701081.459272,0.0
2026-09-19 05:24:08.319977+00:00,GRAM,4700239.556,0.0
2026-09-19 05:24:08.319977+00:00,LIT,3610006.212902,23986.33
2026-09-19 05:24:08.319977+00:00,XRP,2546842.5938679995,991137.0345
2026-09-19 05:24:08.319977+00:00,WLD,3508250.220333,0.0
2026-09-19 05:24:08.319977+00:00,ENA,3057172.256002,0.0
2026-09-19 05:24:08.319977+00:00,kBONK,2943310.354076,0.0
2026-09-19 05:24:08.319977+00:00,LTC,2716469.088624,0.0
2026-09-19 05:24:08.319977+00:00,kPEPE,2577323.988916,0.0
2026-09-19 05:24:08.319977+00:00,AVAX,2465121.40212,0.0
2026-09-19 05:24:08.319977+00:00,TAO,2458030.615056,0.0
2026-09-19 05:24:08.319977+00:00,FARTCOIN,1919302.484619,174803.43002800003
2026-09-19 05:24:08.319977+00:00,FET,2028372.34748,0.0
2026-09-19 05:24:08.319977+00:00,ASTER,2024308.9832,0.0
2026-09-19 05:24:08.319977+00:00,AAVE,2007021.27393,0.0
2026-09-19 05:24:08.319977+00:00,PONS,1242455.322255,665330.805943
2026-09-19 05:24:08.319977+00:00,ZRO,1834665.915796,0.0
2026-09-19 05:24:08.319977+00:00,MNT,1732168.6865279998,0.0
2026-09-19 05:24:08.319977+00:00,ARB,1717398.292106,0.0
2026-09-19 05:24:08.319977+00:00,TRX,1710595.0,0.0
2026-09-19 05:24:08.319977+00:00,XPL,1700714.309694,0.0
2026-09-19 05:24:08.319977+00:00,DOGE,1481602.53567,0.0
2026-09-19 05:24:08.319977+00:00,WIF,1324519.54,156298.822869
2026-09-19 05:24:08.319977+00:00,APEX,1467379.34,0.0
2026-09-19 05:24:08.319977+00:00,IMX,1386822.3208070002,0.0
2026-09-19 05:24:08.319977+00:00,PURR,1363616.313088,0.0
2026-09-19 05:24:08.319977+00:00,CFX,1318408.196426,0.0
2026-09-19 05:24:08.319977+00:00,UNI,1199747.08,0.0
2026-09-19 05:24:08.319977+00:00,GRASS,1110060.0,0.0
2026-09-19 05:24:08.319977+00:00,ADA,1096193.392,0.0
2026-09-19 05:24:08.319977+00:00,ENS,1076216.946842,0.0
2026-09-19 05:24:08.319977+00:00,POPCAT,845395.1359999999,113085.162618
2026-09-19 05:24:08.319977+00:00,LINEA,857724.935715,0.0
2026-09-19 05:24:08.319977+00:00,HBAR,854893.9756679999,0.0
2026-09-19 05:24:08.319977+00:00,FIL,841260.0,0.0
2026-09-19 05:24:08.319977+00:00,PNUT,502982.72,0.0
2026-09-19 05:24:08.319977+00:00,kSHIB,490306.64,0.0
2026-09-19 05:24:08.319977+00:00,PENGU,0.0,476352.601088
2026-09-19 05:24:08.319977+00:00,SYRUP,448138.48833,0.0
2026-09-19 05:24:08.319977+00:00,TRUMP,0.0,404619.131511
2026-09-19 05:24:08.319977+00:00,STRK,362715.46784,0.0
2026-09-19 05:24:08.319977+00:00,W,288900.0,0.0
2026-09-19 05:24:08.319977+00:00,USELESS,275899.0,0.0
2026-09-19 05:24:08.319977+00:00,2Z,0.0,225420.839352
2026-09-19 05:24:08.319977+00:00,XLM,193321.0,0.0
2026-09-19 05:24:08.319977+00:00,XMR,157455.23337899998,0.0
2026-09-19 05:24:08.319977+00:00,CRV,113710.3592,0.0
2026-09-19 05:24:08.319977+00:00,AR,73710.0,0.0
2026-09-19 05:24:08.319977+00:00,SPX,71882.110176,0.0
2026-09-19 05:24:08.319977+00:00,ZEN,61064.021349,0.0
2026-09-19 05:24:08.319977+00:00,AZTEC,35189.999514,0.0
2026-09-19 05:24:08.319977+00:00,BCH,23606.92944,0.0
2026-09-19 05:24:08.319977+00:00,CHIP,28.179205000000003,0.0
2026-09-19 06:30:03.060191+00:00,BTC,147250556.68016598,11600905.5
2026-09-19 06:30:03.060191+00:00,ETH,122338316.326891,3965823.4
2026-09-19 06:30:03.060191+00:00,HYPE,78563785.52678902,0.0
2026-09-19 06:30:03.060191+00:00,SOL,63007342.78453199,674566.2
2026-09-19 06:30:03.060191+00:00,ZEC,57571914.387238,1866745.75
2026-09-19 06:30:03.060191+00:00,NEAR,19363099.092254,641816.2914
2026-09-19 06:30:03.060191+00:00,INJ,8397082.385812,0.0
2026-09-19 06:30:03.060191+00:00,PUMP,8355686.918634001,0.0
2026-09-19 06:30:03.060191+00:00,SUI,6180300.266187999,0.0
2026-09-19 06:30:03.060191+00:00,LINK,5780991.2397,0.0
2026-09-19 06:30:03.060191+00:00,CASHCAT,4701081.459272,0.0
2026-09-19 06:30:03.060191+00:00,GRAM,4700239.556,0.0
2026-09-19 06:30:03.060191+00:00,LIT,3576393.147696,0.0
2026-09-19 06:30:03.060191+00:00,WLD,3508250.220333,0.0
2026-09-19 06:30:03.060191+00:00,ENA,3057172.256002,0.0
2026-09-19 06:30:03.060191+00:00,GRASS,3043957.5,0.0
2026-09-19 06:30:03.060191+00:00,VVV,2951046.9619000005,15.3781
2026-09-19 06:30:03.060191+00:00,kBONK,2943310.354076,0.0
2026-09-19 06:30:03.060191+00:00,LTC,2716469.088624,0.0
2026-09-19 06:30:03.060191+00:00,kPEPE,2577323.988916,0.0
2026-09-19 06:30:03.060191+00:00,XRP,2546842.5938679995,16.834500000000002
2026-09-19 06:30:03.060191+00:00,AERO,2507657.88,0.0
2026-09-19 06:30:03.060191+00:00,AVAX,2465121.40212,0.0
2026-09-19 06:30:03.060191+00:00,TAO,2458030.615056,0.0
2026-09-19 06:30:03.060191+00:00,FET,2028372.34748,0.0
2026-09-19 06:30:03.060191+00:00,ASTER,2024308.9832,0.0
2026-09-19 06:30:03.060191+00:00,AAVE,2007021.27393,0.0
2026-09-19 06:30:03.060191+00:00,FARTCOIN,1919302.484619,0.0
2026-09-19 06:30:03.060191+00:00,PONS,1242455.322255,665330.805943
2026-09-19 06:30:03.060191+00:00,ZRO,1834665.915796,0.0
2026-09-19 06:30:03.060191+00:00,MNT,1732168.6865279998,0.0
2026-09-19 06:30:03.060191+00:00,ARB,1717398.292106,0.0
2026-09-19 06:30:03.060191+00:00,TRX,1710595.0,0.0
2026-09-19 06:30:03.060191+00:00,XPL,1700714.309694,0.0
2026-09-19 06:30:03.060191+00:00,DOGE,1481602.53567,0.0
2026-09-19 06:30:03.060191+00:00,APEX,1467379.34,0.0
2026-09-19 06:30:03.060191+00:00,IMX,1386822.3208070002,0.0
2026-09-19 06:30:03.060191+00:00,PURR,1363616.313088,0.0
2026-09-19 06:30:03.060191+00:00,WIF,1324519.54,0.0
2026-09-19 06:30:03.060191+00:00,CFX,1318408.196426,0.0
2026-09-19 06:30:03.060191+00:00,UNI,1199747.08,0.0
2026-09-19 06:30:03.060191+00:00,ADA,1096193.392,0.0
2026-09-19 06:30:03.060191+00:00,ENS,1076216.946842,0.0
2026-09-19 06:30:03.060191+00:00,LINEA,857724.935715,0.0
2026-09-19 06:30:03.060191+00:00,HBAR,854893.9756679999,0.0
2026-09-19 06:30:03.060191+00:00,POPCAT,845395.1359999999,0.0
2026-09-19 06:30:03.060191+00:00,FIL,841260.0,0.0
2026-09-19 06:30:03.060191+00:00,PNUT,502982.72,0.0
2026-09-19 06:30:03.060191+00:00,kSHIB,490306.64,0.0
2026-09-19 06:30:03.060191+00:00,SYRUP,448138.48833,0.0
2026-09-19 06:30:03.060191+00:00,STRK,362715.46784,0.0
2026-09-19 06:30:03.060191+00:00,W,288900.0,0.0
2026-09-19 06:30:03.060191+00:00,USELESS,275899.0,0.0
2026-09-19 06:30:03.060191+00:00,XLM,193321.0,0.0
2026-09-19 06:30:03.060191+00:00,XMR,157455.23337899998,0.0
2026-09-19 06:30:03.060191+00:00,CRV,113710.3592,0.0
2026-09-19 06:30:03.060191+00:00,SPX,71882.110176,0.0
2026-09-19 06:30:03.060191+00:00,BCH,23606.92944,0.0
2026-09-19 07:24:14.884313+00:00,BTC,150829984.68016598,11600905.5
2026-09-19 07:24:14.884313+00:00,ETH,123210874.09661,3965823.4
2026-09-19 07:24:14.884313+00:00,HYPE,86640258.52678901,0.0
2026-09-19 07:24:14.884313+00:00,ZEC,75824202.417258,726154.1499999999
2026-09-19 07:24:14.884313+00:00,SOL,63007342.78453199,674566.2
2026-09-19 07:24:14.884313+00:00,NEAR,17339137.746504,641816.2914
2026-09-19 07:24:14.884313+00:00,INJ,8397082.385812,0.0
2026-09-19 07:24:14.884313+00:00,PUMP,8355686.918634001,0.0
2026-09-19 07:24:14.884313+00:00,SUI,6180300.266187999,0.0
2026-09-19 07:24:14.884313+00:00,LINK,5780991.2397,0.0
2026-09-19 07:24:14.884313+00:00,CASHCAT,4701081.459272,0.0
2026-09-19 07:24:14.884313+00:00,LIT,3762881.707696,0.0
2026-09-19 07:24:14.884313+00:00,GRAM,3194248.02224,0.0
2026-09-19 07:24:14.884313+00:00,VVV,3096647.7619000003,15.3781
2026-09-19 07:24:14.884313+00:00,ENA,2891083.256002,0.0
2026-09-19 07:24:14.884313+00:00,LTC,2716469.088624,0.0
2026-09-19 07:24:14.884313+00:00,XRP,2546842.5938679995,16.834500000000002
2026-09-19 07:24:14.884313+00:00,AVAX,2465121.40212,0.0
2026-09-19 07:24:14.884313+00:00,TAO,2458030.615056,0.0
2026-09-19 07:24:14.884313+00:00,kBONK,2300246.598336,0.0
2026-09-19 07:24:14.884313+00:00,FARTCOIN,1919302.484619,174803.43002800003
2026-09-19 07:24:14.884313+00:00,ASTER,2024308.9832,0.0
2026-09-19 07:24:14.884313+00:00,AAVE,2007021.27393,0.0
2026-09-19 07:24:14.884313+00:00,PONS,1242455.322255,665330.805943
2026-09-19 07:24:14.884313+00:00,ZRO,1834665.915796,0.0
2026-09-19 07:24:14.884313+00:00,MNT,1732168.6865279998,0.0
2026-09-19 07:24:14.884313+00:00,ARB,1717398.292106,0.0
2026-09-19 07:24:14.884313+00:00,TRX,1710595.0,0.0
2026-09-19 07:24:14.884313+00:00,XPL,1700714.309694,0.0
2026-09-19 07:24:14.884313+00:00,kPEPE,1692222.685774,0.0
2026-09-19 07:24:14.884313+00:00,WLD,1504242.00546,0.0
2026-09-19 07:24:14.884313+00:00,DOGE,1481602.53567,0.0
2026-09-19 07:24:14.884313+00:00,WIF,1324519.54,156298.822869
2026-09-19 07:24:14.884313+00:00,APEX,1467379.34,0.0
2026-09-19 07:24:14.884313+00:00,PURR,1363616.313088,0.0
2026-09-19 07:24:14.884313+00:00,UNI,1199747.08,0.0
2026-09-19 07:24:14.884313+00:00,FET,1145104.85388,0.0
2026-09-19 07:24:14.884313+00:00,GRASS,1110060.0,0.0
2026-09-19 07:24:14.884313+00:00,ADA,1096193.392,0.0
2026-09-19 07:24:14.884313+00:00,ENS,1076216.946842,0.0
2026-09-19 07:24:14.884313+00:00,POPCAT,845395.1359999999,113085.162618
2026-09-19 07:24:14.884313+00:00,LINEA,857724.935715,0.0
2026-09-19 07:24:14.884313+00:00,HBAR,854893.9756679999,0.0
2026-09-19 07:24:14.884313+00:00,FIL,841260.0,0.0
2026-09-19 07:24:14.884313+00:00,IMX,617295.1039999999,0.0
2026-09-19 07:24:14.884313+00:00,CFX,598264.7620420001,0.0
2026-09-19 07:24:14.884313+00:00,TRUMP,0.0,504510.5891
2026-09-19 07:24:14.884313+00:00,PENGU,0.0,476352.601088
2026-09-19 07:24:14.884313+00:00,SYRUP,448138.48833,0.0
2026-09-19 07:24:14.884313+00:00,STRK,362715.46784,0.0
2026-09-19 07:24:14.884313+00:00,W,288900.0,0.0
2026-09-19 07:24:14.884313+00:00,USELESS,275899.0,0.0
2026-09-19 07:24:14.884313+00:00,2Z,0.0,225420.839352
2026-09-19 07:24:14.884313+00:00,XLM,193321.0,0.0
2026-09-19 07:24:14.884313+00:00,XMR,157455.23337899998,0.0
2026-09-19 07:24:14.884313+00:00,CRV,113710.3592,0.0
2026-09-19 07:24:14.884313+00:00,AR,73710.0,0.0
2026-09-19 07:24:14.884313+00:00,SPX,71882.110176,0.0
2026-09-19 07:24:14.884313+00:00,BCH,23606.92944,0.0
2026-09-19 08:26:29.842439+00:00,BTC,118646969.20992398,11600905.5
2026-09-19 08:26:29.842439+00:00,ETH,123788193.080798,3965823.4
2026-09-19 08:26:29.842439+00:00,HYPE,105321829.719789,0.0
2026-09-19 08:26:29.842439+00:00,ZEC,72006368.542099,726154.1499999999
2026-09-19 08:26:29.842439+00:00,SOL,63007342.78453199,674566.2
2026-09-19 08:26:29.842439+00:00,NEAR,17339137.746504,641816.2914
2026-09-19 08:26:29.842439+00:00,INJ,8397082.385812,0.0
2026-09-19 08:26:29.842439+00:00,PUMP,8367007.330184,0.0
2026-09-19 08:26:29.842439+00:00,SUI,6180300.266187999,0.0
2026-09-19 08:26:29.842439+00:00,LINK,5780991.2397,0.0
2026-09-19 08:26:29.842439+00:00,VVV,4930365.3119,15.3781
2026-09-19 08:26:29.842439+00:00,CASHCAT,4701081.459272,0.0
2026-09-19 08:26:29.842439+00:00,LIT,4011138.957696,0.0
2026-09-19 08:26:29.842439+00:00,GRAM,3194248.02224,0.0
2026-09-19 08:26:29.842439+00:00,GRASS,3043957.5,0.0
2026-09-19 08:26:29.842439+00:00,ENA,2896081.297878,0.0
2026-09-19 08:26:29.842439+00:00,LTC,2716469.088624,0.0
2026-09-19 08:26:29.842439+00:00,XRP,2546842.5938679995,16.834500000000002
2026-09-19 08:26:29.842439+00:00,AERO,2507657.88,0.0
2026-09-19 08:26:29.842439+00:00,AVAX,2465121.40212,0.0
2026-09-19 08:26:29.842439+00:00,TAO,2458030.615056,0.0
2026-09-19 08:26:29.842439+00:00,kBONK,2300246.598336,0.0
2026-09-19 08:26:29.842439+00:00,FARTCOIN,1919302.484619,174803.43002800003
2026-09-19 08:26:29.842439+00:00,ASTER,2024308.9832,0.0
2026-09-19 08:26:29.842439+00:00,AAVE,2007021.27393,0.0
2026-09-19 08:26:29.842439+00:00,PONS,1242455.322255,665330.805943
2026-09-19 08:26:29.842439+00:00,ZRO,1834665.915796,0.0
2026-09-19 08:26:29.842439+00:00,MNT,1732168.6865279998,0.0
2026-09-19 08:26:29.842439+00:00,ARB,1717398.292106,0.0
2026-09-19 08:26:29.842439+00:00,TRX,1710595.0,0.0
2026-09-19 08:26:29.842439+00:00,XPL,1700714.309694,0.0
2026-09-19 08:26:29.842439+00:00,kPEPE,1692222.685774,0.0
2026-09-19 08:26:29.842439+00:00,WLD,1504242.00546,0.0
2026-09-19 08:26:29.842439+00:00,DOGE,1481602.53567,0.0
2026-09-19 08:26:29.842439+00:00,WIF,1324519.54,156298.822869
2026-09-19 08:26:29.842439+00:00,APEX,1467379.34,0.0
2026-09-19 08:26:29.842439+00:00,PURR,1363616.313088,0.0
2026-09-19 08:26:29.842439+00:00,UNI,1199747.08,0.0
2026-09-19 08:26:29.842439+00:00,FET,1145104.85388,0.0
2026-09-19 08:26:29.842439+00:00,ADA,1096193.392,0.0
2026-09-19 08:26:29.842439+00:00,ENS,1076216.946842,0.0
2026-09-19 08:26:29.842439+00:00,POPCAT,845395.1359999999,113085.162618
2026-09-19 08:26:29.842439+00:00,LINEA,857724.935715,0.0
2026-09-19 08:26:29.842439+00:00,HBAR,854893.9756679999,0.0
2026-09-19 08:26:29.842439+00:00,FIL,841260.0,0.0
2026-09-19 08:26:29.842439+00:00,IMX,617295.1039999999,0.0
2026-09-19 08:26:29.842439+00:00,CFX,598264.7620420001,0.0
2026-09-19 08:26:29.842439+00:00,TRUMP,0.0,504510.5891
2026-09-19 08:26:29.842439+00:00,PENGU,0.0,476352.601088
2026-09-19 08:26:29.842439+00:00,SYRUP,448138.48833,0.0
2026-09-19 08:26:29.842439+00:00,STRK,362715.46784,0.0
2026-09-19 08:26:29.842439+00:00,W,288900.0,0.0
2026-09-19 08:26:29.842439+00:00,USELESS,275899.0,0.0
2026-09-19 08:26:29.842439+00:00,2Z,0.0,225420.839352
2026-09-19 08:26:29.842439+00:00,XMR,157455.23337899998,0.0
2026-09-19 08:26:29.842439+00:00,CRV,113710.3592,0.0
2026-09-19 08:26:29.842439+00:00,AR,73710.0,0.0
2026-09-19 08:26:29.842439+00:00,SPX,71882.110176,0.0
2026-09-19 08:26:29.842439+00:00,BCH,23606.92944,0.0
2026-09-19 08:26:29.842439+00:00,CHIP,28.179205000000003,0.0
2026-09-19 09:25:11.369495+00:00,BTC,118651037.657885,11600905.5
2026-09-19 09:25:11.369495+00:00,ETH,122575652.351932,3965823.4
2026-09-19 09:25:11.369495+00:00,HYPE,83849776.181649,0.0
2026-09-19 09:25:11.369495+00:00,ZEC,73283379.406288,726154.1499999999
2026-09-19 09:25:11.369495+00:00,SOL,57029802.78453199,674566.2
2026-09-19 09:25:11.369495+00:00,NEAR,17863581.208417,641816.2914
2026-09-19 09:25:11.369495+00:00,PUMP,8856727.330184,0.0
2026-09-19 09:25:11.369495+00:00,INJ,8397082.385812,0.0
2026-09-19 09:25:11.369495+00:00,SUI,6180300.266187999,0.0
2026-09-19 09:25:11.369495+00:00,LINK,5780991.2397,0.0
2026-09-19 09:25:11.369495+00:00,CASHCAT,4701081.459272,0.0
2026-09-19 09:25:11.369495+00:00,VVV,3763968.578082,15.3781
2026-09-19 09:25:11.369495+00:00,LIT,3762881.707696,0.0
2026-09-19 09:25:11.369495+00:00,GRAM,3194248.02224,0.0
2026-09-19 09:25:11.369495+00:00,ENA,3045759.225453,0.0
2026-09-19 09:25:11.369495+00:00,LTC,2716469.088624,0.0
2026-09-19 09:25:11.369495+00:00,XRP,2546842.5938679995,16.834500000000002
2026-09-19 09:25:11.369495+00:00,AVAX,2465121.40212,0.0
2026-09-19 09:25:11.369495+00:00,TAO,2458030.615056,0.0
2026-09-19 09:25:11.369495+00:00,kBONK,2300246.598336,65244.90144
2026-09-19 09:25:11.369495+00:00,FARTCOIN,1919302.484619,174803.43002800003
2026-09-19 09:25:11.369495+00:00,ASTER,2024308.9832,0.0
2026-09-19 09:25:11.369495+00:00,AAVE,2007021.27393,0.0
2026-09-19 09:25:11.369495+00:00,PONS,1242455.322255,665330.805943
2026-09-19 09:25:11.369495+00:00,ZRO,1834665.915796,0.0
2026-09-19 09:25:11.369495+00:00,MNT,1732168.6865279998,0.0
2026-09-19 09:25:11.369495+00:00,ARB,1717398.292106,0.0
2026-09-19 09:25:11.369495+00:00,TRX,1710595.0,0.0
2026-09-19 09:25:11.369495+00:00,XPL,1700714.309694,0.0
2026-09-19 09:25:11.369495+00:00,kPEPE,1692222.685774,0.0
2026-09-19 09:25:11.369495+00:00,WLD,1504242.00546,0.0
2026-09-19 09:25:11.369495+00:00,DOGE,1481602.53567,0.0
2026-09-19 09:25:11.369495+00:00,WIF,1324519.54,156298.822869
2026-09-19 09:25:11.369495+00:00,APEX,1467379.34,0.0
2026-09-19 09:25:11.369495+00:00,PURR,1363616.313088,0.0
2026-09-19 09:25:11.369495+00:00,UNI,1199747.08,0.0
2026-09-19 09:25:11.369495+00:00,FET,1145104.85388,0.0
2026-09-19 09:25:11.369495+00:00,GRASS,1110060.0,0.0
2026-09-19 09:25:11.369495+00:00,ADA,1096193.392,0.0
2026-09-19 09:25:11.369495+00:00,ENS,1076216.946842,0.0
2026-09-19 09:25:11.369495+00:00,POPCAT,845395.1359999999,113085.162618
2026-09-19 09:25:11.369495+00:00,LINEA,857724.935715,0.0
2026-09-19 09:25:11.369495+00:00,HBAR,854893.9756679999,0.0
2026-09-19 09:25:11.369495+00:00,FIL,841260.0,0.0
2026-09-19 09:25:11.369495+00:00,IMX,617295.1039999999,0.0
2026-09-19 09:25:11.369495+00:00,CFX,598264.7620420001,0.0
2026-09-19 09:25:11.369495+00:00,TRUMP,0.0,504510.5891
2026-09-19 09:25:11.369495+00:00,PENGU,0.0,476352.601088
2026-09-19 09:25:11.369495+00:00,SYRUP,448138.48833,0.0
2026-09-19 09:25:11.369495+00:00,STRK,362715.46784,0.0
2026-09-19 09:25:11.369495+00:00,W,288900.0,0.0
2026-09-19 09:25:11.369495+00:00,USELESS,275899.0,0.0
2026-09-19 09:25:11.369495+00:00,2Z,0.0,225420.839352
2026-09-19 09:25:11.369495+00:00,XMR,157455.23337899998,0.0
2026-09-19 09:25:11.369495+00:00,SPX,71882.110176,77799.02183900001
2026-09-19 09:25:11.369495+00:00,MON,0.0,120617.3474
2026-09-19 09:25:11.369495+00:00,CRV,113710.3592,0.0
2026-09-19 09:25:11.369495+00:00,AR,73710.0,0.0
2026-09-19 09:25:11.369495+00:00,FOGO,0.0,72754.83594
2026-09-19 09:25:11.369495+00:00,ZEN,61064.021349,0.0
2026-09-19 09:25:11.369495+00:00,AZTEC,35189.999514,0.0
2026-09-19 09:25:11.369495+00:00,BCH,23606.92944,0.0
2026-09-19 10:24:51.541574+00:00,BTC,150464357.657885,11600905.5
2026-09-19 10:24:51.541574+00:00,ETH,129313461.175734,3965823.4
2026-09-19 10:24:51.541574+00:00,ZEC,72003802.42468101,726154.1499999999
2026-09-19 10:24:51.541574+00:00,HYPE,71499730.49243,0.0
2026-09-19 10:24:51.541574+00:00,SOL,56753737.769532,674566.2
2026-09-19 10:24:51.541574+00:00,NEAR,17365986.543104,641816.2914
2026-09-19 10:24:51.541574+00:00,PUMP,8856727.330184,0.0
2026-09-19 10:24:51.541574+00:00,INJ,8397082.385812,0.0
2026-09-19 10:24:51.541574+00:00,LINK,6922081.2397,0.0
2026-09-19 10:24:51.541574+00:00,SUI,6180300.266187999,0.0
2026-09-19 10:24:51.541574+00:00,ENA,3618727.223838,0.0
2026-09-19 10:24:51.541574+00:00,VVV,3530368.910407,15.3781
2026-09-19 10:24:51.541574+00:00,LIT,3423517.652902,0.0
2026-09-19 10:24:51.541574+00:00,LTC,3360936.070274,0.0
2026-09-19 10:24:51.541574+00:00,GRAM,3194248.02224,0.0
2026-09-19 10:24:51.541574+00:00,CASHCAT,2959586.073698,0.0
2026-09-19 10:24:51.541574+00:00,TAO,2709045.615056,0.0
2026-09-19 10:24:51.541574+00:00,XRP,2546842.5938679995,16.834500000000002
2026-09-19 10:24:51.541574+00:00,AVAX,2465121.40212,0.0
2026-09-19 10:24:51.541574+00:00,kBONK,2300246.598336,0.0
2026-09-19 10:24:51.541574+00:00,ASTER,2024308.9832,0.0
2026-09-19 10:24:51.541574+00:00,AAVE,2007021.27393,0.0
2026-09-19 10:24:51.541574+00:00,FARTCOIN,1919302.484619,0.0
2026-09-19 10:24:51.541574+00:00,PONS,1242455.322255,665330.805943
2026-09-19 10:24:51.541574+00:00,ZRO,1834665.915796,0.0
2026-09-19 10:24:51.541574+00:00,MNT,1732168.6865279998,0.0
2026-09-19 10:24:51.541574+00:00,ARB,1717398.292106,0.0
2026-09-19 10:24:51.541574+00:00,TRX,1710595.0,0.0
2026-09-19 10:24:51.541574+00:00,XPL,1700714.309694,0.0
2026-09-19 10:24:51.541574+00:00,kPEPE,1692222.685774,0.0
2026-09-19 10:24:51.541574+00:00,WLD,1504242.00546,0.0
2026-09-19 10:24:51.541574+00:00,DOGE,1481602.53567,0.0
2026-09-19 10:24:51.541574+00:00,APEX,1467379.34,0.0
2026-09-19 10:24:51.541574+00:00,PURR,1363616.313088,0.0
2026-09-19 10:24:51.541574+00:00,WIF,1324519.54,0.0
2026-09-19 10:24:51.541574+00:00,UNI,1199747.08,0.0
2026-09-19 10:24:51.541574+00:00,FET,1145104.85388,0.0
2026-09-19 10:24:51.541574+00:00,GRASS,1110060.0,0.0
2026-09-19 10:24:51.541574+00:00,ADA,1096193.392,0.0
2026-09-19 10:24:51.541574+00:00,ENS,1076216.946842,0.0
2026-09-19 10:24:51.541574+00:00,LINEA,857724.935715,0.0
2026-09-19 10:24:51.541574+00:00,HBAR,854893.9756679999,0.0
2026-09-19 10:24:51.541574+00:00,POPCAT,845395.1359999999,0.0
2026-09-19 10:24:51.541574+00:00,FIL,841260.0,0.0
2026-09-19 10:24:51.541574+00:00,IMX,617295.1039999999,0.0
2026-09-19 10:24:51.541574+00:00,CFX,598264.7620420001,0.0
2026-09-19 10:24:51.541574+00:00,SYRUP,448138.48833,0.0
2026-09-19 10:24:51.541574+00:00,STRK,362715.46784,0.0
2026-09-19 10:24:51.541574+00:00,BNB,300568.609248,0.0
2026-09-19 10:24:51.541574+00:00,W,288900.0,0.0
2026-09-19 10:24:51.541574+00:00,USELESS,275899.0,0.0
2026-09-19 10:24:51.541574+00:00,XMR,157455.23337899998,0.0
2026-09-19 10:24:51.541574+00:00,CRV,113710.3592,0.0
2026-09-19 10:24:51.541574+00:00,SPX,71882.110176,0.0
2026-09-19 10:24:51.541574+00:00,ZEN,61064.021349,0.0
2026-09-19 10:24:51.541574+00:00,AZTEC,35189.999514,0.0
2026-09-19 10:24:51.541574+00:00,BCH,23606.92944,0.0
2026-09-19 11:23:42.772770+00:00,BTC,118290825.657885,13875034.5
2026-09-19 11:23:42.772770+00:00,ETH,117666131.416574,3965823.4
2026-09-19 11:23:42.772770+00:00,ZEC,85757504.99499002,726154.1499999999
2026-09-19 11:23:42.772770+00:00,HYPE,73172873.197321,0.0
2026-09-19 11:23:42.772770+00:00,SOL,57029802.78453199,674566.2
2026-09-19 11:23:42.772770+00:00,NEAR,19914381.97686,641816.2914
2026-09-19 11:23:42.772770+00:00,INJ,8397082.385812,0.0
2026-09-19 11:23:42.772770+00:00,PUMP,8085208.779464001,0.0
2026-09-19 11:23:42.772770+00:00,SUI,6180300.266187999,0.0
2026-09-19 11:23:42.772770+00:00,LINK,5780991.2397,0.0
2026-09-19 11:23:42.772770+00:00,LIT,5349310.269696,0.0
2026-09-19 11:23:42.772770+00:00,CASHCAT,4701081.459272,0.0
2026-09-19 11:23:42.772770+00:00,GRAM,4700239.556,0.0
2026-09-19 11:23:42.772770+00:00,WLD,3508250.220333,0.0
2026-09-19 11:23:42.772770+00:00,ENA,3036041.595053,0.0
2026-09-19 11:23:42.772770+00:00,kBONK,2943310.354076,0.0
2026-09-19 11:23:42.772770+00:00,LTC,2716469.088624,0.0
2026-09-19 11:23:42.772770+00:00,VVV,2712192.68675,15.3781
2026-09-19 11:23:42.772770+00:00,kPEPE,2577323.988916,0.0
2026-09-19 11:23:42.772770+00:00,XRP,2546842.5938679995,16.834500000000002
2026-09-19 11:23:42.772770+00:00,AVAX,2465121.40212,0.0
2026-09-19 11:23:42.772770+00:00,TAO,2458030.615056,0.0
2026-09-19 11:23:42.772770+00:00,FET,2028372.34748,0.0
2026-09-19 11:23:42.772770+00:00,ASTER,2024308.9832,0.0
2026-09-19 11:23:42.772770+00:00,AAVE,2007021.27393,0.0
2026-09-19 11:23:42.772770+00:00,FARTCOIN,1919302.484619,0.0
2026-09-19 11:23:42.772770+00:00,PONS,1252739.656399,641670.263455
2026-09-19 11:23:42.772770+00:00,ZRO,1834665.915796,0.0
2026-09-19 11:23:42.772770+00:00,MNT,1732168.6865279998,0.0
2026-09-19 11:23:42.772770+00:00,ARB,1717398.292106,0.0
2026-09-19 11:23:42.772770+00:00,TRX,1710595.0,0.0
2026-09-19 11:23:42.772770+00:00,XPL,1700714.309694,0.0
2026-09-19 11:23:42.772770+00:00,DOGE,1481602.53567,0.0
2026-09-19 11:23:42.772770+00:00,APEX,1467379.34,0.0
2026-09-19 11:23:42.772770+00:00,IMX,1386822.3208070002,0.0
2026-09-19 11:23:42.772770+00:00,UNI,1348494.58774,0.0
2026-09-19 11:23:42.772770+00:00,WIF,1324519.54,0.0
2026-09-19 11:23:42.772770+00:00,CFX,1318408.196426,0.0
2026-09-19 11:23:42.772770+00:00,PURR,1236440.0,0.0
2026-09-19 11:23:42.772770+00:00,GRASS,1110060.0,0.0
2026-09-19 11:23:42.772770+00:00,ADA,1096193.392,0.0
2026-09-19 11:23:42.772770+00:00,ENS,1076216.946842,0.0
2026-09-19 11:23:42.772770+00:00,LINEA,857724.935715,0.0
2026-09-19 11:23:42.772770+00:00,HBAR,854893.9756679999,0.0
2026-09-19 11:23:42.772770+00:00,POPCAT,845395.1359999999,0.0
2026-09-19 11:23:42.772770+00:00,FIL,841260.0,0.0
2026-09-19 11:23:42.772770+00:00,PNUT,502982.72,0.0
2026-09-19 11:23:42.772770+00:00,kSHIB,490306.64,0.0
2026-09-19 11:23:42.772770+00:00,SYRUP,448138.48833,0.0
2026-09-19 11:23:42.772770+00:00,STRK,362715.46784,0.0
2026-09-19 11:23:42.772770+00:00,W,288900.0,0.0
2026-09-19 11:23:42.772770+00:00,USELESS,275899.0,0.0
2026-09-19 11:23:42.772770+00:00,XMR,151989.559053,0.0
2026-09-19 11:23:42.772770+00:00,CRV,113710.3592,0.0
2026-09-19 11:23:42.772770+00:00,SPX,71882.110176,0.0
2026-09-19 11:23:42.772770+00:00,BCH,23606.92944,0.0
2026-09-19 12:29:39.932064+00:00,BTC,119528339.657885,8823848.0
2026-09-19 12:29:39.932064+00:00,ETH,126759280.371906,685130.4
2026-09-19 12:29:39.932064+00:00,ZEC,76954866.12841201,726154.1499999999
2026-09-19 12:29:39.932064+00:00,HYPE,61263278.636231,0.0
2026-09-19 12:29:39.932064+00:00,SOL,56753737.769532,674566.2
2026-09-19 12:29:39.932064+00:00,NEAR,18248706.388854,0.0
2026-09-19 12:29:39.932064+00:00,PUMP,9367473.497613,0.0
2026-09-19 12:29:39.932064+00:00,INJ,8397082.385812,0.0
2026-09-19 12:29:39.932064+00:00,LIT,7592150.095641999,0.0
2026-09-19 12:29:39.932064+00:00,SUI,6180300.266187999,0.0
2026-09-19 12:29:39.932064+00:00,LINK,5780991.2397,0.0
2026-09-19 12:29:39.932064+00:00,GRAM,4700239.556,0.0
2026-09-19 12:29:39.932064+00:00,ENA,3885837.410838,0.0
2026-09-19 12:29:39.932064+00:00,TAO,3718500.536642,0.0
2026-09-19 12:29:39.932064+00:00,XRP,3621709.593868,0.0
2026-09-19 12:29:39.932064+00:00,WLD,3508250.220333,0.0
2026-09-19 12:29:39.932064+00:00,GRASS,3043957.5,0.0
2026-09-19 12:29:39.932064+00:00,CASHCAT,2959586.0736980005,0.0
2026-09-19 12:29:39.932064+00:00,kBONK,2943310.354076,0.0
2026-09-19 12:29:39.932064+00:00,LTC,2716469.088624,0.0
2026-09-19 12:29:39.932064+00:00,VVV,2614580.477225,0.0
2026-09-19 12:29:39.932064+00:00,kPEPE,2577323.988916,0.0
2026-09-19 12:29:39.932064+00:00,AERO,2507657.88,0.0
2026-09-19 12:29:39.932064+00:00,AVAX,2465121.40212,0.0
2026-09-19 12:29:39.932064+00:00,FET,2028372.34748,0.0
2026-09-19 12:29:39.932064+00:00,ASTER,2024308.9832,0.0
2026-09-19 12:29:39.932064+00:00,AAVE,2007021.27393,0.0
2026-09-19 12:29:39.932064+00:00,FARTCOIN,1919302.484619,0.0
2026-09-19 12:29:39.932064+00:00,PONS,1252739.656399,641670.263455
2026-09-19 12:29:39.932064+00:00,ZRO,1834665.915796,0.0
2026-09-19 12:29:39.932064+00:00,STRK,1810588.191046,0.0
2026-09-19 12:29:39.932064+00:00,MNT,1732168.6865279998,0.0
2026-09-19 12:29:39.932064+00:00,ARB,1717398.292106,0.0
2026-09-19 12:29:39.932064+00:00,TRX,1710595.0,0.0
2026-09-19 12:29:39.932064+00:00,XPL,1700714.309694,0.0
2026-09-19 12:29:39.932064+00:00,APEX,1467379.34,0.0
2026-09-19 12:29:39.932064+00:00,DOGE,1453622.73567,0.0
2026-09-19 12:29:39.932064+00:00,IMX,1386822.3208070002,0.0
2026-09-19 12:29:39.932064+00:00,PURR,1363616.313088,0.0
2026-09-19 12:29:39.932064+00:00,WIF,1324519.54,0.0
2026-09-19 12:29:39.932064+00:00,CFX,1318408.196426,0.0
2026-09-19 12:29:39.932064+00:00,UNI,1199747.08,0.0
2026-09-19 12:29:39.932064+00:00,ADA,1096193.392,0.0
2026-09-19 12:29:39.932064+00:00,ENS,1076216.946842,0.0
2026-09-19 12:29:39.932064+00:00,LINEA,857724.935715,0.0
2026-09-19 12:29:39.932064+00:00,HBAR,854893.9756679999,0.0
2026-09-19 12:29:39.932064+00:00,POPCAT,845395.1359999999,0.0
2026-09-19 12:29:39.932064+00:00,FIL,841260.0,0.0
2026-09-19 12:29:39.932064+00:00,PNUT,502982.72,0.0
2026-09-19 12:29:39.932064+00:00,kSHIB,490306.64,0.0
2026-09-19 12:29:39.932064+00:00,SYRUP,448138.48833,0.0
2026-09-19 12:29:39.932064+00:00,W,288900.0,0.0
2026-09-19 12:29:39.932064+00:00,USELESS,275899.0,0.0
2026-09-19 12:29:39.932064+00:00,XMR,151185.749595,0.0
2026-09-19 12:29:39.932064+00:00,CRV,113710.3592,0.0
2026-09-19 12:29:39.932064+00:00,SPX,71882.110176,0.0
2026-09-19 12:29:39.932064+00:00,BCH,23606.92944,0.0
2026-09-19 13:24:44.481587+00:00,ETH,129708998.243238,685130.4
2026-09-19 13:24:44.481587+00:00,BTC,120310869.657885,8823848.0
2026-09-19 13:24:44.481587+00:00,ZEC,79965270.57306102,726154.1499999999
2026-09-19 13:24:44.481587+00:00,SOL,56753737.769532,674566.2
2026-09-19 13:24:44.481587+00:00,HYPE,56224054.957675,0.0
2026-09-19 13:24:44.481587+00:00,NEAR,18971360.476269,0.0
2026-09-19 13:24:44.481587+00:00,PUMP,9857193.497613,0.0
2026-09-19 13:24:44.481587+00:00,INJ,8397082.385812,0.0
2026-09-19 13:24:44.481587+00:00,LIT,8202417.606082,0.0
2026-09-19 13:24:44.481587+00:00,SUI,6180300.266187999,0.0
2026-09-19 13:24:44.481587+00:00,LINK,5780991.2397,0.0
2026-09-19 13:24:44.481587+00:00,GRAM,4700239.556,0.0
2026-09-19 13:24:44.481587+00:00,ENA,3885837.410838,0.0
2026-09-19 13:24:44.481587+00:00,TAO,3718500.536642,0.0
2026-09-19 13:24:44.481587+00:00,XRP,3621709.593868,0.0
2026-09-19 13:24:44.481587+00:00,VVV,3534863.950229,0.0
2026-09-19 13:24:44.481587+00:00,WLD,3508250.220333,0.0
2026-09-19 13:24:44.481587+00:00,CASHCAT,2972317.551839,0.0
2026-09-19 13:24:44.481587+00:00,kBONK,2943310.354076,0.0
2026-09-19 13:24:44.481587+00:00,LTC,2716469.088624,0.0
2026-09-19 13:24:44.481587+00:00,kPEPE,2577323.988916,0.0
2026-09-19 13:24:44.481587+00:00,AVAX,2465121.40212,0.0
2026-09-19 13:24:44.481587+00:00,FET,2028372.34748,0.0
2026-09-19 13:24:44.481587+00:00,ASTER,2024308.9832,0.0
2026-09-19 13:24:44.481587+00:00,AAVE,2007021.27393,0.0
2026-09-19 13:24:44.481587+00:00,FARTCOIN,1919302.484619,0.0
2026-09-19 13:24:44.481587+00:00,PONS,1269995.172539,641670.263455
2026-09-19 13:24:44.481587+00:00,ZRO,1834665.915796,0.0
2026-09-19 13:24:44.481587+00:00,STRK,1810588.191046,0.0
2026-09-19 13:24:44.481587+00:00,MNT,1732168.6865279998,0.0
2026-09-19 13:24:44.481587+00:00,ARB,1717398.292106,0.0
2026-09-19 13:24:44.481587+00:00,TRX,1710595.0,0.0
2026-09-19 13:24:44.481587+00:00,XPL,1700714.309694,0.0
2026-09-19 13:24:44.481587+00:00,APEX,1467379.34,0.0
2026-09-19 13:24:44.481587+00:00,DOGE,1453622.73567,0.0
2026-09-19 13:24:44.481587+00:00,IMX,1386822.3208070002,0.0
2026-09-19 13:24:44.481587+00:00,PURR,1363616.313088,0.0
2026-09-19 13:24:44.481587+00:00,WIF,1324519.54,0.0
2026-09-19 13:24:44.481587+00:00,CFX,1318408.196426,0.0
2026-09-19 13:24:44.481587+00:00,UNI,1199747.08,0.0
2026-09-19 13:24:44.481587+00:00,GRASS,1110060.0,0.0
2026-09-19 13:24:44.481587+00:00,ADA,1096193.392,0.0
2026-09-19 13:24:44.481587+00:00,ENS,1076216.946842,0.0
2026-09-19 13:24:44.481587+00:00,LINEA,857724.935715,0.0
2026-09-19 13:24:44.481587+00:00,HBAR,854893.9756679999,0.0
2026-09-19 13:24:44.481587+00:00,POPCAT,845395.1359999999,0.0
2026-09-19 13:24:44.481587+00:00,FIL,841260.0,0.0
2026-09-19 13:24:44.481587+00:00,PNUT,502982.72,0.0
2026-09-19 13:24:44.481587+00:00,kSHIB,490306.64,0.0
2026-09-19 13:24:44.481587+00:00,SYRUP,448138.48833,0.0
2026-09-19 13:24:44.481587+00:00,W,288900.0,0.0
2026-09-19 13:24:44.481587+00:00,USELESS,275899.0,0.0
2026-09-19 13:24:44.481587+00:00,XMR,162764.394195,0.0
2026-09-19 13:24:44.481587+00:00,CRV,113710.3592,0.0
2026-09-19 13:24:44.481587+00:00,SPX,71882.110176,0.0
2026-09-19 13:24:44.481587+00:00,ZEN,61064.021349,0.0
2026-09-19 13:24:44.481587+00:00,AZTEC,44467.20017,0.0
2026-09-19 13:24:44.481587+00:00,BCH,23606.92944,0.0
2026-09-19 14:24:42.583019+00:00,BTC,148520671.657885,8823848.0
2026-09-19 14:24:42.583019+00:00,ETH,126032233.444405,685130.4
2026-09-19 14:24:42.583019+00:00,ZEC,75573261.174353,726154.1499999999
2026-09-19 14:24:42.583019+00:00,SOL,56753737.769532,674566.2
2026-09-19 14:24:42.583019+00:00,HYPE,55348577.83610699,0.0
2026-09-19 14:24:42.583019+00:00,NEAR,18279742.976269,0.0
2026-09-19 14:24:42.583019+00:00,PUMP,9367473.497613,0.0
2026-09-19 14:24:42.583019+00:00,INJ,8397082.385812,0.0
2026-09-19 14:24:42.583019+00:00,LIT,7592150.095641999,0.0
2026-09-19 14:24:42.583019+00:00,LINK,6922081.2397,0.0
2026-09-19 14:24:42.583019+00:00,SUI,6180300.266187999,0.0
2026-09-19 14:24:42.583019+00:00,GRAM,4700239.556,0.0
2026-09-19 14:24:42.583019+00:00,ENA,4602187.030966,0.0
2026-09-19 14:24:42.583019+00:00,XRP,3621709.593868,0.0
2026-09-19 14:24:42.583019+00:00,WLD,3508250.220333,0.0
2026-09-19 14:24:42.583019+00:00,TAO,3467485.536642,0.0
2026-09-19 14:24:42.583019+00:00,LTC,3360936.070274,0.0
2026-09-19 14:24:42.583019+00:00,GRASS,3043957.5,0.0
2026-09-19 14:24:42.583019+00:00,CASHCAT,2978200.0866310005,0.0
2026-09-19 14:24:42.583019+00:00,kBONK,2943310.354076,0.0
2026-09-19 14:24:42.583019+00:00,kPEPE,2577323.988916,0.0
2026-09-19 14:24:42.583019+00:00,VVV,2550984.4619,0.0
2026-09-19 14:24:42.583019+00:00,AERO,2507657.88,0.0
2026-09-19 14:24:42.583019+00:00,AVAX,2465121.40212,0.0
2026-09-19 14:24:42.583019+00:00,FET,2028372.34748,0.0
2026-09-19 14:24:42.583019+00:00,ASTER,2024308.9832,0.0
2026-09-19 14:24:42.583019+00:00,AAVE,2007021.27393,0.0
2026-09-19 14:24:42.583019+00:00,PONS,1277788.176879,641670.263455
2026-09-19 14:24:42.583019+00:00,FARTCOIN,1919302.484619,0.0
2026-09-19 14:24:42.583019+00:00,ZRO,1834665.915796,0.0
2026-09-19 14:24:42.583019+00:00,STRK,1810588.191046,0.0
2026-09-19 14:24:42.583019+00:00,MNT,1732168.6865279998,0.0
2026-09-19 14:24:42.583019+00:00,ARB,1717398.292106,0.0
2026-09-19 14:24:42.583019+00:00,TRX,1710595.0,0.0
2026-09-19 14:24:42.583019+00:00,XPL,1700714.309694,0.0
2026-09-19 14:24:42.583019+00:00,APEX,1467379.34,0.0
2026-09-19 14:24:42.583019+00:00,DOGE,1453622.73567,0.0
2026-09-19 14:24:42.583019+00:00,IMX,1386822.3208070002,0.0
2026-09-19 14:24:42.583019+00:00,PURR,1363616.313088,0.0
2026-09-19 14:24:42.583019+00:00,WIF,1324519.54,0.0
2026-09-19 14:24:42.583019+00:00,CFX,1318408.196426,0.0
2026-09-19 14:24:42.583019+00:00,UNI,1199747.08,0.0
2026-09-19 14:24:42.583019+00:00,ADA,1096193.392,0.0
2026-09-19 14:24:42.583019+00:00,ENS,1076216.946842,0.0
2026-09-19 14:24:42.583019+00:00,LINEA,857724.935715,0.0
2026-09-19 14:24:42.583019+00:00,HBAR,854893.9756679999,0.0
2026-09-19 14:24:42.583019+00:00,POPCAT,845395.1359999999,0.0
2026-09-19 14:24:42.583019+00:00,FIL,841260.0,0.0
2026-09-19 14:24:42.583019+00:00,PNUT,502982.72,0.0
2026-09-19 14:24:42.583019+00:00,kSHIB,490306.64,0.0
2026-09-19 14:24:42.583019+00:00,SYRUP,448138.48833,0.0
2026-09-19 14:24:42.583019+00:00,BNB,300568.609248,0.0
2026-09-19 14:24:42.583019+00:00,W,288900.0,0.0
2026-09-19 14:24:42.583019+00:00,USELESS,275899.0,0.0
2026-09-19 14:24:42.583019+00:00,XMR,169976.59918,0.0
2026-09-19 14:24:42.583019+00:00,CRV,113710.3592,0.0
2026-09-19 14:24:42.583019+00:00,SPX,71882.110176,0.0
2026-09-19 14:24:42.583019+00:00,BCH,23606.92944,0.0
2026-09-19 15:24:29.423103+00:00,BTC,130906691.590733,14450875.0
2026-09-19 15:24:29.423103+00:00,ETH,124126971.148285,5067033.4
2026-09-19 15:24:29.423103+00:00,ZEC,79140130.19754599,726154.1499999999
2026-09-19 15:24:29.423103+00:00,HYPE,74797174.925126,0.0
2026-09-19 15:24:29.423103+00:00,SOL,63007342.78453199,539652.96
2026-09-19 15:24:29.423103+00:00,NEAR,16867902.333919,3.7914
2026-09-19 15:24:29.423103+00:00,PUMP,9367473.497613,0.0
2026-09-19 15:24:29.423103+00:00,INJ,8397082.385812,0.0
2026-09-19 15:24:29.423103+00:00,LIT,8253772.029545999,0.0
2026-09-19 15:24:29.423103+00:00,LINK,6922081.2397,0.0
2026-09-19 15:24:29.423103+00:00,SUI,5464820.266187999,0.0
2026-09-19 15:24:29.423103+00:00,ENA,4747924.475037,0.0
2026-09-19 15:24:29.423103+00:00,TAO,4211620.236641999,0.0
2026-09-19 15:24:29.423103+00:00,XRP,3621709.593868,16.834500000000002
2026-09-19 15:24:29.423103+00:00,LTC,3360936.070274,0.0
2026-09-19 15:24:29.423103+00:00,GRAM,3194248.02224,0.0
2026-09-19 15:24:29.423103+00:00,GRASS,3043957.5,0.0
2026-09-19 15:24:29.423103+00:00,CASHCAT,2839377.94073,0.0
2026-09-19 15:24:29.423103+00:00,VVV,2550984.4619,15.3781
2026-09-19 15:24:29.423103+00:00,AERO,2507657.88,0.0
2026-09-19 15:24:29.423103+00:00,AVAX,2465121.40212,0.0
2026-09-19 15:24:29.423103+00:00,kBONK,2300246.598336,0.0
2026-09-19 15:24:29.423103+00:00,ASTER,2024308.9832,0.0
2026-09-19 15:24:29.423103+00:00,AAVE,2007021.27393,0.0
2026-09-19 15:24:29.423103+00:00,FARTCOIN,1919302.484619,0.0
2026-09-19 15:24:29.423103+00:00,kPEPE,1875006.685774,0.0
2026-09-19 15:24:29.423103+00:00,ZRO,1834665.915796,0.0
2026-09-19 15:24:29.423103+00:00,STRK,1810588.191046,0.0
2026-09-19 15:24:29.423103+00:00,MNT,1732168.6865279998,0.0
2026-09-19 15:24:29.423103+00:00,PONS,1085376.415999,641670.263455
2026-09-19 15:24:29.423103+00:00,ARB,1717398.292106,0.0
2026-09-19 15:24:29.423103+00:00,TRX,1710595.0,0.0
2026-09-19 15:24:29.423103+00:00,XPL,1700714.309694,0.0
2026-09-19 15:24:29.423103+00:00,WLD,1504242.00546,0.0
2026-09-19 15:24:29.423103+00:00,DOGE,1481602.53567,0.0
2026-09-19 15:24:29.423103+00:00,APEX,1467379.34,0.0
2026-09-19 15:24:29.423103+00:00,PURR,1363616.313088,0.0
2026-09-19 15:24:29.423103+00:00,WIF,1324519.54,0.0
2026-09-19 15:24:29.423103+00:00,FET,1145104.85388,0.0
2026-09-19 15:24:29.423103+00:00,ADA,1096193.392,0.0
2026-09-19 15:24:29.423103+00:00,ENS,1076216.946842,0.0
2026-09-19 15:24:29.423103+00:00,LINEA,857724.935715,0.0
2026-09-19 15:24:29.423103+00:00,HBAR,854893.9756679999,0.0
2026-09-19 15:24:29.423103+00:00,POPCAT,845395.1359999999,0.0
2026-09-19 15:24:29.423103+00:00,FIL,841260.0,0.0
2026-09-19 15:24:29.423103+00:00,IMX,617295.1039999999,0.0
2026-09-19 15:24:29.423103+00:00,CFX,598264.7620420001,0.0
2026-09-19 15:24:29.423103+00:00,SYRUP,448138.48833,0.0
2026-09-19 15:24:29.423103+00:00,UNI,346561.08,0.0
2026-09-19 15:24:29.423103+00:00,BNB,300568.609248,0.0
2026-09-19 15:24:29.423103+00:00,W,288900.0,0.0
2026-09-19 15:24:29.423103+00:00,USELESS,275899.0,0.0
2026-09-19 15:24:29.423103+00:00,VIRTUAL,224507.8,0.0
2026-09-19 15:24:29.423103+00:00,CRV,113710.3592,0.0
2026-09-19 15:24:29.423103+00:00,SPX,71882.110176,0.0
2026-09-19 15:24:29.423103+00:00,BCH,23606.92944,0.0
2026-09-19 16:25:18.487711+00:00,BTC,109963973.477021,16725004.0
2026-09-19 16:25:18.487711+00:00,ETH,120959591.243238,5067033.4
2026-09-19 16:25:18.487711+00:00,ZEC,81249106.83282402,726154.1499999999
2026-09-19 16:25:18.487711+00:00,HYPE,69147374.864479,0.0
2026-09-19 16:25:18.487711+00:00,SOL,56265327.787728,382254.18
2026-09-19 16:25:18.487711+00:00,NEAR,17239182.130519,3.7914
2026-09-19 16:25:18.487711+00:00,PUMP,9367473.497613,0.0
2026-09-19 16:25:18.487711+00:00,INJ,8397082.385812,0.0
2026-09-19 16:25:18.487711+00:00,LIT,8202417.606082,0.0
2026-09-19 16:25:18.487711+00:00,LINK,6922081.2397,0.0
2026-09-19 16:25:18.487711+00:00,SUI,5464820.266187999,0.0
2026-09-19 16:25:18.487711+00:00,ENA,5098858.592901999,0.0
2026-09-19 16:25:18.487711+00:00,TAO,3611348.136642,0.0
2026-09-19 16:25:18.487711+00:00,LTC,3360936.070274,0.0
2026-09-19 16:25:18.487711+00:00,GRAM,3194248.02224,0.0
2026-09-19 16:25:18.487711+00:00,GRASS,3043957.5,0.0
2026-09-19 16:25:18.487711+00:00,CASHCAT,2839377.9407300004,0.0
2026-09-19 16:25:18.487711+00:00,VVV,2803947.278747,15.3781
2026-09-19 16:25:18.487711+00:00,XRP,2546842.5938679995,16.834500000000002
2026-09-19 16:25:18.487711+00:00,AERO,2507657.88,0.0
2026-09-19 16:25:18.487711+00:00,AVAX,2465121.40212,0.0
2026-09-19 16:25:18.487711+00:00,kBONK,2300246.598336,0.0
2026-09-19 16:25:18.487711+00:00,ASTER,2024308.9832,0.0
2026-09-19 16:25:18.487711+00:00,AAVE,2007021.27393,0.0
2026-09-19 16:25:18.487711+00:00,FARTCOIN,1919302.484619,0.0
2026-09-19 16:25:18.487711+00:00,ZRO,1834665.915796,0.0
2026-09-19 16:25:18.487711+00:00,STRK,1810588.191046,0.0
2026-09-19 16:25:18.487711+00:00,MNT,1732168.6865279998,0.0
2026-09-19 16:25:18.487711+00:00,ARB,1717398.292106,0.0
2026-09-19 16:25:18.487711+00:00,PONS,1075092.081855,641670.263455
2026-09-19 16:25:18.487711+00:00,TRX,1710595.0,0.0
2026-09-19 16:25:18.487711+00:00,XPL,1700714.309694,0.0
2026-09-19 16:25:18.487711+00:00,kPEPE,1692222.685774,0.0
2026-09-19 16:25:18.487711+00:00,WLD,1504242.00546,0.0
2026-09-19 16:25:18.487711+00:00,APEX,1467379.34,0.0
2026-09-19 16:25:18.487711+00:00,DOGE,1453622.73567,0.0
2026-09-19 16:25:18.487711+00:00,PURR,1363616.313088,0.0
2026-09-19 16:25:18.487711+00:00,WIF,1324519.54,0.0
2026-09-19 16:25:18.487711+00:00,FET,1145104.85388,0.0
2026-09-19 16:25:18.487711+00:00,ADA,1096193.392,0.0
2026-09-19 16:25:18.487711+00:00,ENS,1076216.946842,0.0
2026-09-19 16:25:18.487711+00:00,LINEA,857724.935715,0.0
2026-09-19 16:25:18.487711+00:00,HBAR,854893.9756679999,0.0
2026-09-19 16:25:18.487711+00:00,POPCAT,845395.1359999999,0.0
2026-09-19 16:25:18.487711+00:00,FIL,841260.0,0.0
2026-09-19 16:25:18.487711+00:00,IMX,617295.1039999999,0.0
2026-09-19 16:25:18.487711+00:00,CFX,598264.7620420001,0.0
2026-09-19 16:25:18.487711+00:00,SYRUP,448138.48833,0.0
2026-09-19 16:25:18.487711+00:00,UNI,346561.08,0.0
2026-09-19 16:25:18.487711+00:00,BNB,300568.609248,0.0
2026-09-19 16:25:18.487711+00:00,W,288900.0,0.0
2026-09-19 16:25:18.487711+00:00,USELESS,275899.0,0.0
2026-09-19 16:25:18.487711+00:00,CRV,113710.3592,0.0
2026-09-19 16:25:18.487711+00:00,SPX,71882.110176,0.0
2026-09-19 16:25:18.487711+00:00,BCH,23606.92944,0.0
2026-09-19 19:19:21.761176+00:00,ETH,119173434.087221,5067033.4
2026-09-19 19:19:21.761176+00:00,BTC,107867170.477021,14450875.0
2026-09-19 19:19:21.761176+00:00,HYPE,73365636.65378,0.0
2026-09-19 19:19:21.761176+00:00,ZEC,54389308.75246299,726154.1499999999
2026-09-19 19:19:21.761176+00:00,NEAR,18408580.685269,104461.287175
2026-09-19 19:19:21.761176+00:00,SOL,11812486.697113,269826.48
2026-09-19 19:19:21.761176+00:00,PUMP,9369468.346041,0.0
2026-09-19 19:19:21.761176+00:00,INJ,8397082.385812,0.0
2026-09-19 19:19:21.761176+00:00,LIT,8075189.234751999,0.0
2026-09-19 19:19:21.761176+00:00,LINK,6922081.2397,0.0
2026-09-19 19:19:21.761176+00:00,kPEPE,5722242.358888,0.0
2026-09-19 19:19:21.761176+00:00,ENA,4798368.547462,886890.401183
2026-09-19 19:19:21.761176+00:00,SUI,5464820.266187999,0.0
2026-09-19 19:19:21.761176+00:00,GRAM,4700239.556,0.0
2026-09-19 19:19:21.761176+00:00,WLD,4412522.253517,0.0
2026-09-19 19:19:21.761176+00:00,TAO,4211620.236641999,0.0
2026-09-19 19:19:21.761176+00:00,CASHCAT,2799433.352264,566121.311888
2026-09-19 19:19:21.761176+00:00,LTC,3360936.070274,0.0
2026-09-19 19:19:21.761176+00:00,GRASS,3043957.5,0.0
2026-09-19 19:19:21.761176+00:00,AVAX,2465121.40212,485430.0
2026-09-19 19:19:21.761176+00:00,kBONK,2943310.354076,0.0
2026-09-19 19:19:21.761176+00:00,VVV,2550984.4619,15.3781
2026-09-19 19:19:21.761176+00:00,XRP,2546842.5938679995,16.834500000000002
2026-09-19 19:19:21.761176+00:00,AERO,2507657.88,0.0
2026-09-19 19:19:21.761176+00:00,FET,2028372.34748,0.0
2026-09-19 19:19:21.761176+00:00,ASTER,2024308.9832,0.0
2026-09-19 19:19:21.761176+00:00,AAVE,2007021.27393,0.0
2026-09-19 19:19:21.761176+00:00,FARTCOIN,1919302.484619,0.0
2026-09-19 19:19:21.761176+00:00,PONS,1222050.581855,641670.263455
2026-09-19 19:19:21.761176+00:00,ZRO,1834665.915796,0.0
2026-09-19 19:19:21.761176+00:00,STRK,1810588.191046,0.0
2026-09-19 19:19:21.761176+00:00,FIL,1810081.176204,0.0
2026-09-19 19:19:21.761176+00:00,MNT,1732168.6865279998,0.0
2026-09-19 19:19:21.761176+00:00,ARB,1717398.292106,0.0
2026-09-19 19:19:21.761176+00:00,TRX,1710595.0,0.0
2026-09-19 19:19:21.761176+00:00,XPL,1700714.309694,0.0
2026-09-19 19:19:21.761176+00:00,DOGE,1481602.53567,0.0
2026-09-19 19:19:21.761176+00:00,APEX,1467379.34,0.0
2026-09-19 19:19:21.761176+00:00,IMX,1386822.3208070002,0.0
2026-09-19 19:19:21.761176+00:00,PURR,1363616.313088,0.0
2026-09-19 19:19:21.761176+00:00,WIF,1324519.54,0.0
2026-09-19 19:19:21.761176+00:00,CFX,1318408.196426,0.0
2026-09-19 19:19:21.761176+00:00,ADA,1096193.392,0.0
2026-09-19 19:19:21.761176+00:00,ENS,1076216.946842,0.0
2026-09-19 19:19:21.761176+00:00,LINEA,857724.935715,0.0
2026-09-19 19:19:21.761176+00:00,HBAR,854893.9756679999,0.0
2026-09-19 19:19:21.761176+00:00,POPCAT,845395.1359999999,0.0
2026-09-19 19:19:21.761176+00:00,PNUT,502982.72,0.0
2026-09-19 19:19:21.761176+00:00,kSHIB,490306.64,0.0
2026-09-19 19:19:21.761176+00:00,SYRUP,448138.48833,0.0
2026-09-19 19:19:21.761176+00:00,UNI,346561.08,0.0
2026-09-19 19:19:21.761176+00:00,BNB,300568.609248,0.0
2026-09-19 19:19:21.761176+00:00,W,288900.0,0.0
2026-09-19 19:19:21.761176+00:00,USELESS,275899.0,0.0
2026-09-19 19:19:21.761176+00:00,VIRTUAL,224507.8,0.0
2026-09-19 19:19:21.761176+00:00,MON,118658.616384,0.0
2026-09-19 19:19:21.761176+00:00,CRV,113710.3592,0.0
2026-09-19 19:19:21.761176+00:00,SPX,71882.110176,0.0
2026-09-19 19:19:21.761176+00:00,BCH,23606.92944,0.0
2026-09-19 22:20:06.288121+00:00,BTC,53622882.889888,26027394.900118
2026-09-19 22:20:06.288121+00:00,ETH,74255333.359099,5067033.4
2026-09-19 22:20:06.288121+00:00,HYPE,34803516.85923,1096610.4
2026-09-19 22:20:06.288121+00:00,NEAR,18669948.25524,104461.287175
2026-09-19 22:20:06.288121+00:00,ZEC,17351648.077264,835746.278278
2026-09-19 22:20:06.288121+00:00,INJ,8397082.385812,0.0
2026-09-19 22:20:06.288121+00:00,SOL,7927485.502162,247340.94
2026-09-19 22:20:06.288121+00:00,ENA,5963233.829401999,1152602.756734
2026-09-19 22:20:06.288121+00:00,LINK,6922081.2397,0.0
2026-09-19 22:20:06.288121+00:00,PUMP,6328534.845436001,0.0
2026-09-19 22:20:06.288121+00:00,kPEPE,6144364.755004,0.0
2026-09-19 22:20:06.288121+00:00,SUI,5464820.266187999,0.0
2026-09-19 22:20:06.288121+00:00,LIT,5370129.752935999,0.0
2026-09-19 22:20:06.288121+00:00,GRAM,4972054.156,0.0
2026-09-19 22:20:06.288121+00:00,WLD,4488066.277127,0.0
2026-09-19 22:20:06.288121+00:00,TAO,4371365.922991999,0.0
2026-09-19 22:20:06.288121+00:00,CASHCAT,2064489.7,1338577.6458
2026-09-19 22:20:06.288121+00:00,LTC,3360936.070274,0.0
2026-09-19 22:20:06.288121+00:00,AVAX,2613788.80212,481150.0
2026-09-19 22:20:06.288121+00:00,XRP,2810002.563889,16.834500000000002
2026-09-19 22:20:06.288121+00:00,kBONK,2660110.354076,0.0
2026-09-19 22:20:06.288121+00:00,AAVE,2366108.07393,0.0
2026-09-19 22:20:06.288121+00:00,FET,2028372.34748,0.0
2026-09-19 22:20:06.288121+00:00,ASTER,2024308.9832,0.0
2026-09-19 22:20:06.288121+00:00,XPL,1973856.588584,0.0
2026-09-19 22:20:06.288121+00:00,FARTCOIN,1919302.484619,0.0
2026-09-19 22:20:06.288121+00:00,PONS,1272759.905283,641670.263455
2026-09-19 22:20:06.288121+00:00,FIL,1895937.86644,0.0
2026-09-19 22:20:06.288121+00:00,VVV,1873488.54095,15.3781
2026-09-19 22:20:06.288121+00:00,ZRO,1834665.915796,0.0
2026-09-19 22:20:06.288121+00:00,MNT,1732168.6865279998,0.0
2026-09-19 22:20:06.288121+00:00,ARB,1717398.292106,0.0
2026-09-19 22:20:06.288121+00:00,TRX,1710595.0,0.0
2026-09-19 22:20:06.288121+00:00,DOGE,1481602.53567,0.0
2026-09-19 22:20:06.288121+00:00,APEX,1467379.34,0.0
2026-09-19 22:20:06.288121+00:00,IMX,1386822.3208070002,0.0
2026-09-19 22:20:06.288121+00:00,PURR,1363616.313088,0.0
2026-09-19 22:20:06.288121+00:00,WIF,1324519.54,0.0
2026-09-19 22:20:06.288121+00:00,CFX,1318408.196426,0.0
2026-09-19 22:20:06.288121+00:00,GRASS,1247308.0,0.0
2026-09-19 22:20:06.288121+00:00,ADA,1096193.392,0.0
2026-09-19 22:20:06.288121+00:00,ENS,1076216.946842,0.0
2026-09-19 22:20:06.288121+00:00,LINEA,857724.935715,0.0
2026-09-19 22:20:06.288121+00:00,HBAR,854893.9756679999,0.0
2026-09-19 22:20:06.288121+00:00,POPCAT,845395.1359999999,0.0
2026-09-19 22:20:06.288121+00:00,PNUT,502982.72,0.0
2026-09-19 22:20:06.288121+00:00,kSHIB,490306.64,0.0
2026-09-19 22:20:06.288121+00:00,SYRUP,448138.48833,0.0
2026-09-19 22:20:06.288121+00:00,STRK,433170.287873,0.0
2026-09-19 22:20:06.288121+00:00,UNI,346561.08,0.0
2026-09-19 22:20:06.288121+00:00,BNB,300568.609248,0.0
2026-09-19 22:20:06.288121+00:00,CHIP,294304.737219,0.0
2026-09-19 22:20:06.288121+00:00,W,288900.0,0.0
2026-09-19 22:20:06.288121+00:00,VIRTUAL,279453.4,0.0
2026-09-19 22:20:06.288121+00:00,USELESS,275899.0,0.0
2026-09-19 22:20:06.288121+00:00,SKY,216469.484352,0.0
2026-09-19 22:20:06.288121+00:00,ETHFI,157385.24967000002,0.0
2026-09-19 22:20:06.288121+00:00,CRV,113710.3592,0.0
2026-09-19 22:20:06.288121+00:00,AZTEC,102654.398448,0.0
2026-09-19 22:20:06.288121+00:00,TIA,95262.5,0.0
2026-09-19 22:20:06.288121+00:00,AR,95132.0,0.0
2026-09-19 22:20:06.288121+00:00,SPX,71882.110176,0.0
2026-09-19 22:20:06.288121+00:00,EIGEN,50548.060684,0.0
2026-09-19 22:20:06.288121+00:00,2Z,37855.5,0.0
2026-09-19 22:20:06.288121+00:00,BCH,23606.92944,0.0
2026-09-19 22:20:06.288121+00:00,MET,2480.363844,0.0
2026-09-19 22:20:06.288121+00:00,JTO,1346.4195499999998,0.0
2026-09-20 01:08:09.569731+00:00,ETH,65235547.96137101,685130.4
2026-09-20 01:08:09.569731+00:00,BTC,15009113.560761,11488288.900118
2026-09-20 01:08:09.569731+00:00,NEAR,17200471.845284,104457.495775
2026-09-20 01:08:09.569731+00:00,HYPE,15075366.910246,0.0
2026-09-20 01:08:09.569731+00:00,ZEC,13422298.510847,726154.1499999999
2026-09-20 01:08:09.569731+00:00,ENA,7269451.82983,1152602.756734
2026-09-20 01:08:09.569731+00:00,INJ,8397082.385812,0.0
2026-09-20 01:08:09.569731+00:00,SOL,7690601.587652,247340.94
2026-09-20 01:08:09.569731+00:00,PUMP,6336304.884489002,0.0
2026-09-20 01:08:09.569731+00:00,SUI,5841759.6735,0.0
2026-09-20 01:08:09.569731+00:00,CASHCAT,2268072.0809890004,2121177.354345
2026-09-20 01:08:09.569731+00:00,TAO,4096512.03597,0.0
2026-09-20 01:08:09.569731+00:00,kPEPE,3628865.724086,0.0
2026-09-20 01:08:09.569731+00:00,GRAM,3466062.62224,0.0
2026-09-20 01:08:09.569731+00:00,LIT,3362268.6498259995,0.0
2026-09-20 01:08:09.569731+00:00,LTC,3360936.070274,0.0
2026-09-20 01:08:09.569731+00:00,LINK,3217690.306975,0.0
2026-09-20 01:08:09.569731+00:00,GRASS,3181205.5,0.0
2026-09-20 01:08:09.569731+00:00,FARTCOIN,2953307.679877,0.0
2026-09-20 01:08:09.569731+00:00,XRP,2810002.563889,0.0
2026-09-20 01:08:09.569731+00:00,AERO,2771581.68,0.0
2026-09-20 01:08:09.569731+00:00,AVAX,2589010.90212,0.0
2026-09-20 01:08:09.569731+00:00,AAVE,2366108.07393,0.0
2026-09-20 01:08:09.569731+00:00,ASTER,2024308.9832,0.0
2026-09-20 01:08:09.569731+00:00,kBONK,2017046.598336,0.0
2026-09-20 01:08:09.569731+00:00,XPL,1973856.588584,0.0
2026-09-20 01:08:09.569731+00:00,STRK,1881043.011079,0.0
2026-09-20 01:08:09.569731+00:00,ZRO,1834665.915796,0.0
2026-09-20 01:08:09.569731+00:00,PONS,1112934.187875,641670.263455
2026-09-20 01:08:09.569731+00:00,MNT,1732168.6865279998,0.0
2026-09-20 01:08:09.569731+00:00,ARB,1717398.292106,0.0
2026-09-20 01:08:09.569731+00:00,TRX,1710595.0,0.0
2026-09-20 01:08:09.569731+00:00,WLD,1505230.58841,0.0
2026-09-20 01:08:09.569731+00:00,APEX,1467379.34,0.0
2026-09-20 01:08:09.569731+00:00,DOGE,1453622.73567,0.0
2026-09-20 01:08:09.569731+00:00,WIF,1324519.54,0.0
2026-09-20 01:08:09.569731+00:00,FET,1145104.85388,0.0
2026-09-20 01:08:09.569731+00:00,ADA,1096193.392,0.0
2026-09-20 01:08:09.569731+00:00,ENS,1076216.946842,0.0
2026-09-20 01:08:09.569731+00:00,LINEA,857724.935715,0.0
2026-09-20 01:08:09.569731+00:00,HBAR,854893.9756679999,0.0
2026-09-20 01:08:09.569731+00:00,POPCAT,845395.1359999999,0.0
2026-09-20 01:08:09.569731+00:00,FIL,841260.0,0.0
2026-09-20 01:08:09.569731+00:00,IMX,617295.1039999999,0.0
2026-09-20 01:08:09.569731+00:00,CHIP,609345.4418339999,0.0
2026-09-20 01:08:09.569731+00:00,CFX,598264.7620420001,0.0
2026-09-20 01:08:09.569731+00:00,SYRUP,448138.48833,0.0
2026-09-20 01:08:09.569731+00:00,ETHFI,393853.825619,0.0
2026-09-20 01:08:09.569731+00:00,UNI,346561.08,0.0
2026-09-20 01:08:09.569731+00:00,BNB,321043.978125,0.0
2026-09-20 01:08:09.569731+00:00,W,288900.0,0.0
2026-09-20 01:08:09.569731+00:00,USELESS,275899.0,0.0
2026-09-20 01:08:09.569731+00:00,VVV,267300.0132,0.0
2026-09-20 01:08:09.569731+00:00,SKY,216469.484352,0.0
2026-09-20 01:08:09.569731+00:00,ONDO,181664.104084,0.0
2026-09-20 01:08:09.569731+00:00,JUP,136126.687725,0.0
2026-09-20 01:08:09.569731+00:00,PENDLE,125589.804913,0.0
2026-09-20 01:08:09.569731+00:00,LDO,120065.686398,0.0
2026-09-20 01:08:09.569731+00:00,CRV,113710.3592,0.0
2026-09-20 01:08:09.569731+00:00,AZTEC,102654.398448,0.0
2026-09-20 01:08:09.569731+00:00,TIA,95262.5,0.0
2026-09-20 01:08:09.569731+00:00,AR,95132.0,0.0
2026-09-20 01:08:09.569731+00:00,SPX,71882.110176,0.0
2026-09-20 01:08:09.569731+00:00,VIRTUAL,54945.6,0.0
2026-09-20 01:08:09.569731+00:00,EIGEN,50548.060684,0.0
2026-09-20 01:08:09.569731+00:00,2Z,37855.5,0.0
2026-09-20 01:08:09.569731+00:00,JTO,25418.921574,0.0
2026-09-20 01:08:09.569731+00:00,BCH,23606.92944,0.0
2026-09-20 01:08:09.569731+00:00,MET,2480.363844,0.0
2026-09-20 06:15:26.916960+00:00,BTC,3170434.757108,21570859.244151
2026-09-20 06:15:26.916960+00:00,ZEC,17029415.694631,1424380.719632
2026-09-20 06:15:26.916960+00:00,HYPE,11695261.580368005,1572803.447788
2026-09-20 06:15:26.916960+00:00,ETH,5024790.74376,785088.7682
2026-09-20 06:15:26.916960+00:00,XRP,98290.989776,4787297.431813
2026-09-20 06:15:26.916960+00:00,SOL,4166882.433572,483589.36
2026-09-20 06:15:26.916960+00:00,NEAR,4239246.724155,384884.105355
2026-09-20 06:15:26.916960+00:00,ENA,3443960.841312,1152602.756734
2026-09-20 06:15:26.916960+00:00,CASHCAT,0.0,3272039.429589
2026-09-20 06:15:26.916960+00:00,PUMP,1979356.33557,0.0
2026-09-20 06:15:26.916960+00:00,ARB,1717398.2921059998,0.0
2026-09-20 06:15:26.916960+00:00,kPEPE,1697351.038312,0.0
2026-09-20 06:15:26.916960+00:00,FARTCOIN,1540900.447464,0.0
2026-09-20 06:15:26.916960+00:00,STRK,1447872.723206,0.0
2026-09-20 06:15:26.916960+00:00,LINK,1141090.0,0.0
2026-09-20 06:15:26.916960+00:00,PONS,288780.78787500004,710293.963455
2026-09-20 06:15:26.916960+00:00,VVV,876234.17068,0.0
2026-09-20 06:15:26.916960+00:00,LTC,691177.121402,0.0
2026-09-20 06:15:26.916960+00:00,LIT,394640.736086,100249.829658
2026-09-20 06:15:26.916960+00:00,SYRUP,448138.48833,0.0
2026-09-20 06:15:26.916960+00:00,TAO,278322.894379,0.0
2026-09-20 06:15:26.916960+00:00,WLD,202192.659117,0.0
2026-09-20 06:15:26.916960+00:00,AAVE,175977.03214,0.0
2026-09-20 06:15:26.916960+00:00,CRV,113710.3592,0.0
2026-09-20 06:15:26.916960+00:00,XPL,105460.156417,0.0
2026-09-20 06:15:26.916960+00:00,DOGE,104031.62847,0.0
2026-09-20 06:15:26.916960+00:00,SPX,101881.175025,0.0
2026-09-20 06:15:26.916960+00:00,BCH,23606.92944,0.0
2026-09-20 11:32:22.601873+00:00,BTC,3034035.1835510004,21570859.244151
2026-09-20 11:32:22.601873+00:00,ZEC,17370287.294167995,1542919.984938
2026-09-20 11:32:22.601873+00:00,NEAR,14565954.350635,104457.495775
2026-09-20 11:32:22.601873+00:00,HYPE,7480823.348561,1581857.119388
2026-09-20 11:32:22.601873+00:00,INJ,8397082.385812,0.0
2026-09-20 11:32:22.601873+00:00,SOL,6091235.783572,810041.411452
2026-09-20 11:32:22.601873+00:00,CASHCAT,0.0,5272085.449092
2026-09-20 11:32:22.601873+00:00,ETH,4357932.456678,785088.7682
2026-09-20 11:32:22.601873+00:00,XRP,98290.989776,4787297.431813
2026-09-20 11:32:22.601873+00:00,ENA,2141513.427678,1152602.756734
2026-09-20 11:32:22.601873+00:00,FARTCOIN,1726080.5435650002,0.0
2026-09-20 11:32:22.601873+00:00,ARB,1717398.2921059998,0.0
2026-09-20 11:32:22.601873+00:00,kPEPE,1697351.038312,0.0
2026-09-20 11:32:22.601873+00:00,STRK,1686749.778326,0.0
2026-09-20 11:32:22.601873+00:00,PUMP,1081756.33557,153535.669493
2026-09-20 11:32:22.601873+00:00,VVV,1076122.938375,0.0
2026-09-20 11:32:22.601873+00:00,PONS,172405.387875,696569.223455
2026-09-20 11:32:22.601873+00:00,AAVE,535063.83214,0.0
2026-09-20 11:32:22.601873+00:00,LIT,394640.736086,100249.829658
2026-09-20 11:32:22.601873+00:00,SYRUP,448138.48833,0.0
2026-09-20 11:32:22.601873+00:00,XPL,286459.435307,0.0
2026-09-20 11:32:22.601873+00:00,GRAM,269809.967325,0.0
2026-09-20 11:32:22.601873+00:00,SKY,216469.484352,0.0
2026-09-20 11:32:22.601873+00:00,WLD,202192.659117,0.0
2026-09-20 11:32:22.601873+00:00,JUP,140201.33307,0.0
2026-09-20 11:32:22.601873+00:00,GRASS,137248.0,0.0
2026-09-20 11:32:22.601873+00:00,SPX,122027.431785,0.0
2026-09-20 11:32:22.601873+00:00,TAO,118577.208029,0.0
2026-09-20 11:32:22.601873+00:00,CRV,113710.3592,0.0
2026-09-20 11:32:22.601873+00:00,ONDO,110047.178208,0.0
2026-09-20 11:32:22.601873+00:00,DOGE,104031.62847,0.0
2026-09-20 11:32:22.601873+00:00,AZTEC,102654.398448,0.0
2026-09-20 11:32:22.601873+00:00,TIA,94378.425895,0.0
2026-09-20 11:32:22.601873+00:00,AR,94328.039468,0.0
2026-09-20 11:32:22.601873+00:00,ETHFI,59718.00000000001,0.0
2026-09-20 11:32:22.601873+00:00,VIRTUAL,54945.6,0.0
2026-09-20 11:32:22.601873+00:00,EIGEN,50548.060684,0.0
2026-09-20 11:32:22.601873+00:00,LTC,46710.139752,0.0
2026-09-20 11:32:22.601873+00:00,2Z,37855.5,0.0
2026-09-20 11:32:22.601873+00:00,CHIP,36057.874544,0.0
2026-09-20 11:32:22.601873+00:00,BCH,23606.92944,0.0
2026-09-20 16:05:24.551059+00:00,ETH,37682410.394032,1114503.21644
2026-09-20 16:05:24.551059+00:00,BTC,11455778.264551,20046973.870157
2026-09-20 16:05:24.551059+00:00,ZEC,26074431.461284,1129685.519632
2026-09-20 16:05:24.551059+00:00,NEAR,19886219.785924003,104457.495775
2026-09-20 16:05:24.551059+00:00,HYPE,8401958.959573999,1581857.119388
2026-09-20 16:05:24.551059+00:00,INJ,8397082.385812,0.0
2026-09-20 16:05:24.551059+00:00,CASHCAT,0.0,7481856.685437
2026-09-20 16:05:24.551059+00:00,SOL,5824426.161882,404859.92
2026-09-20 16:05:24.551059+00:00,XRP,98290.989776,4899002.0895
2026-09-20 16:05:24.551059+00:00,ENA,2172691.427678,1152602.756734
2026-09-20 16:05:24.551059+00:00,kPEPE,2582452.341454,0.0
2026-09-20 16:05:24.551059+00:00,WLD,2004008.214873,0.0
2026-09-20 16:05:24.551059+00:00,VVV,1826524.583184,0.0
2026-09-20 16:05:24.551059+00:00,FARTCOIN,1726080.5435650002,0.0
2026-09-20 16:05:24.551059+00:00,ARB,1717398.2921059998,0.0
2026-09-20 16:05:24.551059+00:00,STRK,1616724.048422,0.0
2026-09-20 16:05:24.551059+00:00,GRAM,1556032.456908,0.0
2026-09-20 16:05:24.551059+00:00,PUMP,1081756.33557,0.0
2026-09-20 16:05:24.551059+00:00,FET,883267.4935999999,0.0
2026-09-20 16:05:24.551059+00:00,PONS,172405.387875,696569.223455
2026-09-20 16:05:24.551059+00:00,IMX,769527.2168070001,0.0
2026-09-20 16:05:24.551059+00:00,CFX,720143.4343839999,0.0
2026-09-20 16:05:24.551059+00:00,kBONK,643063.75574,0.0
2026-09-20 16:05:24.551059+00:00,PNUT,502982.72,0.0
2026-09-20 16:05:24.551059+00:00,LIT,394640.736086,100249.829658
2026-09-20 16:05:24.551059+00:00,kSHIB,490306.64,0.0
2026-09-20 16:05:24.551059+00:00,SYRUP,448138.48833,0.0
2026-09-20 16:05:24.551059+00:00,JUP,340362.928375,0.0
2026-09-20 16:05:24.551059+00:00,XPL,242819.656417,0.0
2026-09-20 16:05:24.551059+00:00,AAVE,216034.580804,0.0
2026-09-20 16:05:24.551059+00:00,AVAX,152153.442,0.0
2026-09-20 16:05:24.551059+00:00,SPX,122027.431785,0.0
2026-09-20 16:05:24.551059+00:00,DOGE,119038.843312,0.0
2026-09-20 16:05:24.551059+00:00,CRV,113710.3592,0.0
2026-09-20 16:05:24.551059+00:00,ONDO,110047.178208,0.0
2026-09-20 16:05:24.551059+00:00,DASH,100106.063778,0.0
2026-09-20 16:05:24.551059+00:00,LTC,46710.139752,0.0
2026-09-20 16:05:24.551059+00:00,ETHFI,24283.985603000005,0.0
2026-09-20 16:05:24.551059+00:00,BCH,23606.92944,0.0
2026-09-20 16:05:24.551059+00:00,TAO,11962.804156,0.0
2026-09-20 18:47:25.677103+00:00,ETH,64512942.964537,8731689.0
2026-09-20 18:47:25.677103+00:00,ZEC,51993411.62011,0.0
2026-09-20 18:47:25.677103+00:00,BTC,16801055.463983998,20529206.856378
2026-09-20 18:47:25.677103+00:00,HYPE,31069923.188092,0.0
2026-09-20 18:47:25.677103+00:00,NEAR,23576260.800956,104461.287175
2026-09-20 18:47:25.677103+00:00,SOL,9764754.003672,0.0
2026-09-20 18:47:25.677103+00:00,INJ,8397082.385812,0.0
2026-09-20 18:47:25.677103+00:00,CASHCAT,0.0,7481856.685437
2026-09-20 18:47:25.677103+00:00,ENA,6031619.12458,1152602.756734
2026-09-20 18:47:25.677103+00:00,SUI,6698263.243608001,0.0
2026-09-20 18:47:25.677103+00:00,VVV,2875111.221265,15.3781
2026-09-20 18:47:25.677103+00:00,WLD,2004008.214873,0.0
2026-09-20 18:47:25.677103+00:00,ARB,1957624.95169,0.0
2026-09-20 18:47:25.677103+00:00,FARTCOIN,1726080.5435650002,0.0
2026-09-20 18:47:25.677103+00:00,STRK,1616724.048422,0.0
2026-09-20 18:47:25.677103+00:00,PUMP,1584013.436333,0.0
2026-09-20 18:47:25.677103+00:00,GRAM,1556034.0391479998,0.0
2026-09-20 18:47:25.677103+00:00,LINK,1141096.823794,0.0
2026-09-20 18:47:25.677103+00:00,LIT,1023970.606086,0.0
2026-09-20 18:47:25.677103+00:00,kPEPE,885101.303142,0.0
2026-09-20 18:47:25.677103+00:00,FET,883267.4935999999,0.0
2026-09-20 18:47:25.677103+00:00,UNI,865467.75,0.0
2026-09-20 18:47:25.677103+00:00,PONS,172405.387875,641670.263455
2026-09-20 18:47:25.677103+00:00,IMX,769527.2168070001,0.0
2026-09-20 18:47:25.677103+00:00,LTC,731192.2855379999,0.0
2026-09-20 18:47:25.677103+00:00,CFX,720143.4343839999,0.0
2026-09-20 18:47:25.677103+00:00,kBONK,643063.75574,0.0
2026-09-20 18:47:25.677103+00:00,TAO,520590.02918,0.0
2026-09-20 18:47:25.677103+00:00,PNUT,502982.72,0.0
2026-09-20 18:47:25.677103+00:00,kSHIB,490306.64,0.0
2026-09-20 18:47:25.677103+00:00,SYRUP,448138.48833,0.0
2026-09-20 18:47:25.677103+00:00,JUP,340362.928375,0.0
2026-09-20 18:47:25.677103+00:00,AAVE,216051.086594,0.0
2026-09-20 18:47:25.677103+00:00,SPX,122027.431785,0.0
2026-09-20 18:47:25.677103+00:00,DOGE,119038.843312,0.0
2026-09-20 18:47:25.677103+00:00,CRV,113710.3592,0.0
2026-09-20 18:47:25.677103+00:00,ONDO,110047.178208,0.0
2026-09-20 18:47:25.677103+00:00,DASH,100106.063778,0.0
2026-09-20 18:47:25.677103+00:00,XRP,98290.989776,16.834500000000002
2026-09-20 18:47:25.677103+00:00,ZEN,61064.021349,0.0
2026-09-20 18:47:25.677103+00:00,AZTEC,44812.570806,0.0
2026-09-20 18:47:25.677103+00:00,BCH,23606.92944,0.0
2026-09-20 21:32:57.147938+00:00,ETH,69029674.784121,8731689.0
2026-09-20 21:32:57.147938+00:00,ZEC,67772426.416809,4513712.399999999
2026-09-20 21:32:57.147938+00:00,HYPE,51036791.850324,0.0
2026-09-20 21:32:57.147938+00:00,BTC,22958212.582863,22803335.856378
2026-09-20 21:32:57.147938+00:00,NEAR,28457371.130376004,148811.55969300002
2026-09-20 21:32:57.147938+00:00,SOL,18885612.690634,0.0
2026-09-20 21:32:57.147938+00:00,CASHCAT,3904651.578184,7481856.685437
2026-09-20 21:32:57.147938+00:00,PUMP,8991260.895109002,0.0
2026-09-20 21:32:57.147938+00:00,VVV,8563416.517022,15.3781
2026-09-20 21:32:57.147938+00:00,INJ,8397082.385812,0.0
2026-09-20 21:32:57.147938+00:00,SUI,7711623.509796001,0.0
2026-09-20 21:32:57.147938+00:00,ENA,5546348.71471,1152602.756734
2026-09-20 21:32:57.147938+00:00,LINK,5780991.2397,0.0
2026-09-20 21:32:57.147938+00:00,GRAM,4700239.556,0.0
2026-09-20 21:32:57.147938+00:00,WLD,3687633.662578,0.0
2026-09-20 21:32:57.147938+00:00,FARTCOIN,3595317.560004,0.0
2026-09-20 21:32:57.147938+00:00,ZRO,3251775.182922,0.0
2026-09-20 21:32:57.147938+00:00,LTC,2716469.088624,0.0
2026-09-20 21:32:57.147938+00:00,kBONK,2660110.354076,0.0
2026-09-20 21:32:57.147938+00:00,kPEPE,2577323.988916,0.0
2026-09-20 21:32:57.147938+00:00,XRP,2546842.5938679995,16.834500000000002
2026-09-20 21:32:57.147938+00:00,AVAX,2465121.40212,0.0
2026-09-20 21:32:57.147938+00:00,LIT,2388541.306086,0.0
2026-09-20 21:32:57.147938+00:00,TAO,2350878.215056,0.0
2026-09-20 21:32:57.147938+00:00,AAVE,2047078.822594,0.0
2026-09-20 21:32:57.147938+00:00,FET,2028372.34748,0.0
2026-09-20 21:32:57.147938+00:00,ASTER,2024308.9832,0.0
2026-09-20 21:32:57.147938+00:00,ARB,1957624.95169,0.0
2026-09-20 21:32:57.147938+00:00,XPL,1863586.797438,0.0
2026-09-20 21:32:57.147938+00:00,STRK,1810588.191046,0.0
2026-09-20 21:32:57.147938+00:00,MNT,1732168.6865279998,0.0
2026-09-20 21:32:57.147938+00:00,TRX,1710595.0,0.0
2026-09-20 21:32:57.147938+00:00,PONS,923913.065979,641670.263455
2026-09-20 21:32:57.147938+00:00,DOGE,1468629.950512,0.0
2026-09-20 21:32:57.147938+00:00,APEX,1467379.34,0.0
2026-09-20 21:32:57.147938+00:00,IMX,1386822.3208070002,0.0
2026-09-20 21:32:57.147938+00:00,WIF,1324519.54,0.0
2026-09-20 21:32:57.147938+00:00,CFX,1318408.196426,0.0
2026-09-20 21:32:57.147938+00:00,GRASS,1110060.0,0.0
2026-09-20 21:32:57.147938+00:00,ADA,1096193.392,0.0
2026-09-20 21:32:57.147938+00:00,ENS,1076216.946842,0.0
2026-09-20 21:32:57.147938+00:00,LINEA,857724.935715,0.0
2026-09-20 21:32:57.147938+00:00,HBAR,854893.9756679999,0.0
2026-09-20 21:32:57.147938+00:00,POPCAT,845395.1359999999,0.0
2026-09-20 21:32:57.147938+00:00,FIL,841260.0,0.0
2026-09-20 21:32:57.147938+00:00,UNI,696396.0,0.0
2026-09-20 21:32:57.147938+00:00,PNUT,502982.72,0.0
2026-09-20 21:32:57.147938+00:00,kSHIB,490306.64,0.0
2026-09-20 21:32:57.147938+00:00,SYRUP,448138.48833,0.0
2026-09-20 21:32:57.147938+00:00,CHIP,430927.70678,0.0
2026-09-20 21:32:57.147938+00:00,W,288900.0,0.0
2026-09-20 21:32:57.147938+00:00,USELESS,275899.0,0.0
2026-09-20 21:32:57.147938+00:00,JUP,200161.595305,0.0
2026-09-20 21:32:57.147938+00:00,SPX,122027.431785,0.0
2026-09-20 21:32:57.147938+00:00,CRV,113710.3592,0.0
2026-09-20 21:32:57.147938+00:00,ZEN,61064.021349,0.0
2026-09-20 21:32:57.147938+00:00,AZTEC,44812.570806,0.0
2026-09-20 21:32:57.147938+00:00,ONDO,44416.34472,0.0
2026-09-20 21:32:57.147938+00:00,BCH,23606.92944,0.0
2026-09-20 21:32:57.147938+00:00,ETHFI,448.84422,0.0
2026-09-21 00:16:20.972871+00:00,ETH,114279669.374033,8579263.490027
2026-09-21 00:16:20.972871+00:00,HYPE,114503358.57714802,0.0
2026-09-21 00:16:20.972871+00:00,ZEC,79363032.904228,551027.755332
2026-09-21 00:16:20.972871+00:00,BTC,36888644.887863,22943993.672384
2026-09-21 00:16:20.972871+00:00,NEAR,27931028.546527,104461.287175
2026-09-21 00:16:20.972871+00:00,LIT,17106037.114324998,132787.100627
2026-09-21 00:16:20.972871+00:00,SOL,14443802.724099,553205.657065
2026-09-21 00:16:20.972871+00:00,CASHCAT,4403964.078184,7481856.685437
2026-09-21 00:16:20.972871+00:00,VVV,9616180.483138,15.3781
2026-09-21 00:16:20.972871+00:00,PUMP,8670754.086255,0.0
2026-09-21 00:16:20.972871+00:00,INJ,8397082.385812,125443.125054
2026-09-21 00:16:20.972871+00:00,SUI,7711623.509796001,22999.529641
2026-09-21 00:16:20.972871+00:00,ENA,5203942.71471,1205952.860389
2026-09-21 00:16:20.972871+00:00,LINK,5780991.2397,0.0
2026-09-21 00:16:20.972871+00:00,GRAM,5039610.165108,0.0
2026-09-21 00:16:20.972871+00:00,WLD,3687633.662578,0.0
2026-09-21 00:16:20.972871+00:00,FARTCOIN,3595317.560004,0.0
2026-09-21 00:16:20.972871+00:00,ZRO,3251775.182922,0.0
2026-09-21 00:16:20.972871+00:00,PONS,2211873.4533630004,730497.113455
2026-09-21 00:16:20.972871+00:00,XRP,2546842.5938679995,212274.856392
2026-09-21 00:16:20.972871+00:00,LTC,2716469.088624,0.0
2026-09-21 00:16:20.972871+00:00,kBONK,2660110.354076,0.0
2026-09-21 00:16:20.972871+00:00,kPEPE,2641217.980291,0.0
2026-09-21 00:16:20.972871+00:00,TAO,2619451.557406,0.0
2026-09-21 00:16:20.972871+00:00,AVAX,2465121.40212,0.0
2026-09-21 00:16:20.972871+00:00,ASTER,2024308.9832,61722.250891
2026-09-21 00:16:20.972871+00:00,ARB,1957624.95169,111092.018961
2026-09-21 00:16:20.972871+00:00,AAVE,2047078.822594,0.0
2026-09-21 00:16:20.972871+00:00,FET,2028372.34748,0.0
2026-09-21 00:16:20.972871+00:00,XPL,1899495.775778,0.0
2026-09-21 00:16:20.972871+00:00,STRK,1810588.191046,0.0
2026-09-21 00:16:20.972871+00:00,MNT,1732168.6865279998,0.0
2026-09-21 00:16:20.972871+00:00,TRX,1710595.0,0.0
2026-09-21 00:16:20.972871+00:00,DOGE,1468629.950512,0.0
2026-09-21 00:16:20.972871+00:00,APEX,1467379.34,0.0
2026-09-21 00:16:20.972871+00:00,IMX,1386822.3208070002,0.0
2026-09-21 00:16:20.972871+00:00,WIF,1324519.54,4999.91821
2026-09-21 00:16:20.972871+00:00,CFX,1318408.196426,0.0
2026-09-21 00:16:20.972871+00:00,PURR,1236440.0,0.0
2026-09-21 00:16:20.972871+00:00,GRASS,1110060.0,0.0
2026-09-21 00:16:20.972871+00:00,ADA,1096193.392,0.0
2026-09-21 00:16:20.972871+00:00,ENS,1076216.946842,7999.982083999999
2026-09-21 00:16:20.972871+00:00,LINEA,857724.935715,0.0
2026-09-21 00:16:20.972871+00:00,HBAR,854893.9756679999,0.0
2026-09-21 00:16:20.972871+00:00,UNI,696396.0,152885.52948199998
2026-09-21 00:16:20.972871+00:00,POPCAT,845395.1359999999,0.0
2026-09-21 00:16:20.972871+00:00,FIL,841260.0,0.0
2026-09-21 00:16:20.972871+00:00,PNUT,502982.72,0.0
2026-09-21 00:16:20.972871+00:00,kSHIB,490306.64,0.0
2026-09-21 00:16:20.972871+00:00,SYRUP,448138.48833,0.0
2026-09-21 00:16:20.972871+00:00,CHIP,430927.70678,0.0
2026-09-21 00:16:20.972871+00:00,W,288900.0,0.0
2026-09-21 00:16:20.972871+00:00,USELESS,275899.0,0.0
2026-09-21 00:16:20.972871+00:00,JUP,200161.595305,0.0
2026-09-21 00:16:20.972871+00:00,SPX,122027.431785,56880.58089599999
2026-09-21 00:16:20.972871+00:00,CRV,113710.3592,35999.754928
2026-09-21 00:16:20.972871+00:00,TRUMP,0.0,80542.96977899999
2026-09-21 00:16:20.972871+00:00,ZEN,61064.021349,7999.98576
2026-09-21 00:16:20.972871+00:00,ONDO,44416.34472,23999.48512
2026-09-21 00:16:20.972871+00:00,PAXG,49998.834,0.0
2026-09-21 00:16:20.972871+00:00,AZTEC,44812.570806,0.0
2026-09-21 00:16:20.972871+00:00,OP,0.0,24999.995664
2026-09-21 00:16:20.972871+00:00,BCH,23606.92944,0.0
2026-09-21 00:16:20.972871+00:00,RESOLV,21439.072137,0.0
2026-09-21 00:16:20.972871+00:00,DASH,0.0,11999.592319999998
2026-09-21 00:16:20.972871+00:00,XLM,5569.129239,0.0
2026-09-21 00:16:20.972871+00:00,PEOPLE,0.0,2999.988396
2026-09-21 06:20:29.857129+00:00,ETH,106525869.572737,994539.0
2026-09-21 06:20:29.857129+00:00,HYPE,78703810.52173501,0.0
2026-09-21 06:20:29.857129+00:00,ZEC,75372652.45157199,0.0
2026-09-21 06:20:29.857129+00:00,SOL,61535810.86833099,0.0
2026-09-21 06:20:29.857129+00:00,BTC,38135400.839341,12720604.0
2026-09-21 06:20:29.857129+00:00,NEAR,30166840.566090003,148807.768293
2026-09-21 06:20:29.857129+00:00,LIT,21356161.753881,0.0
2026-09-21 06:20:29.857129+00:00,PUMP,15320838.482008,0.0
2026-09-21 06:20:29.857129+00:00,CASHCAT,4707305.257403,7481856.685437
2026-09-21 06:20:29.857129+00:00,INJ,8397082.385812,0.0
2026-09-21 06:20:29.857129+00:00,SUI,7711623.509796001,0.0
2026-09-21 06:20:29.857129+00:00,ENA,6036146.380179999,1152602.756734
2026-09-21 06:20:29.857129+00:00,VVV,6689280.009668,0.0
2026-09-21 06:20:29.857129+00:00,LINK,5780991.2397,0.0
2026-09-21 06:20:29.857129+00:00,GRAM,4700239.556,0.0
2026-09-21 06:20:29.857129+00:00,WLD,3687633.662578,0.0
2026-09-21 06:20:29.857129+00:00,PONS,2720646.966364,641670.263455
2026-09-21 06:20:29.857129+00:00,TAO,3360333.136642,0.0
2026-09-21 06:20:29.857129+00:00,XPL,3345396.628398,0.0
2026-09-21 06:20:29.857129+00:00,ZRO,3251775.182922,0.0
2026-09-21 06:20:29.857129+00:00,XRP,2879368.923529,0.0
2026-09-21 06:20:29.857129+00:00,LTC,2716469.088624,0.0
2026-09-21 06:20:29.857129+00:00,kBONK,2660110.354076,0.0
2026-09-21 06:20:29.857129+00:00,kPEPE,2577323.988916,0.0
2026-09-21 06:20:29.857129+00:00,AVAX,2465121.40212,0.0
2026-09-21 06:20:29.857129+00:00,ARB,2372177.65363,0.0
2026-09-21 06:20:29.857129+00:00,FET,2028372.34748,0.0
2026-09-21 06:20:29.857129+00:00,ASTER,2024308.9832,0.0
2026-09-21 06:20:29.857129+00:00,FARTCOIN,1919302.484619,0.0
2026-09-21 06:20:29.857129+00:00,AAVE,1831044.24179,0.0
2026-09-21 06:20:29.857129+00:00,MNT,1732168.6865279998,0.0
2026-09-21 06:20:29.857129+00:00,TRX,1710595.0,0.0
2026-09-21 06:20:29.857129+00:00,APEX,1467379.34,0.0
2026-09-21 06:20:29.857129+00:00,IMX,1386822.3208070002,0.0
2026-09-21 06:20:29.857129+00:00,DOGE,1377570.9072,0.0
2026-09-21 06:20:29.857129+00:00,WIF,1324519.54,0.0
2026-09-21 06:20:29.857129+00:00,CFX,1318408.196426,0.0
2026-09-21 06:20:29.857129+00:00,GRASS,1110060.0,0.0
2026-09-21 06:20:29.857129+00:00,ETHFI,1109739.58225,0.0
2026-09-21 06:20:29.857129+00:00,ADA,1096193.392,0.0
2026-09-21 06:20:29.857129+00:00,ENS,1076216.946842,0.0
2026-09-21 06:20:29.857129+00:00,LINEA,857724.935715,0.0
2026-09-21 06:20:29.857129+00:00,HBAR,854893.9756679999,0.0
2026-09-21 06:20:29.857129+00:00,POPCAT,845395.1359999999,0.0
2026-09-21 06:20:29.857129+00:00,FIL,841260.0,0.0
2026-09-21 06:20:29.857129+00:00,UNI,696396.0,0.0
2026-09-21 06:20:29.857129+00:00,JUP,542406.396451,0.0
2026-09-21 06:20:29.857129+00:00,PNUT,502982.72,0.0
2026-09-21 06:20:29.857129+00:00,kSHIB,490306.64,0.0
2026-09-21 06:20:29.857129+00:00,SYRUP,448138.48833,0.0
2026-09-21 06:20:29.857129+00:00,CHIP,430899.527575,0.0
2026-09-21 06:20:29.857129+00:00,STRK,362715.46784,0.0
2026-09-21 06:20:29.857129+00:00,XMR,349908.3344,0.0
2026-09-21 06:20:29.857129+00:00,W,288900.0,0.0
2026-09-21 06:20:29.857129+00:00,USELESS,275899.0,0.0
2026-09-21 06:20:29.857129+00:00,CRV,113710.3592,0.0
2026-09-21 06:20:29.857129+00:00,ZEN,61064.021349,0.0
2026-09-21 06:20:29.857129+00:00,AZTEC,44812.570806,0.0
2026-09-21 06:20:29.857129+00:00,ONDO,44416.34472,0.0
2026-09-21 06:20:29.857129+00:00,BCH,23606.92944,0.0
2026-09-21 14:07:48.815376+00:00,ETH,154911421.353142,0.0
2026-09-21 14:07:48.815376+00:00,BTC,133807218.759954,9295029.95
2026-09-21 14:07:48.815376+00:00,HYPE,69419281.997657,0.0
2026-09-21 14:07:48.815376+00:00,ZEC,68425298.666228,0.0
2026-09-21 14:07:48.815376+00:00,SOL,66223654.009534,0.0
2026-09-21 14:07:48.815376+00:00,NEAR,28428620.210626,349169.29259
2026-09-21 14:07:48.815376+00:00,LIT,19872258.073881,0.0
2026-09-21 14:07:48.815376+00:00,CASHCAT,4707305.257403,7481856.685437
2026-09-21 14:07:48.815376+00:00,PUMP,11645078.580415,0.0
2026-09-21 14:07:48.815376+00:00,INJ,8397082.385812,0.0
2026-09-21 14:07:48.815376+00:00,SUI,7711623.509796001,0.0
2026-09-21 14:07:48.815376+00:00,ENA,6460949.826216999,1152602.756734
2026-09-21 14:07:48.815376+00:00,VVV,5791767.540329999,0.0
2026-09-21 14:07:48.815376+00:00,LINK,5780991.2397,0.0
2026-09-21 14:07:48.815376+00:00,GRAM,4700239.556,0.0
2026-09-21 14:07:48.815376+00:00,TAO,4101942.338927,0.0
2026-09-21 14:07:48.815376+00:00,XPL,3777713.194889,0.0
2026-09-21 14:07:48.815376+00:00,WLD,3687633.662578,0.0
2026-09-21 14:07:48.815376+00:00,PONS,2720646.966364,641670.263455
2026-09-21 14:07:48.815376+00:00,ZRO,3251775.182922,0.0
2026-09-21 14:07:48.815376+00:00,AAVE,3076013.360308,0.0
2026-09-21 14:07:48.815376+00:00,LTC,2716469.088624,0.0
2026-09-21 14:07:48.815376+00:00,kBONK,2660110.354076,0.0
2026-09-21 14:07:48.815376+00:00,kPEPE,2577323.988916,0.0
2026-09-21 14:07:48.815376+00:00,ARB,2553425.2675,0.0
2026-09-21 14:07:48.815376+00:00,XRP,2546842.5938679995,0.0
2026-09-21 14:07:48.815376+00:00,AVAX,2465121.40212,0.0
2026-09-21 14:07:48.815376+00:00,FARTCOIN,2422179.130482,0.0
2026-09-21 14:07:48.815376+00:00,FET,2028372.34748,0.0
2026-09-21 14:07:48.815376+00:00,ASTER,2024308.9832,0.0
2026-09-21 14:07:48.815376+00:00,MNT,1732168.6865279998,0.0
2026-09-21 14:07:48.815376+00:00,TRX,1710595.0,0.0
2026-09-21 14:07:48.815376+00:00,APEX,1467379.34,0.0
2026-09-21 14:07:48.815376+00:00,DOGE,1455263.406592,0.0
2026-09-21 14:07:48.815376+00:00,IMX,1386822.3208070002,0.0
2026-09-21 14:07:48.815376+00:00,WIF,1324519.54,0.0
2026-09-21 14:07:48.815376+00:00,CFX,1318408.196426,0.0
2026-09-21 14:07:48.815376+00:00,GRASS,1110060.0,0.0
2026-09-21 14:07:48.815376+00:00,ADA,1096193.392,0.0
2026-09-21 14:07:48.815376+00:00,ENS,1076216.946842,0.0
2026-09-21 14:07:48.815376+00:00,LINEA,857724.935715,0.0
2026-09-21 14:07:48.815376+00:00,HBAR,854893.9756679999,0.0
2026-09-21 14:07:48.815376+00:00,POPCAT,845395.1359999999,0.0
2026-09-21 14:07:48.815376+00:00,FIL,841260.0,0.0
2026-09-21 14:07:48.815376+00:00,UNI,696396.0,0.0
2026-09-21 14:07:48.815376+00:00,PNUT,502982.72,0.0
2026-09-21 14:07:48.815376+00:00,kSHIB,490306.64,0.0
2026-09-21 14:07:48.815376+00:00,SYRUP,448138.48833,0.0
2026-09-21 14:07:48.815376+00:00,CHIP,430899.527575,0.0
2026-09-21 14:07:48.815376+00:00,STRK,362715.46784,0.0
2026-09-21 14:07:48.815376+00:00,W,288900.0,0.0
2026-09-21 14:07:48.815376+00:00,USELESS,275899.0,0.0
2026-09-21 14:07:48.815376+00:00,JUP,200161.595305,0.0
2026-09-21 14:07:48.815376+00:00,CRV,113710.3592,0.0
2026-09-21 14:07:48.815376+00:00,AERO,102763.94747,0.0
2026-09-21 14:07:48.815376+00:00,ZEN,61064.021349,0.0
2026-09-21 14:07:48.815376+00:00,AZTEC,44812.570806,0.0
2026-09-21 14:07:48.815376+00:00,ONDO,44416.34472,0.0
2026-09-21 14:07:48.815376+00:00,BCH,23606.92944,0.0
2026-09-21 19:27:27.821439+00:00,ETH,264369026.117618,1827992.0
2026-09-21 19:27:27.821439+00:00,BTC,140961531.11079597,2274129.0
2026-09-21 19:27:27.821439+00:00,SOL,68194328.03099799,0.0
2026-09-21 19:27:27.821439+00:00,ZEC,57990290.96171299,0.0
2026-09-21 19:27:27.821439+00:00,NEAR,27126671.215782,423183.808996
2026-09-21 19:27:27.821439+00:00,HYPE,19572436.243472,0.0
2026-09-21 19:27:27.821439+00:00,CASHCAT,4544333.057403,7403432.625858
2026-09-21 19:27:27.821439+00:00,PUMP,9218563.354509,0.0
2026-09-21 19:27:27.821439+00:00,SUI,8514147.509796001,0.0
2026-09-21 19:27:27.821439+00:00,INJ,8397082.385812,0.0
2026-09-21 19:27:27.821439+00:00,LINK,5780991.2397,0.0
2026-09-21 19:27:27.821439+00:00,GRAM,4700239.556,0.0
2026-09-21 19:27:27.821439+00:00,kPEPE,4510129.271348,0.0
2026-09-21 19:27:27.821439+00:00,XPL,3866056.343171,0.0
2026-09-21 19:27:27.821439+00:00,ENA,2559068.658858,1152602.756734
2026-09-21 19:27:27.821439+00:00,WLD,3687633.662578,0.0
2026-09-21 19:27:27.821439+00:00,VVV,3664013.245427,0.0
2026-09-21 19:27:27.821439+00:00,LIT,3407043.002902,0.0
2026-09-21 19:27:27.821439+00:00,ARB,2807066.171116,0.0
2026-09-21 19:27:27.821439+00:00,LTC,2716469.088624,0.0
2026-09-21 19:27:27.821439+00:00,kBONK,2660110.354076,0.0
2026-09-21 19:27:27.821439+00:00,TAO,2601893.2150560003,0.0
2026-09-21 19:27:27.821439+00:00,XRP,2546842.5938679995,0.0
2026-09-21 19:27:27.821439+00:00,DOGE,2531931.220896,0.0
2026-09-21 19:27:27.821439+00:00,FARTCOIN,2422179.130482,0.0
2026-09-21 19:27:27.821439+00:00,AAVE,2410315.779504,0.0
2026-09-21 19:27:27.821439+00:00,AVAX,2059791.40212,0.0
2026-09-21 19:27:27.821439+00:00,FET,2028372.34748,0.0
2026-09-21 19:27:27.821439+00:00,ASTER,2024308.9832,0.0
2026-09-21 19:27:27.821439+00:00,ZRO,1834665.915796,0.0
2026-09-21 19:27:27.821439+00:00,MNT,1732168.6865279998,0.0
2026-09-21 19:27:27.821439+00:00,TRX,1710595.0,0.0
2026-09-21 19:27:27.821439+00:00,PONS,987060.716364,641670.263455
2026-09-21 19:27:27.821439+00:00,APEX,1467379.34,0.0
2026-09-21 19:27:27.821439+00:00,IMX,1386822.3208070002,0.0
2026-09-21 19:27:27.821439+00:00,WIF,1324519.54,0.0
2026-09-21 19:27:27.821439+00:00,CFX,1318408.196426,0.0
2026-09-21 19:27:27.821439+00:00,GRASS,1110060.0,0.0
2026-09-21 19:27:27.821439+00:00,ADA,1096193.392,0.0
2026-09-21 19:27:27.821439+00:00,ENS,1076216.946842,0.0
2026-09-21 19:27:27.821439+00:00,LINEA,857724.935715,0.0
2026-09-21 19:27:27.821439+00:00,HBAR,854893.9756679999,0.0
2026-09-21 19:27:27.821439+00:00,POPCAT,845395.1359999999,0.0
2026-09-21 19:27:27.821439+00:00,FIL,841260.0,0.0
2026-09-21 19:27:27.821439+00:00,BNB,601122.0,0.0
2026-09-21 19:27:27.821439+00:00,SYRUP,508547.23833,0.0
2026-09-21 19:27:27.821439+00:00,PNUT,502982.72,0.0
2026-09-21 19:27:27.821439+00:00,kSHIB,490306.64,0.0
2026-09-21 19:27:27.821439+00:00,STRK,362715.46784,0.0
2026-09-21 19:27:27.821439+00:00,W,288900.0,0.0
2026-09-21 19:27:27.821439+00:00,USELESS,275899.0,0.0
2026-09-21 19:27:27.821439+00:00,CRV,204205.3592,0.0
2026-09-21 19:27:27.821439+00:00,AR,199944.6672,0.0
2026-09-21 19:27:27.821439+00:00,UNI,175287.59999999998,0.0
2026-09-21 19:27:27.821439+00:00,AERO,102763.94747,0.0
2026-09-21 19:27:27.821439+00:00,DASH,59659.0,0.0
2026-09-21 19:27:27.821439+00:00,PENDLE,27167.98,0.0
2026-09-21 19:27:27.821439+00:00,BCH,23606.92944,0.0
2026-09-21 23:17:07.370292+00:00,ETH,261296621.14064,1827992.0
2026-09-21 23:17:07.370292+00:00,BTC,173509118.45604905,0.0
2026-09-21 23:17:07.370292+00:00,SOL,73249873.966683,0.0
2026-09-21 23:17:07.370292+00:00,ZEC,44563240.629113,0.0
2026-09-21 23:17:07.370292+00:00,NEAR,27155472.274442,423183.808996
2026-09-21 23:17:07.370292+00:00,HYPE,25017966.323571004,0.0
2026-09-21 23:17:07.370292+00:00,CASHCAT,2510300.613011,7403432.625858
2026-09-21 23:17:07.370292+00:00,SUI,8514147.509796001,0.0
2026-09-21 23:17:07.370292+00:00,INJ,8397082.385812,0.0
2026-09-21 23:17:07.370292+00:00,PUMP,7685098.78202,0.0
2026-09-21 23:17:07.370292+00:00,LINK,5780991.2397,0.0
2026-09-21 23:17:07.370292+00:00,ENA,4529997.711829999,1152602.756734
2026-09-21 23:17:07.370292+00:00,GRAM,4700239.556,0.0
2026-09-21 23:17:07.370292+00:00,kPEPE,4510129.271348,0.0
2026-09-21 23:17:07.370292+00:00,WLD,3687633.662578,0.0
2026-09-21 23:17:07.370292+00:00,LIT,3279394.902902,0.0
2026-09-21 23:17:07.370292+00:00,GRASS,3080244.0,0.0
2026-09-21 23:17:07.370292+00:00,XPL,3020495.842102,0.0
2026-09-21 23:17:07.370292+00:00,LTC,2716469.088624,0.0
2026-09-21 23:17:07.370292+00:00,ARB,2677696.116239,0.0
2026-09-21 23:17:07.370292+00:00,kBONK,2660110.354076,0.0
2026-09-21 23:17:07.370292+00:00,AERO,2610421.82747,0.0
2026-09-21 23:17:07.370292+00:00,TAO,2601893.2150560003,0.0
2026-09-21 23:17:07.370292+00:00,XRP,2546842.5938679995,0.0
2026-09-21 23:17:07.370292+00:00,DOGE,2531931.220896,0.0
2026-09-21 23:17:07.370292+00:00,AVAX,2059791.40212,0.0
2026-09-21 23:17:07.370292+00:00,FET,2028372.34748,0.0
2026-09-21 23:17:07.370292+00:00,ASTER,2024308.9832,0.0
2026-09-21 23:17:07.370292+00:00,FARTCOIN,1919302.484619,0.0
2026-09-21 23:17:07.370292+00:00,ZRO,1834665.915796,0.0
2026-09-21 23:17:07.370292+00:00,MNT,1732168.6865279998,0.0
2026-09-21 23:17:07.370292+00:00,TRX,1710595.0,0.0
2026-09-21 23:17:07.370292+00:00,PONS,965828.901205,641670.263455
2026-09-21 23:17:07.370292+00:00,VVV,1556879.1948719998,0.0
2026-09-21 23:17:07.370292+00:00,APEX,1467379.34,0.0
2026-09-21 23:17:07.370292+00:00,IMX,1386822.3208070002,0.0
2026-09-21 23:17:07.370292+00:00,AAVE,1381381.24179,0.0
2026-09-21 23:17:07.370292+00:00,WIF,1324519.54,0.0
2026-09-21 23:17:07.370292+00:00,CFX,1318408.196426,0.0
2026-09-21 23:17:07.370292+00:00,ADA,1096193.392,0.0
2026-09-21 23:17:07.370292+00:00,ENS,1076216.946842,0.0
2026-09-21 23:17:07.370292+00:00,UNI,871683.6,0.0
2026-09-21 23:17:07.370292+00:00,LINEA,857724.935715,0.0
2026-09-21 23:17:07.370292+00:00,HBAR,854893.9756679999,0.0
2026-09-21 23:17:07.370292+00:00,POPCAT,845395.1359999999,0.0
2026-09-21 23:17:07.370292+00:00,FIL,841260.0,0.0
2026-09-21 23:17:07.370292+00:00,BNB,601122.0,0.0
2026-09-21 23:17:07.370292+00:00,PNUT,502982.72,0.0
2026-09-21 23:17:07.370292+00:00,kSHIB,490306.64,0.0
2026-09-21 23:17:07.370292+00:00,SYRUP,448138.48833,0.0
2026-09-21 23:17:07.370292+00:00,STRK,362715.46784,0.0
2026-09-21 23:17:07.370292+00:00,W,288900.0,0.0
2026-09-21 23:17:07.370292+00:00,USELESS,275899.0,0.0
2026-09-21 23:17:07.370292+00:00,JUP,200161.595305,0.0
2026-09-21 23:17:07.370292+00:00,AR,199944.6672,0.0
2026-09-21 23:17:07.370292+00:00,MET,140195.032176,0.0
2026-09-21 23:17:07.370292+00:00,CRV,113710.3592,0.0
2026-09-21 23:17:07.370292+00:00,BCH,23606.92944,0.0
2026-09-22 04:54:36.860565+00:00,ETH,246801459.81182003,1827992.0
2026-09-22 04:54:36.860565+00:00,BTC,187309053.88577405,3638296.964366
2026-09-22 04:54:36.860565+00:00,SOL,53999276.480023,0.0
2026-09-22 04:54:36.860565+00:00,ZEC,37757688.21906,0.0
2026-09-22 04:54:36.860565+00:00,NEAR,33112280.072548,423183.808996
2026-09-22 04:54:36.860565+00:00,HYPE,20867788.852724,0.0
2026-09-22 04:54:36.860565+00:00,CASHCAT,2950704.475367,7403432.625858
2026-09-22 04:54:36.860565+00:00,SUI,8514147.509796001,0.0
2026-09-22 04:54:36.860565+00:00,INJ,8397082.385812,0.0
2026-09-22 04:54:36.860565+00:00,XRP,7552406.187160999,0.0
2026-09-22 04:54:36.860565+00:00,PUMP,7426189.655093,0.0
2026-09-22 04:54:36.860565+00:00,kPEPE,5959936.645724,0.0
2026-09-22 04:54:36.860565+00:00,LINK,5780991.2397,0.0
2026-09-22 04:54:36.860565+00:00,ENA,3908582.695166,1152602.756734
2026-09-22 04:54:36.860565+00:00,WLD,5018932.607418001,0.0
2026-09-22 04:54:36.860565+00:00,GRAM,4700239.556,0.0
2026-09-22 04:54:36.860565+00:00,TAO,4259259.519074,0.0
2026-09-22 04:54:36.860565+00:00,DOGE,3827766.220896,0.0
2026-09-22 04:54:36.860565+00:00,FARTCOIN,3732370.588529,0.0
2026-09-22 04:54:36.860565+00:00,kBONK,3287456.032268,0.0
2026-09-22 04:54:36.860565+00:00,GRASS,3080244.0,0.0
2026-09-22 04:54:36.860565+00:00,ARB,1670531.075679,1280938.3697980002
2026-09-22 04:54:36.860565+00:00,LTC,2770345.838376,0.0
2026-09-22 04:54:36.860565+00:00,XPL,2744101.168989,0.0
2026-09-22 04:54:36.860565+00:00,AERO,2610421.82747,0.0
2026-09-22 04:54:36.860565+00:00,AVAX,2059791.40212,0.0
2026-09-22 04:54:36.860565+00:00,FET,2028372.34748,0.0
2026-09-22 04:54:36.860565+00:00,ASTER,2024308.9832,0.0
2026-09-22 04:54:36.860565+00:00,PONS,1346728.768997,641670.263455
2026-09-22 04:54:36.860565+00:00,ZRO,1834665.915796,0.0
2026-09-22 04:54:36.860565+00:00,STRK,1810588.191046,0.0
2026-09-22 04:54:36.860565+00:00,MNT,1732168.6865279998,0.0
2026-09-22 04:54:36.860565+00:00,TRX,1710595.0,0.0
2026-09-22 04:54:36.860565+00:00,LIT,1520183.466816,0.0
2026-09-22 04:54:36.860565+00:00,APEX,1467379.34,0.0
2026-09-22 04:54:36.860565+00:00,IMX,1386822.3208070002,0.0
2026-09-22 04:54:36.860565+00:00,AAVE,1381381.24179,0.0
2026-09-22 04:54:36.860565+00:00,WIF,1324519.54,0.0
2026-09-22 04:54:36.860565+00:00,CFX,1318408.196426,0.0
2026-09-22 04:54:36.860565+00:00,ADA,1096193.392,0.0
2026-09-22 04:54:36.860565+00:00,ENS,1076216.946842,0.0
2026-09-22 04:54:36.860565+00:00,UNI,871683.6,0.0
2026-09-22 04:54:36.860565+00:00,LINEA,857724.935715,0.0
2026-09-22 04:54:36.860565+00:00,HBAR,854893.9756679999,0.0
2026-09-22 04:54:36.860565+00:00,POPCAT,845395.1359999999,0.0
2026-09-22 04:54:36.860565+00:00,FIL,841260.0,0.0
2026-09-22 04:54:36.860565+00:00,VVV,630391.4584469999,0.0
2026-09-22 04:54:36.860565+00:00,BNB,601122.0,0.0
2026-09-22 04:54:36.860565+00:00,PNUT,502982.72,0.0
2026-09-22 04:54:36.860565+00:00,kSHIB,490306.64,0.0
2026-09-22 04:54:36.860565+00:00,XMR,319043.844911,0.0
2026-09-22 04:54:36.860565+00:00,W,288900.0,0.0
2026-09-22 04:54:36.860565+00:00,USELESS,275899.0,0.0
2026-09-22 04:54:36.860565+00:00,JUP,200161.595305,0.0
2026-09-22 04:54:36.860565+00:00,CHIP,183835.0,0.0
2026-09-22 04:54:36.860565+00:00,AR,179952.0,0.0
2026-09-22 04:54:36.860565+00:00,CRV,158957.8592,0.0
2026-09-22 04:54:36.860565+00:00,SYRUP,59618.25,0.0
2026-09-22 04:54:36.860565+00:00,TRUMP,56267.75000000001,0.0
2026-09-22 04:54:36.860565+00:00,SPX,51373.0,0.0
2026-09-22 04:54:36.860565+00:00,BCH,23606.92944,0.0
2026-09-22 09:57:18.832547+00:00,ETH,254458081.16339403,0.0
2026-09-22 09:57:18.832547+00:00,BTC,179646404.815744,5342674.505766
2026-09-22 09:57:18.832547+00:00,SOL,48350141.414377,0.0
2026-09-22 09:57:18.832547+00:00,ZEC,41988964.051512994,0.0
2026-09-22 09:57:18.832547+00:00,NEAR,32617153.425394,423183.808996
2026-09-22 09:57:18.832547+00:00,HYPE,30776982.716822,0.0
2026-09-22 09:57:18.832547+00:00,CASHCAT,2647363.296148,7403432.625858
2026-09-22 09:57:18.832547+00:00,INJ,8397082.385812,0.0
2026-09-22 09:57:18.832547+00:00,SUI,7694077.334223,0.0
2026-09-22 09:57:18.832547+00:00,XRP,6991615.352158,0.0
2026-09-22 09:57:18.832547+00:00,PUMP,6573115.802586,0.0
2026-09-22 09:57:18.832547+00:00,TAO,6183374.357954,0.0
2026-09-22 09:57:18.832547+00:00,kPEPE,6139600.614589999,0.0
2026-09-22 09:57:18.832547+00:00,WLD,6061720.368898001,0.0
2026-09-22 09:57:18.832547+00:00,LINK,5945220.838612,0.0
2026-09-22 09:57:18.832547+00:00,ENA,4760802.992455,1152602.756734
2026-09-22 09:57:18.832547+00:00,GRAM,4875240.716,0.0
2026-09-22 09:57:18.832547+00:00,XPL,3605441.696799,0.0
2026-09-22 09:57:18.832547+00:00,GRASS,3080244.0,0.0
2026-09-22 09:57:18.832547+00:00,AERO,2827140.605932,0.0
2026-09-22 09:57:18.832547+00:00,LTC,2770345.838376,0.0
2026-09-22 09:57:18.832547+00:00,kBONK,2660110.354076,0.0
2026-09-22 09:57:18.832547+00:00,FARTCOIN,2540569.370432,0.0
2026-09-22 09:57:18.832547+00:00,DOGE,2531931.220896,0.0
2026-09-22 09:57:18.832547+00:00,PONS,1727762.042702,641670.263455
2026-09-22 09:57:18.832547+00:00,AVAX,2059791.40212,0.0
2026-09-22 09:57:18.832547+00:00,FET,2028372.34748,0.0
2026-09-22 09:57:18.832547+00:00,ASTER,2024308.9832,0.0
2026-09-22 09:57:18.832547+00:00,ZRO,1834665.915796,0.0
2026-09-22 09:57:18.832547+00:00,MNT,1732168.6865279998,0.0
2026-09-22 09:57:18.832547+00:00,AAVE,1715565.06638,0.0
2026-09-22 09:57:18.832547+00:00,TRX,1710595.0,0.0
2026-09-22 09:57:18.832547+00:00,APEX,1467379.34,0.0
2026-09-22 09:57:18.832547+00:00,ARB,1454301.075679,0.0
2026-09-22 09:57:18.832547+00:00,IMX,1386822.3208070002,0.0
2026-09-22 09:57:18.832547+00:00,WIF,1324519.54,0.0
2026-09-22 09:57:18.832547+00:00,CFX,1318408.196426,0.0
2026-09-22 09:57:18.832547+00:00,VVV,1168331.74733,0.0
2026-09-22 09:57:18.832547+00:00,ADA,1096193.392,0.0
2026-09-22 09:57:18.832547+00:00,ENS,1076216.946842,0.0
2026-09-22 09:57:18.832547+00:00,LINEA,857724.935715,0.0
2026-09-22 09:57:18.832547+00:00,HBAR,854893.9756679999,0.0
2026-09-22 09:57:18.832547+00:00,POPCAT,845395.1359999999,0.0
2026-09-22 09:57:18.832547+00:00,FIL,841260.0,0.0
2026-09-22 09:57:18.832547+00:00,LIT,807023.526873,0.0
2026-09-22 09:57:18.832547+00:00,UNI,769646.757976,0.0
2026-09-22 09:57:18.832547+00:00,PNUT,502982.72,0.0
2026-09-22 09:57:18.832547+00:00,kSHIB,490306.64,0.0
2026-09-22 09:57:18.832547+00:00,STRK,362715.46784,0.0
2026-09-22 09:57:18.832547+00:00,XMR,319043.844911,0.0
2026-09-22 09:57:18.832547+00:00,W,288900.0,0.0
2026-09-22 09:57:18.832547+00:00,USELESS,275899.0,0.0
2026-09-22 09:57:18.832547+00:00,VIRTUAL,224507.8,0.0
2026-09-22 09:57:18.832547+00:00,JUP,200161.595305,0.0
2026-09-22 09:57:18.832547+00:00,CHIP,183835.0,0.0
2026-09-22 09:57:18.832547+00:00,MON,175141.382855,0.0
2026-09-22 09:57:18.832547+00:00,GMX,118788.0,0.0
2026-09-22 09:57:18.832547+00:00,CRV,113710.3592,0.0
2026-09-22 09:57:18.832547+00:00,XLM,105547.530656,0.0
2026-09-22 09:57:18.832547+00:00,ZEN,56498.097567,0.0
2026-09-22 09:57:18.832547+00:00,TIA,51292.634688,0.0
2026-09-22 09:57:18.832547+00:00,ONDO,31900.0,0.0
2026-09-22 09:57:18.832547+00:00,BCH,23606.92944,0.0
2026-09-22 14:53:10.399354+00:00,ETH,244443863.2849,210648.946167
2026-09-22 14:53:10.399354+00:00,BTC,165188083.61586702,6053734.560646
2026-09-22 14:53:10.399354+00:00,SOL,50701932.39160299,0.0
2026-09-22 14:53:10.399354+00:00,NEAR,32579842.90657501,423183.808996
2026-09-22 14:53:10.399354+00:00,ZEC,29991337.219656,0.0
2026-09-22 14:53:10.399354+00:00,HYPE,28052481.838427994,0.0
2026-09-22 14:53:10.399354+00:00,CASHCAT,2283690.0,7403432.625858
2026-09-22 14:53:10.399354+00:00,INJ,8397082.385812,0.0
2026-09-22 14:53:10.399354+00:00,WLD,7838235.454518,0.0
2026-09-22 14:53:10.399354+00:00,XRP,6360226.92104,0.0
2026-09-22 14:53:10.399354+00:00,kPEPE,5822886.766708999,522482.60103
2026-09-22 14:53:10.399354+00:00,TAO,6318828.611854,0.0
2026-09-22 14:53:10.399354+00:00,PUMP,6129818.760237001,0.0
2026-09-22 14:53:10.399354+00:00,GRAM,4700237.97376,0.0
2026-09-22 14:53:10.399354+00:00,ENA,2675504.522559,1152602.756734
2026-09-22 14:53:10.399354+00:00,DOGE,3827766.220896,0.0
2026-09-22 14:53:10.399354+00:00,GRASS,3080244.0,0.0
2026-09-22 14:53:10.399354+00:00,XPL,2857148.788446,0.0
2026-09-22 14:53:10.399354+00:00,LTC,2770345.838376,0.0
2026-09-22 14:53:10.399354+00:00,AERO,2724376.658462,0.0
2026-09-22 14:53:10.399354+00:00,kBONK,2660110.354076,0.0
2026-09-22 14:53:10.399354+00:00,FARTCOIN,2137687.791473,0.0
2026-09-22 14:53:10.399354+00:00,AVAX,2059791.40212,0.0
2026-09-22 14:53:10.399354+00:00,FET,2028372.34748,0.0
2026-09-22 14:53:10.399354+00:00,ASTER,2024308.9832,0.0
2026-09-22 14:53:10.399354+00:00,LINK,2006923.407406,0.0
2026-09-22 14:53:10.399354+00:00,PONS,1279468.439789,641670.263455
2026-09-22 14:53:10.399354+00:00,ZRO,1834665.915796,0.0
2026-09-22 14:53:10.399354+00:00,MNT,1732168.6865279998,0.0
2026-09-22 14:53:10.399354+00:00,TRX,1710595.0,0.0
2026-09-22 14:53:10.399354+00:00,APEX,1467379.34,0.0
2026-09-22 14:53:10.399354+00:00,ARB,1454301.075679,0.0
2026-09-22 14:53:10.399354+00:00,IMX,1386822.3208070002,0.0
2026-09-22 14:53:10.399354+00:00,AAVE,1381364.7359999998,0.0
2026-09-22 14:53:10.399354+00:00,WIF,1324519.54,0.0
2026-09-22 14:53:10.399354+00:00,CFX,1318408.196426,0.0
2026-09-22 14:53:10.399354+00:00,ADA,1096193.392,0.0
2026-09-22 14:53:10.399354+00:00,ENS,1076216.946842,0.0
2026-09-22 14:53:10.399354+00:00,VVV,966235.64031,0.0
2026-09-22 14:53:10.399354+00:00,LINEA,857724.935715,0.0
2026-09-22 14:53:10.399354+00:00,HBAR,854893.9756679999,0.0
2026-09-22 14:53:10.399354+00:00,POPCAT,845395.1359999999,0.0
2026-09-22 14:53:10.399354+00:00,FIL,841260.0,0.0
2026-09-22 14:53:10.399354+00:00,BCH,663364.92944,0.0
2026-09-22 14:53:10.399354+00:00,PNUT,502982.72,0.0
2026-09-22 14:53:10.399354+00:00,PENGU,496841.2986539999,0.0
2026-09-22 14:53:10.399354+00:00,kSHIB,490306.64,0.0
2026-09-22 14:53:10.399354+00:00,STRK,362715.46784,0.0
2026-09-22 14:53:10.399354+00:00,USELESS,361914.196411,0.0
2026-09-22 14:53:10.399354+00:00,SUI,316496.80829699995,0.0
2026-09-22 14:53:10.399354+00:00,W,288900.0,0.0
2026-09-22 14:53:10.399354+00:00,APE,258210.0,0.0
2026-09-22 14:53:10.399354+00:00,VIRTUAL,224507.8,0.0
2026-09-22 14:53:10.399354+00:00,JUP,200161.595305,0.0
2026-09-22 14:53:10.399354+00:00,CHIP,183835.0,0.0
2026-09-22 14:53:10.399354+00:00,MON,175141.382855,0.0
2026-09-22 14:53:10.399354+00:00,CRV,113710.3592,0.0
2026-09-22 14:53:10.399354+00:00,XLM,105547.530656,0.0
2026-09-22 14:53:10.399354+00:00,LIT,88079.85033,0.0
2026-09-22 14:53:10.399354+00:00,ZEN,56498.097567,0.0
2026-09-22 14:53:10.399354+00:00,TIA,51292.634688,0.0
2026-09-22 18:54:15.310033+00:00,BTC,207203289.94376493,9654455.323243
2026-09-22 18:54:15.310033+00:00,ETH,180243040.074874,3096560.946167
2026-09-22 18:54:15.310033+00:00,HYPE,94416464.930235,0.0
2026-09-22 18:54:15.310033+00:00,ZEC,62355787.128741,0.0
2026-09-22 18:54:15.310033+00:00,NEAR,30564581.777386,423187.600396
2026-09-22 18:54:15.310033+00:00,LIT,15208605.6598,0.0
2026-09-22 18:54:15.310033+00:00,CASHCAT,2106493.0,7403432.625858
2026-09-22 18:54:15.310033+00:00,PUMP,8985401.227582002,0.0
2026-09-22 18:54:15.310033+00:00,INJ,8397082.385812,0.0
2026-09-22 18:54:15.310033+00:00,WLD,7118619.056989,0.0
2026-09-22 18:54:15.310033+00:00,XRP,6097066.951019,16.834500000000002
2026-09-22 18:54:15.310033+00:00,LINK,5861713.330452,0.0
2026-09-22 18:54:15.310033+00:00,SOL,5059468.551249,0.0
2026-09-22 18:54:15.310033+00:00,TAO,4714429.624973999,0.0
2026-09-22 18:54:15.310033+00:00,GRAM,4700237.97376,0.0
2026-09-22 18:54:15.310033+00:00,ENA,3134437.908117,1152602.756734
2026-09-22 18:54:15.310033+00:00,LTC,3944669.838376,0.0
2026-09-22 18:54:15.310033+00:00,PONS,3027700.9810180003,641670.263455
2026-09-22 18:54:15.310033+00:00,DOGE,3541191.220896,99213.0
2026-09-22 18:54:15.310033+00:00,kPEPE,3566127.22424,0.0
2026-09-22 18:54:15.310033+00:00,XPL,3251696.991894,0.0
2026-09-22 18:54:15.310033+00:00,GRASS,3080244.0,0.0
2026-09-22 18:54:15.310033+00:00,kBONK,2660110.354076,0.0
2026-09-22 18:54:15.310033+00:00,AERO,2507657.88,0.0
2026-09-22 18:54:15.310033+00:00,AVAX,2059791.40212,0.0
2026-09-22 18:54:15.310033+00:00,FET,2028372.34748,0.0
2026-09-22 18:54:15.310033+00:00,ASTER,2024308.9832,0.0
2026-09-22 18:54:15.310033+00:00,FARTCOIN,1919302.484619,0.0
2026-09-22 18:54:15.310033+00:00,ZRO,1834665.915796,0.0
2026-09-22 18:54:15.310033+00:00,MNT,1732168.6865279998,0.0
2026-09-22 18:54:15.310033+00:00,AAVE,1715548.56059,0.0
2026-09-22 18:54:15.310033+00:00,TRX,1710595.0,0.0
2026-09-22 18:54:15.310033+00:00,BCH,1610983.92944,0.0
2026-09-22 18:54:15.310033+00:00,VVV,1559633.550682,15.3781
2026-09-22 18:54:15.310033+00:00,APEX,1467379.34,0.0
2026-09-22 18:54:15.310033+00:00,ARB,1454301.075679,0.0
2026-09-22 18:54:15.310033+00:00,IMX,1386822.3208070002,0.0
2026-09-22 18:54:15.310033+00:00,WIF,1324519.54,0.0
2026-09-22 18:54:15.310033+00:00,CFX,1318408.196426,0.0
2026-09-22 18:54:15.310033+00:00,ADA,1096193.392,0.0
2026-09-22 18:54:15.310033+00:00,ENS,1076216.946842,0.0
2026-09-22 18:54:15.310033+00:00,LINEA,857724.935715,0.0
2026-09-22 18:54:15.310033+00:00,HBAR,854893.9756679999,0.0
2026-09-22 18:54:15.310033+00:00,POPCAT,845395.1359999999,0.0
2026-09-22 18:54:15.310033+00:00,FIL,841260.0,0.0
2026-09-22 18:54:15.310033+00:00,PNUT,502982.72,0.0
2026-09-22 18:54:15.310033+00:00,PENGU,496841.2986539999,0.0
2026-09-22 18:54:15.310033+00:00,kSHIB,490306.64,0.0
2026-09-22 18:54:15.310033+00:00,SYRUP,448138.48833,0.0
2026-09-22 18:54:15.310033+00:00,STRK,362715.46784,0.0
2026-09-22 18:54:15.310033+00:00,USELESS,361914.196411,0.0
2026-09-22 18:54:15.310033+00:00,W,288900.0,0.0
2026-09-22 18:54:15.310033+00:00,VIRTUAL,224507.8,0.0
2026-09-22 18:54:15.310033+00:00,JUP,200161.595305,0.0
2026-09-22 18:54:15.310033+00:00,GMX,118788.0,0.0
2026-09-22 18:54:15.310033+00:00,SUI,117708.975774,0.0
2026-09-22 18:54:15.310033+00:00,CRV,113710.3592,0.0
2026-09-22 18:54:15.310033+00:00,UNI,73250.757976,0.0
2026-09-22 18:54:15.310033+00:00,ZEN,61064.021349,0.0
2026-09-22 18:54:15.310033+00:00,AZTEC,44812.570806,0.0
2026-09-22 18:54:15.310033+00:00,ONDO,31900.0,0.0
2026-09-22 22:08:31.982596+00:00,ETH,180211634.522582,2475210.5
2026-09-22 22:08:31.982596+00:00,BTC,164725202.203829,3328116.0
2026-09-22 22:08:31.982596+00:00,HYPE,103704926.214973,0.0
2026-09-22 22:08:31.982596+00:00,ZEC,59823462.78817201,0.0
2026-09-22 22:08:31.982596+00:00,NEAR,30234421.251312006,423187.600396
2026-09-22 22:08:31.982596+00:00,LIT,20113444.786822,0.0
2026-09-22 22:08:31.982596+00:00,XRP,18768911.33563,16.834500000000002
2026-09-22 22:08:31.982596+00:00,PUMP,10976945.525486,0.0
2026-09-22 22:08:31.982596+00:00,CASHCAT,2106493.0,7403432.625858
2026-09-22 22:08:31.982596+00:00,ENA,7431386.635837999,1152602.756734
2026-09-22 22:08:31.982596+00:00,INJ,8397082.385812,0.0
2026-09-22 22:08:31.982596+00:00,WLD,7440125.454518,0.0
2026-09-22 22:08:31.982596+00:00,DOGE,7353741.66288,0.0
2026-09-22 22:08:31.982596+00:00,PONS,5551957.905364001,646280.1928
2026-09-22 22:08:31.982596+00:00,FARTCOIN,5644910.168263,0.0
2026-09-22 22:08:31.982596+00:00,SOL,5064468.421892999,0.0
2026-09-22 22:08:31.982596+00:00,GRAM,4700237.97376,0.0
2026-09-22 22:08:31.982596+00:00,kPEPE,4379726.359944,0.0
2026-09-22 22:08:31.982596+00:00,TAO,4281263.792706,0.0
2026-09-22 22:08:31.982596+00:00,VVV,3420200.173387,15.3781
2026-09-22 22:08:31.982596+00:00,LTC,3414812.820026,0.0
2026-09-22 22:08:31.982596+00:00,XPL,3353772.991894,0.0
2026-09-22 22:08:31.982596+00:00,LINK,3148013.4074059995,0.0
2026-09-22 22:08:31.982596+00:00,kBONK,2660110.354076,0.0
2026-09-22 22:08:31.982596+00:00,PENGU,2253329.3224440003,0.0
2026-09-22 22:08:31.982596+00:00,UNI,2151988.835796,0.0
2026-09-22 22:08:31.982596+00:00,AVAX,2059791.40212,0.0
2026-09-22 22:08:31.982596+00:00,FET,2028372.34748,0.0
2026-09-22 22:08:31.982596+00:00,ASTER,2024308.9832,0.0
2026-09-22 22:08:31.982596+00:00,ZRO,1834665.915796,0.0
2026-09-22 22:08:31.982596+00:00,MNT,1732168.6865279998,0.0
2026-09-22 22:08:31.982596+00:00,TRX,1710595.0,0.0
2026-09-22 22:08:31.982596+00:00,APEX,1467379.34,0.0
2026-09-22 22:08:31.982596+00:00,ARB,1454301.075679,0.0
2026-09-22 22:08:31.982596+00:00,IMX,1386822.3208070002,0.0
2026-09-22 22:08:31.982596+00:00,AAVE,1381364.7359999998,0.0
2026-09-22 22:08:31.982596+00:00,WIF,1324519.54,0.0
2026-09-22 22:08:31.982596+00:00,CFX,1318408.196426,0.0
2026-09-22 22:08:31.982596+00:00,GRASS,1110060.0,0.0
2026-09-22 22:08:31.982596+00:00,ADA,1096193.392,0.0
2026-09-22 22:08:31.982596+00:00,ENS,1076216.946842,0.0
2026-09-22 22:08:31.982596+00:00,LINEA,857724.935715,0.0
2026-09-22 22:08:31.982596+00:00,HBAR,854893.9756679999,0.0
2026-09-22 22:08:31.982596+00:00,POPCAT,845395.1359999999,0.0
2026-09-22 22:08:31.982596+00:00,FIL,841260.0,0.0
2026-09-22 22:08:31.982596+00:00,CHIP,782081.9715250001,0.0
2026-09-22 22:08:31.982596+00:00,PNUT,502982.72,0.0
2026-09-22 22:08:31.982596+00:00,kSHIB,490306.64,0.0
2026-09-22 22:08:31.982596+00:00,STRK,466840.215618,0.0
2026-09-22 22:08:31.982596+00:00,SYRUP,448138.48833,0.0
2026-09-22 22:08:31.982596+00:00,USELESS,361914.196411,0.0
2026-09-22 22:08:31.982596+00:00,W,288900.0,0.0
2026-09-22 22:08:31.982596+00:00,VIRTUAL,224507.8,0.0
2026-09-22 22:08:31.982596+00:00,AERO,216718.778462,0.0
2026-09-22 22:08:31.982596+00:00,JUP,200161.595305,0.0
2026-09-22 22:08:31.982596+00:00,MON,175141.382855,0.0
2026-09-22 22:08:31.982596+00:00,ZEN,117562.118916,0.0
2026-09-22 22:08:31.982596+00:00,CRV,113710.3592,0.0
2026-09-22 22:08:31.982596+00:00,XLM,105547.530656,0.0
2026-09-22 22:08:31.982596+00:00,DASH,74843.753814,0.0
2026-09-22 22:08:31.982596+00:00,TIA,51292.634688,0.0
2026-09-22 22:08:31.982596+00:00,AZTEC,44812.570806,0.0
2026-09-22 22:08:31.982596+00:00,MORPHO,38906.69211,0.0
2026-09-22 22:08:31.982596+00:00,BCH,23606.92944,0.0
2026-09-22 22:08:31.982596+00:00,SUI,0.158238,0.0
2026-09-23 00:32:25.475014+00:00,ETH,179131209.187276,2063240.0
2026-09-23 00:32:25.475014+00:00,BTC,163468393.673765,3328116.0
2026-09-23 00:32:25.475014+00:00,ZEC,81399930.71046901,0.0
2026-09-23 00:32:25.475014+00:00,HYPE,78757879.597574,0.0
2026-09-23 00:32:25.475014+00:00,NEAR,30182838.752350003,423187.600396
2026-09-23 00:32:25.475014+00:00,XRP,18279532.262342,16.834500000000002
2026-09-23 00:32:25.475014+00:00,CASHCAT,2106493.0,7403432.625858
2026-09-23 00:32:25.475014+00:00,INJ,8397082.385812,0.0
2026-09-23 00:32:25.475014+00:00,PUMP,7458779.824221002,0.0
2026-09-23 00:32:25.475014+00:00,WLD,7118619.056989,0.0
2026-09-23 00:32:25.475014+00:00,ENA,5892438.985394,1152602.756734
2026-09-23 00:32:25.475014+00:00,UNI,6105015.216157999,0.0
2026-09-23 00:32:25.475014+00:00,DOGE,5902371.66288,0.0
2026-09-23 00:32:25.475014+00:00,LINK,5780984.415906,0.0
2026-09-23 00:32:25.475014+00:00,SOL,5066968.187564999,0.0
2026-09-23 00:32:25.475014+00:00,FARTCOIN,4966662.530348999,0.0
2026-09-23 00:32:25.475014+00:00,GRAM,4700237.97376,0.0
2026-09-23 00:32:25.475014+00:00,kPEPE,4305992.800341,0.0
2026-09-23 00:32:25.475014+00:00,XPL,3353772.991894,0.0
2026-09-23 00:32:25.475014+00:00,VVV,3116749.138252,15.3781
2026-09-23 00:32:25.475014+00:00,TAO,3045100.5168,0.0
2026-09-23 00:32:25.475014+00:00,PONS,2127852.194364,658713.31299
2026-09-23 00:32:25.475014+00:00,LTC,2770345.838376,0.0
2026-09-23 00:32:25.475014+00:00,kBONK,2660110.354076,0.0
2026-09-23 00:32:25.475014+00:00,LIT,2421626.325993,0.0
2026-09-23 00:32:25.475014+00:00,PENGU,2253329.3224440003,0.0
2026-09-23 00:32:25.475014+00:00,AVAX,2059791.40212,0.0
2026-09-23 00:32:25.475014+00:00,FET,2028372.34748,0.0
2026-09-23 00:32:25.475014+00:00,ASTER,2024308.9832,0.0
2026-09-23 00:32:25.475014+00:00,ZRO,1834665.915796,0.0
2026-09-23 00:32:25.475014+00:00,MNT,1732168.6865279998,0.0
2026-09-23 00:32:25.475014+00:00,TRX,1710595.0,0.0
2026-09-23 00:32:25.475014+00:00,APEX,1467379.34,0.0
2026-09-23 00:32:25.475014+00:00,ARB,1454301.075679,0.0
2026-09-23 00:32:25.475014+00:00,IMX,1386822.3208070002,0.0
2026-09-23 00:32:25.475014+00:00,AAVE,1381364.7359999998,0.0
2026-09-23 00:32:25.475014+00:00,WIF,1324519.54,0.0
2026-09-23 00:32:25.475014+00:00,CFX,1318408.196426,0.0
2026-09-23 00:32:25.475014+00:00,GRASS,1110060.0,0.0
2026-09-23 00:32:25.475014+00:00,ADA,1096193.392,0.0
2026-09-23 00:32:25.475014+00:00,ENS,1076216.946842,0.0
2026-09-23 00:32:25.475014+00:00,LINEA,857724.935715,0.0
2026-09-23 00:32:25.475014+00:00,HBAR,854893.9756679999,0.0
2026-09-23 00:32:25.475014+00:00,POPCAT,845395.1359999999,0.0
2026-09-23 00:32:25.475014+00:00,FIL,841260.0,0.0
2026-09-23 00:32:25.475014+00:00,CHIP,782081.9715250001,0.0
2026-09-23 00:32:25.475014+00:00,PNUT,502982.72,0.0
2026-09-23 00:32:25.475014+00:00,kSHIB,490306.64,0.0
2026-09-23 00:32:25.475014+00:00,STRK,466840.215618,0.0
2026-09-23 00:32:25.475014+00:00,SYRUP,448138.48833,0.0
2026-09-23 00:32:25.475014+00:00,USELESS,361914.196411,0.0
2026-09-23 00:32:25.475014+00:00,W,288900.0,0.0
2026-09-23 00:32:25.475014+00:00,VIRTUAL,274857.50375,0.0
2026-09-23 00:32:25.475014+00:00,NIL,236744.44479,0.0
2026-09-23 00:32:25.475014+00:00,JUP,200161.595305,0.0
2026-09-23 00:32:25.475014+00:00,CRV,113710.3592,0.0
2026-09-23 00:32:25.475014+00:00,DASH,74843.753814,0.0
2026-09-23 00:32:25.475014+00:00,ZEN,61064.021349,0.0
2026-09-23 00:32:25.475014+00:00,BCH,56115.532656,0.0
2026-09-23 00:32:25.475014+00:00,AZTEC,44812.570806,0.0
2026-09-23 00:32:25.475014+00:00,MORPHO,38906.69211,0.0
2026-09-23 00:32:25.475014+00:00,SUI,0.158238,0.0
2026-09-23 05:58:06.454021+00:00,ETH,379649946.902231,2475210.5
2026-09-23 05:58:06.454021+00:00,BTC,244680383.77976,3328116.0
2026-09-23 05:58:06.454021+00:00,ZEC,76086498.68310001,0.0
2026-09-23 05:58:06.454021+00:00,HYPE,57992947.21229201,0.0
2026-09-23 05:58:06.454021+00:00,SOL,52464852.24921999,0.0
2026-09-23 05:58:06.454021+00:00,NEAR,26142212.966445,423187.600396
2026-09-23 05:58:06.454021+00:00,XRP,19188121.650874,16.834500000000002
2026-09-23 05:58:06.454021+00:00,ENA,9323158.146066,1152602.756734
2026-09-23 05:58:06.454021+00:00,CASHCAT,2106493.0,7403432.625858
2026-09-23 05:58:06.454021+00:00,INJ,8397082.385812,0.0
2026-09-23 05:58:06.454021+00:00,UNI,7053568.47563,0.0
2026-09-23 05:58:06.454021+00:00,PUMP,6883861.142571,0.0
2026-09-23 05:58:06.454021+00:00,DOGE,6404473.569641,0.0
2026-09-23 05:58:06.454021+00:00,LINK,5780984.415906,0.0
2026-09-23 05:58:06.454021+00:00,WLD,4762599.970732,0.0
2026-09-23 05:58:06.454021+00:00,FARTCOIN,4643353.026601,0.0
2026-09-23 05:58:06.454021+00:00,kPEPE,4146007.877284,0.0
2026-09-23 05:58:06.454021+00:00,LIT,3378760.800993,0.0
2026-09-23 05:58:06.454021+00:00,XPL,3251696.991894,0.0
2026-09-23 05:58:06.454021+00:00,GRAM,3194246.44,0.0
2026-09-23 05:58:06.454021+00:00,LTC,2770345.838376,0.0
2026-09-23 05:58:06.454021+00:00,TAO,2768546.161615,0.0
2026-09-23 05:58:06.454021+00:00,PONS,1813078.037622,685558.637731
2026-09-23 05:58:06.454021+00:00,ARB,2445436.584736,0.0
2026-09-23 05:58:06.454021+00:00,VVV,2185925.171482,15.3781
2026-09-23 05:58:06.454021+00:00,AVAX,2059791.40212,0.0
2026-09-23 05:58:06.454021+00:00,ASTER,2024308.9832,0.0
2026-09-23 05:58:06.454021+00:00,kBONK,2017046.598336,0.0
2026-09-23 05:58:06.454021+00:00,PENGU,2006179.322444,0.0
2026-09-23 05:58:06.454021+00:00,ZRO,1834665.915796,0.0
2026-09-23 05:58:06.454021+00:00,MNT,1732168.6865279998,0.0
2026-09-23 05:58:06.454021+00:00,TRX,1710595.0,0.0
2026-09-23 05:58:06.454021+00:00,APEX,1467379.34,0.0
2026-09-23 05:58:06.454021+00:00,AAVE,1381364.7359999998,0.0
2026-09-23 05:58:06.454021+00:00,WIF,1324519.54,0.0
2026-09-23 05:58:06.454021+00:00,FET,1145104.85388,0.0
2026-09-23 05:58:06.454021+00:00,GRASS,1110060.0,0.0
2026-09-23 05:58:06.454021+00:00,ADA,1096193.392,0.0
2026-09-23 05:58:06.454021+00:00,ENS,1076216.946842,0.0
2026-09-23 05:58:06.454021+00:00,LINEA,857724.935715,0.0
2026-09-23 05:58:06.454021+00:00,HBAR,854893.9756679999,0.0
2026-09-23 05:58:06.454021+00:00,POPCAT,845395.1359999999,0.0
2026-09-23 05:58:06.454021+00:00,FIL,841260.0,0.0
2026-09-23 05:58:06.454021+00:00,CHIP,782081.9715250001,0.0
2026-09-23 05:58:06.454021+00:00,IMX,617295.1039999999,0.0
2026-09-23 05:58:06.454021+00:00,CFX,598264.7620420001,0.0
2026-09-23 05:58:06.454021+00:00,STRK,466840.215618,0.0
2026-09-23 05:58:06.454021+00:00,SYRUP,448138.48833,0.0
2026-09-23 05:58:06.454021+00:00,USELESS,361914.196411,0.0
2026-09-23 05:58:06.454021+00:00,XMR,325246.130808,0.0
2026-09-23 05:58:06.454021+00:00,W,288900.0,0.0
2026-09-23 05:58:06.454021+00:00,NIL,236744.44479,0.0
2026-09-23 05:58:06.454021+00:00,JUP,200161.595305,0.0
2026-09-23 05:58:06.454021+00:00,MORPHO,117913.08699300002,0.0
2026-09-23 05:58:06.454021+00:00,CRV,113710.3592,0.0
2026-09-23 05:58:06.454021+00:00,ZEN,61064.021349,0.0
2026-09-23 05:58:06.454021+00:00,BCH,56115.532656,0.0
2026-09-23 05:58:06.454021+00:00,VIRTUAL,50349.70375,0.0
2026-09-23 05:58:06.454021+00:00,AZTEC,44812.570806,0.0
2026-09-23 05:58:06.454021+00:00,SKY,30204.464424,0.0
2026-09-23 05:58:06.454021+00:00,TIA,24178.295200000004,0.0
2026-09-23 05:58:06.454021+00:00,SUI,0.158238,0.0
2026-09-23 11:34:50.337218+00:00,BTC,140957954.456457,6473235.0
2026-09-23 11:34:50.337218+00:00,ZEC,102154058.53536704,0.0
2026-09-23 11:34:50.337218+00:00,ETH,63294028.82523199,2475210.5
2026-09-23 11:34:50.337218+00:00,HYPE,28354229.153656,0.0
2026-09-23 11:34:50.337218+00:00,NEAR,26391434.153615,423187.600396
2026-09-23 11:34:50.337218+00:00,XRP,14906508.890953,16.834500000000002
2026-09-23 11:34:50.337218+00:00,CASHCAT,2106493.0,7403432.625858
2026-09-23 11:34:50.337218+00:00,INJ,8397082.385812,0.0
2026-09-23 11:34:50.337218+00:00,LIT,6519471.994319,0.0
2026-09-23 11:34:50.337218+00:00,DOGE,6404473.569641,0.0
2026-09-23 11:34:50.337218+00:00,ENA,4817555.463042,1152602.756734
2026-09-23 11:34:50.337218+00:00,LINK,5861713.330452,0.0
2026-09-23 11:34:50.337218+00:00,SOL,5092619.689164,0.0
2026-09-23 11:34:50.337218+00:00,GRAM,4773740.923760001,0.0
2026-09-23 11:34:50.337218+00:00,PUMP,3938372.225455001,0.0
2026-09-23 11:34:50.337218+00:00,kPEPE,3532895.686372,0.0
2026-09-23 11:34:50.337218+00:00,WLD,3508250.220333,0.0
2026-09-23 11:34:50.337218+00:00,XPL,3353772.991894,0.0
2026-09-23 11:34:50.337218+00:00,kBONK,3172855.68088,0.0
2026-09-23 11:34:50.337218+00:00,PONS,2170040.615566,689173.4108
2026-09-23 11:34:50.337218+00:00,LTC,2770345.838376,0.0
2026-09-23 11:34:50.337218+00:00,TAO,2315766.661615,0.0
2026-09-23 11:34:50.337218+00:00,AVAX,2059791.40212,0.0
2026-09-23 11:34:50.337218+00:00,UNI,2053223.803692,0.0
2026-09-23 11:34:50.337218+00:00,FET,2028372.34748,0.0
2026-09-23 11:34:50.337218+00:00,ASTER,2024308.9832,0.0
2026-09-23 11:34:50.337218+00:00,PENGU,2006179.322444,0.0
2026-09-23 11:34:50.337218+00:00,FARTCOIN,1919302.484619,0.0
2026-09-23 11:34:50.337218+00:00,ZRO,1834665.915796,0.0
2026-09-23 11:34:50.337218+00:00,MNT,1732168.6865279998,0.0
2026-09-23 11:34:50.337218+00:00,AAVE,1715548.56059,0.0
2026-09-23 11:34:50.337218+00:00,TRX,1710595.0,0.0
2026-09-23 11:34:50.337218+00:00,VVV,1676638.777635,15.3781
2026-09-23 11:34:50.337218+00:00,APEX,1467379.34,0.0
2026-09-23 11:34:50.337218+00:00,ARB,1454301.075679,0.0
2026-09-23 11:34:50.337218+00:00,IMX,1386822.3208070002,0.0
2026-09-23 11:34:50.337218+00:00,WIF,1324519.54,0.0
2026-09-23 11:34:50.337218+00:00,CFX,1318408.196426,0.0
2026-09-23 11:34:50.337218+00:00,GRASS,1110060.0,0.0
2026-09-23 11:34:50.337218+00:00,ADA,1096193.392,0.0
2026-09-23 11:34:50.337218+00:00,ENS,1076216.946842,0.0
2026-09-23 11:34:50.337218+00:00,LINEA,857724.935715,0.0
2026-09-23 11:34:50.337218+00:00,HBAR,854893.9756679999,0.0
2026-09-23 11:34:50.337218+00:00,POPCAT,845395.1359999999,0.0
2026-09-23 11:34:50.337218+00:00,FIL,841260.0,0.0
2026-09-23 11:34:50.337218+00:00,CHIP,782081.9715250001,0.0
2026-09-23 11:34:50.337218+00:00,PNUT,502982.72,0.0
2026-09-23 11:34:50.337218+00:00,kSHIB,490306.64,0.0
2026-09-23 11:34:50.337218+00:00,STRK,466840.215618,0.0
2026-09-23 11:34:50.337218+00:00,SYRUP,448138.48833,0.0
2026-09-23 11:34:50.337218+00:00,W,288900.0,0.0
2026-09-23 11:34:50.337218+00:00,USELESS,275899.0,0.0
2026-09-23 11:34:50.337218+00:00,NIL,236744.44479,0.0
2026-09-23 11:34:50.337218+00:00,GMX,118788.0,0.0
2026-09-23 11:34:50.337218+00:00,MORPHO,117913.08699300002,0.0
2026-09-23 11:34:50.337218+00:00,CRV,113710.3592,0.0
2026-09-23 11:34:50.337218+00:00,ICP,102307.291386,0.0
2026-09-23 11:34:50.337218+00:00,BCH,56115.532656,0.0
2026-09-23 11:34:50.337218+00:00,ONDO,31900.0,0.0
2026-09-23 11:34:50.337218+00:00,SKY,30204.464424,0.0
2026-09-23 11:34:50.337218+00:00,TIA,24178.295200000004,0.0
2026-09-23 16:57:09.000152+00:00,BTC,59217042.539459,23995125.413054
2026-09-23 16:57:09.000152+00:00,ZEC,60422092.796369,1562705.4
2026-09-23 16:57:09.000152+00:00,HYPE,34924198.03891599,2306614.27217
2026-09-23 16:57:09.000152+00:00,LIT,23121729.607976,0.0
2026-09-23 16:57:09.000152+00:00,NEAR,14393621.408344,1322610.927428
2026-09-23 16:57:09.000152+00:00,INJ,8397082.385812,0.0
2026-09-23 16:57:09.000152+00:00,CASHCAT,0.0,7403432.625858
2026-09-23 16:57:09.000152+00:00,SOL,1123071.325308,5698885.0
2026-09-23 16:57:09.000152+00:00,ETH,6556549.099215999,0.0
2026-09-23 16:57:09.000152+00:00,PONS,4560938.845186001,692096.78106
2026-09-23 16:57:09.000152+00:00,ARB,1568406.075679,1039035.151248
2026-09-23 16:57:09.000152+00:00,AERO,2507657.88,0.0
2026-09-23 16:57:09.000152+00:00,ENA,1239194.777444,1152602.756734
2026-09-23 16:57:09.000152+00:00,GRASS,1970184.0,0.0
2026-09-23 16:57:09.000152+00:00,UNI,1863025.123036,0.0
2026-09-23 16:57:09.000152+00:00,PUMP,1798902.958418,0.0
2026-09-23 16:57:09.000152+00:00,XRP,361450.959797,1121932.5
2026-09-23 16:57:09.000152+00:00,TAO,1436043.3681450002,0.0
2026-09-23 16:57:09.000152+00:00,ZRO,1417109.2671259998,0.0
2026-09-23 16:57:09.000152+00:00,VVV,1357663.5,0.0
2026-09-23 16:57:09.000152+00:00,DOGE,1232517.434214,0.0
2026-09-23 16:57:09.000152+00:00,kPEPE,604291.86264,522482.60103
2026-09-23 16:57:09.000152+00:00,CHIP,614734.527575,0.0
2026-09-23 16:57:09.000152+00:00,NIL,286855.79514,0.0
2026-09-23 16:57:09.000152+00:00,CRV,113710.3592,0.0
2026-09-23 16:57:09.000152+00:00,XPL,102076.0,0.0
2026-09-23 16:57:09.000152+00:00,LTC,100586.889504,0.0
2026-09-23 16:57:09.000152+00:00,USELESS,87591.224768,0.0
2026-09-23 16:57:09.000152+00:00,PENDLE,82573.49137500001,0.0
2026-09-23 16:57:09.000152+00:00,BCH,56115.532656,0.0
2026-09-23 16:57:09.000152+00:00,XMR,580.74,0.0
2026-09-23 16:57:09.000152+00:00,MORPHO,12.863500000000002,0.0
2026-09-23 16:57:09.000152+00:00,AVAX,11.449,0.0
2026-09-23 20:22:01.532057+00:00,BTC,51472125.04813899,30676165.855766
2026-09-23 20:22:01.532057+00:00,ZEC,43130651.123507,7633093.4
2026-09-23 20:22:01.532057+00:00,HYPE,36564308.53047999,2306614.27217
2026-09-23 20:22:01.532057+00:00,LIT,24514325.759749,0.0
2026-09-23 20:22:01.532057+00:00,NEAR,16954782.391763,1322610.927428
2026-09-23 20:22:01.532057+00:00,SOL,1123071.325308,7980903.0
2026-09-23 20:22:01.532057+00:00,INJ,8397082.385812,0.0
2026-09-23 20:22:01.532057+00:00,XRP,361450.959797,7457240.000000001
2026-09-23 20:22:01.532057+00:00,CASHCAT,0.0,7403432.625858
2026-09-23 20:22:01.532057+00:00,SUI,6698263.243608001,0.0
2026-09-23 20:22:01.532057+00:00,PONS,4560938.845186001,1816109.78106
2026-09-23 20:22:01.532057+00:00,ETH,5269741.378528,0.0
2026-09-23 20:22:01.532057+00:00,ENA,2679436.8922090004,1152602.756734
2026-09-23 20:22:01.532057+00:00,PUMP,2600816.412378,0.0
2026-09-23 20:22:01.532057+00:00,AERO,2507657.88,0.0
2026-09-23 20:22:01.532057+00:00,ARB,1454301.075679,1039035.151248
2026-09-23 20:22:01.532057+00:00,GRASS,1970184.0,0.0
2026-09-23 20:22:01.532057+00:00,TAO,1647904.370761,0.0
2026-09-23 20:22:01.532057+00:00,ZRO,1602774.745426,0.0
2026-09-23 20:22:01.532057+00:00,UNI,1274671.572126,0.0
2026-09-23 20:22:01.532057+00:00,DOGE,1232517.434214,0.0
2026-09-23 20:22:01.532057+00:00,kPEPE,604291.86264,522482.60103
2026-09-23 20:22:01.532057+00:00,BCH,952173.093664,0.0
2026-09-23 20:22:01.532057+00:00,CHIP,614734.527575,0.0
2026-09-23 20:22:01.532057+00:00,SYRUP,448138.48833,0.0
2026-09-23 20:22:01.532057+00:00,VVV,366969.298956,0.0
2026-09-23 20:22:01.532057+00:00,XPL,191085.0,0.0
2026-09-23 20:22:01.532057+00:00,CRV,113710.3592,0.0
2026-09-23 20:22:01.532057+00:00,LTC,100586.889504,0.0
2026-09-23 20:22:01.532057+00:00,USELESS,87591.224768,0.0
2026-09-23 20:22:01.532057+00:00,PENDLE,83015.83604700002,0.0
2026-09-23 20:22:01.532057+00:00,JTO,67853.92311,0.0
2026-09-23 20:22:01.532057+00:00,NIL,61897.957926,0.0
2026-09-23 20:22:01.532057+00:00,ETHFI,16935.577119999998,0.0
2026-09-23 20:22:01.532057+00:00,XMR,580.74,0.0
2026-09-23 20:22:01.532057+00:00,AAVE,16.50579,0.0
2026-09-23 20:22:01.532057+00:00,MORPHO,12.863500000000002,0.0
2026-09-23 20:22:01.532057+00:00,AVAX,11.449,0.0
2026-09-23 20:22:01.532057+00:00,LINK,6.823794,0.0
2026-09-23 20:22:01.532057+00:00,GRAM,1.58224,0.0
2026-09-23 23:41:28.354711+00:00,BTC,170405971.540098,25077849.413054
2026-09-23 23:41:28.354711+00:00,HYPE,41666960.726876,2306614.27217
2026-09-23 23:41:28.354711+00:00,ZEC,24155425.005312,10587420.4225
2026-09-23 23:41:28.354711+00:00,LIT,23807922.636719,0.0
2026-09-23 23:41:28.354711+00:00,NEAR,15088316.581751,2806811.923953
2026-09-23 23:41:28.354711+00:00,INJ,8397082.385812,0.0
2026-09-23 23:41:28.354711+00:00,CASHCAT,0.0,7403432.625858
2026-09-23 23:41:28.354711+00:00,ETH,5799625.106439999,0.0
2026-09-23 23:41:28.354711+00:00,PONS,3530653.5777640003,1894478.06106
2026-09-23 23:41:28.354711+00:00,ENA,3353691.335905,1152602.756734
2026-09-23 23:41:28.354711+00:00,PUMP,2575759.994796,0.0
2026-09-23 23:41:28.354711+00:00,ARB,1089803.567356,1039035.151248
2026-09-23 23:41:28.354711+00:00,ZRO,1417109.2671259998,0.0
2026-09-23 23:41:28.354711+00:00,TAO,1272432.7257420002,0.0
2026-09-23 23:41:28.354711+00:00,DOGE,1228370.575082,0.0
2026-09-23 23:41:28.354711+00:00,UNI,1134829.537976,0.0
2026-09-23 23:41:28.354711+00:00,SOL,953565.525024,0.0
2026-09-23 23:41:28.354711+00:00,kPEPE,275260.3077,522482.60103
2026-09-23 23:41:28.354711+00:00,BCH,752239.532656,0.0
2026-09-23 23:41:28.354711+00:00,XRP,622620.6389,0.0
2026-09-23 23:41:28.354711+00:00,CHIP,614734.527575,0.0
2026-09-23 23:41:28.354711+00:00,SYRUP,448138.48833,0.0
2026-09-23 23:41:28.354711+00:00,NIL,417585.8817,0.0
2026-09-23 23:41:28.354711+00:00,CRV,113710.3592,0.0
2026-09-23 23:41:28.354711+00:00,LTC,100586.889504,0.0
2026-09-23 23:41:28.354711+00:00,XPL,89009.0,0.0
2026-09-23 23:41:28.354711+00:00,USELESS,87591.224768,0.0
2026-09-23 23:41:28.354711+00:00,JTO,67853.92311,0.0
2026-09-23 23:41:28.354711+00:00,ETHFI,16935.577119999998,0.0
2026-09-23 23:41:28.354711+00:00,PENDLE,442.344672,0.0
2026-09-24 04:49:20.155835+00:00,BTC,32354453.524474,25259149.151394
2026-09-24 04:49:20.155835+00:00,ZEC,18031485.722428,4140769.656838
2026-09-24 04:49:20.155835+00:00,HYPE,16976225.605352,3219597.27217
2026-09-24 04:49:20.155835+00:00,NEAR,17862055.372424,1322610.927428
2026-09-24 04:49:20.155835+00:00,INJ,8397082.385812,0.0
2026-09-24 04:49:20.155835+00:00,CASHCAT,0.0,7403432.625858
2026-09-24 04:49:20.155835+00:00,ETH,5217225.80101,0.0
2026-09-24 04:49:20.155835+00:00,LIT,3224627.7060860004,0.0
2026-09-24 04:49:20.155835+00:00,ENA,1522643.214056,1152602.756734
2026-09-24 04:49:20.155835+00:00,PUMP,2286981.503947,0.0
2026-09-24 04:49:20.155835+00:00,PONS,263944.728789,1855293.92106
2026-09-24 04:49:20.155835+00:00,ARB,965066.658343,1039035.151248
2026-09-24 04:49:20.155835+00:00,VVV,1647090.625509,0.0
2026-09-24 04:49:20.155835+00:00,kPEPE,575649.132018,522482.60103
2026-09-24 04:49:20.155835+00:00,SOL,953565.525024,0.0
2026-09-24 04:49:20.155835+00:00,BCH,752239.532656,0.0
2026-09-24 04:49:20.155835+00:00,NIL,592425.294927,0.0
2026-09-24 04:49:20.155835+00:00,SYRUP,448138.48833,0.0
2026-09-24 04:49:20.155835+00:00,TAO,444322.720971,0.0
2026-09-24 04:49:20.155835+00:00,LTC,436467.889504,0.0
2026-09-24 04:49:20.155835+00:00,XRP,361450.959797,0.0
2026-09-24 04:49:20.155835+00:00,CHIP,183835.0,0.0
2026-09-24 04:49:20.155835+00:00,TIA,173943.0,0.0
2026-09-24 04:49:20.155835+00:00,XPL,157944.5,0.0
2026-09-24 04:49:20.155835+00:00,CRV,113710.3592,0.0
2026-09-24 04:49:20.155835+00:00,AERO,102763.94747,0.0
2026-09-24 04:49:20.155835+00:00,USELESS,87591.224768,0.0
2026-09-24 04:49:20.155835+00:00,COMP,85612.0,0.0
2026-09-24 04:49:20.155835+00:00,ZEN,61064.021349,0.0
2026-09-24 04:49:20.155835+00:00,AZTEC,44812.570806,0.0
2026-09-24 04:49:20.155835+00:00,MET,0.0,11047.47761
2026-09-24 10:00:17.754947+00:00,BTC,31740882.534898,37784405.622708
2026-09-24 10:00:17.754947+00:00,ZEC,16885759.047784,5317360.91977
2026-09-24 10:00:17.754947+00:00,HYPE,19666851.140074,2332708.098788
2026-09-24 10:00:17.754947+00:00,NEAR,16483933.025515,843983.8089960001
2026-09-24 10:00:17.754947+00:00,INJ,8397082.385812,0.0
2026-09-24 10:00:17.754947+00:00,CASHCAT,0.0,7403432.625858
2026-09-24 10:00:17.754947+00:00,ETH,1794011.8010099998,3484116.970194
2026-09-24 10:00:17.754947+00:00,LIT,4807379.850718001,0.0
2026-09-24 10:00:17.754947+00:00,PONS,414293.5777640001,1842232.54106
2026-09-24 10:00:17.754947+00:00,ENA,993848.973609,1152602.756734
2026-09-24 10:00:17.754947+00:00,PUMP,2032371.503947,0.0
2026-09-24 10:00:17.754947+00:00,ARB,600569.15002,1039035.151248
2026-09-24 10:00:17.754947+00:00,SOL,953565.525024,647687.55744
2026-09-24 10:00:17.754947+00:00,NIL,896328.325921,368028.140272
2026-09-24 10:00:17.754947+00:00,UNI,1134829.537976,0.0
2026-09-24 10:00:17.754947+00:00,TAO,848258.274412,0.0
2026-09-24 10:00:17.754947+00:00,kPEPE,229918.3077,522482.60103
2026-09-24 10:00:17.754947+00:00,VVV,730916.6714819999,0.0
2026-09-24 10:00:17.754947+00:00,LTC,470384.501324,0.0
2026-09-24 10:00:17.754947+00:00,SYRUP,448138.48833,0.0
2026-09-24 10:00:17.754947+00:00,VIRTUAL,200875.4,0.0
2026-09-24 10:00:17.754947+00:00,XMR,184757.757283,0.0
2026-09-24 10:00:17.754947+00:00,TIA,173943.0,0.0
2026-09-24 10:00:17.754947+00:00,XPL,168329.6533,0.0
2026-09-24 10:00:17.754947+00:00,CRV,113710.3592,0.0
2026-09-24 10:00:17.754947+00:00,AERO,102763.94747,0.0
2026-09-24 10:00:17.754947+00:00,XRP,98290.989776,0.0
2026-09-24 10:00:17.754947+00:00,USELESS,87591.224768,0.0
2026-09-24 10:00:17.754947+00:00,COMP,85612.0,0.0
2026-09-24 10:00:17.754947+00:00,ZEN,61064.021349,0.0
2026-09-24 10:00:17.754947+00:00,BCH,56115.532656,0.0
2026-09-24 10:00:17.754947+00:00,DOGE,46030.461386,0.0
2026-09-24 10:00:17.754947+00:00,AZTEC,44812.570806,0.0
2026-09-24 15:05:49.832003+00:00,BTC,155873426.699837,20193565.093464
2026-09-24 15:05:49.832003+00:00,ZEC,53626897.143283,3660663.22357
2026-09-24 15:05:49.832003+00:00,NEAR,24381288.069153,563153.108996
2026-09-24 15:05:49.832003+00:00,ETH,22485397.273862,266748.0
2026-09-24 15:05:49.832003+00:00,HYPE,17127351.830392003,1975697.052434
2026-09-24 15:05:49.832003+00:00,CASHCAT,2106493.0,7403432.625858
2026-09-24 15:05:49.832003+00:00,INJ,8397082.385812,0.0
2026-09-24 15:05:49.832003+00:00,LINK,7307142.490164999,0.0
2026-09-24 15:05:49.832003+00:00,GRAM,4700237.97376,0.0
2026-09-24 15:05:49.832003+00:00,SOL,3939189.088536,0.0
2026-09-24 15:05:49.832003+00:00,ENA,2732670.734832,1152602.756734
2026-09-24 15:05:49.832003+00:00,LTC,3821129.228991,0.0
2026-09-24 15:05:49.832003+00:00,PUMP,3761792.423705,0.0
2026-09-24 15:05:49.832003+00:00,WLD,3508250.220333,0.0
2026-09-24 15:05:49.832003+00:00,TAO,2976488.685312,0.0
2026-09-24 15:05:49.832003+00:00,DOGE,2974041.220896,0.0
2026-09-24 15:05:49.832003+00:00,kPEPE,2753519.610842,0.0
2026-09-24 15:05:49.832003+00:00,XRP,2707782.1497639995,0.0
2026-09-24 15:05:49.832003+00:00,kBONK,2660110.354076,0.0
2026-09-24 15:05:49.832003+00:00,XPL,2438536.1280340003,0.0
2026-09-24 15:05:49.832003+00:00,ARB,1310453.567356,1039035.151248
2026-09-24 15:05:49.832003+00:00,AVAX,2059791.40212,0.0
2026-09-24 15:05:49.832003+00:00,FET,2028372.34748,0.0
2026-09-24 15:05:49.832003+00:00,ASTER,2024308.9832,0.0
2026-09-24 15:05:49.832003+00:00,FARTCOIN,1919302.484619,0.0
2026-09-24 15:05:49.832003+00:00,ZRO,1850042.215796,0.0
2026-09-24 15:05:49.832003+00:00,AAVE,1761006.9644159998,0.0
2026-09-24 15:05:49.832003+00:00,MNT,1732168.6865279998,0.0
2026-09-24 15:05:49.832003+00:00,TRX,1710595.0,0.0
2026-09-24 15:05:49.832003+00:00,PONS,971722.728789,694471.993013
2026-09-24 15:05:49.832003+00:00,APEX,1467379.34,0.0
2026-09-24 15:05:49.832003+00:00,SUI,1423421.216811,0.0
2026-09-24 15:05:49.832003+00:00,IMX,1386822.3208070002,0.0
2026-09-24 15:05:49.832003+00:00,WIF,1324519.54,0.0
2026-09-24 15:05:49.832003+00:00,CFX,1318408.196426,0.0
2026-09-24 15:05:49.832003+00:00,BCH,1152140.954095,0.0
2026-09-24 15:05:49.832003+00:00,GRASS,1110060.0,0.0
2026-09-24 15:05:49.832003+00:00,ADA,1096193.392,0.0
2026-09-24 15:05:49.832003+00:00,ENS,1076216.946842,0.0
2026-09-24 15:05:49.832003+00:00,LINEA,857724.935715,0.0
2026-09-24 15:05:49.832003+00:00,HBAR,854893.9756679999,0.0
2026-09-24 15:05:49.832003+00:00,POPCAT,845395.1359999999,0.0
2026-09-24 15:05:49.832003+00:00,FIL,841260.0,0.0
2026-09-24 15:05:49.832003+00:00,VVV,613263.290514,0.0
2026-09-24 15:05:49.832003+00:00,NIL,534776.166464,0.0
2026-09-24 15:05:49.832003+00:00,PNUT,502982.72,0.0
2026-09-24 15:05:49.832003+00:00,kSHIB,490306.64,0.0
2026-09-24 15:05:49.832003+00:00,UNI,431112.548451,22259.175
2026-09-24 15:05:49.832003+00:00,SYRUP,448138.48833,0.0
2026-09-24 15:05:49.832003+00:00,ONDO,414098.80859,0.0
2026-09-24 15:05:49.832003+00:00,LIT,394640.736086,0.0
2026-09-24 15:05:49.832003+00:00,STRK,362715.46784,0.0
2026-09-24 15:05:49.832003+00:00,W,288900.0,0.0
2026-09-24 15:05:49.832003+00:00,USELESS,275899.0,0.0
2026-09-24 15:05:49.832003+00:00,PENDLE,237258.291982,0.0
2026-09-24 15:05:49.832003+00:00,ETHFI,236468.575949,0.0
2026-09-24 15:05:49.832003+00:00,VIRTUAL,200875.4,0.0
2026-09-24 15:05:49.832003+00:00,TIA,173943.0,0.0
2026-09-24 15:05:49.832003+00:00,SPX,162587.243197,0.0
2026-09-24 15:05:49.832003+00:00,JUP,136126.687725,0.0
2026-09-24 15:05:49.832003+00:00,LDO,120065.686398,0.0
2026-09-24 15:05:49.832003+00:00,CRV,113710.3592,0.0
2026-09-24 15:05:49.832003+00:00,COMP,85612.0,0.0
2026-09-24 15:05:49.832003+00:00,MET,0.0,33102.8
2026-09-24 19:09:41.554869+00:00,BTC,160460377.30395302,24831609.413054
2026-09-24 19:09:41.554869+00:00,ZEC,80588710.121769,2424640.894021
2026-09-24 19:09:41.554869+00:00,SOL,53227030.66703899,0.0
2026-09-24 19:09:41.554869+00:00,HYPE,43741673.841921,1406847.0
2026-09-24 19:09:41.554869+00:00,ETH,35368168.233292,1584984.0
2026-09-24 19:09:41.554869+00:00,NEAR,24299229.258384,423183.808996
2026-09-24 19:09:41.554869+00:00,LIT,16081576.774902,524406.6
2026-09-24 19:09:41.554869+00:00,CASHCAT,2943834.359631,7403432.625858
2026-09-24 19:09:41.554869+00:00,PUMP,10198539.646601,0.0
2026-09-24 19:09:41.554869+00:00,SUI,9277282.184176002,0.0
2026-09-24 19:09:41.554869+00:00,INJ,8397082.385812,0.0
2026-09-24 19:09:41.554869+00:00,LINK,7409504.778261999,0.0
2026-09-24 19:09:41.554869+00:00,ENA,4098693.329992,1152602.756734
2026-09-24 19:09:41.554869+00:00,PONS,4088082.728789001,692096.78106
2026-09-24 19:09:41.554869+00:00,GRAM,4700239.556,0.0
2026-09-24 19:09:41.554869+00:00,LTC,4120867.277661,0.0
2026-09-24 19:09:41.554869+00:00,WLD,3508250.220333,0.0
2026-09-24 19:09:41.554869+00:00,XPL,3495014.958378,0.0
2026-09-24 19:09:41.554869+00:00,GRASS,3080244.0,0.0
2026-09-24 19:09:41.554869+00:00,DOGE,3074815.535238,0.0
2026-09-24 19:09:41.554869+00:00,kBONK,2660110.354076,0.0
2026-09-24 19:09:41.554869+00:00,kPEPE,2559569.610842,0.0
2026-09-24 19:09:41.554869+00:00,XRP,2546842.5938679995,0.0
2026-09-24 19:09:41.554869+00:00,AERO,2507657.88,0.0
2026-09-24 19:09:41.554869+00:00,FARTCOIN,2422179.130482,0.0
2026-09-24 19:09:41.554869+00:00,TAO,2145964.685312,0.0
2026-09-24 19:09:41.554869+00:00,ARB,1089803.567356,1039035.151248
2026-09-24 19:09:41.554869+00:00,AAVE,2095207.294796,0.0
2026-09-24 19:09:41.554869+00:00,AVAX,2059791.40212,0.0
2026-09-24 19:09:41.554869+00:00,FET,2028372.34748,0.0
2026-09-24 19:09:41.554869+00:00,ASTER,2024308.9832,0.0
2026-09-24 19:09:41.554869+00:00,ZRO,1834665.915796,0.0
2026-09-24 19:09:41.554869+00:00,MNT,1732168.6865279998,0.0
2026-09-24 19:09:41.554869+00:00,TRX,1710595.0,0.0
2026-09-24 19:09:41.554869+00:00,VVV,1570197.851028,0.0
2026-09-24 19:09:41.554869+00:00,APEX,1467379.34,0.0
2026-09-24 19:09:41.554869+00:00,IMX,1386822.3208070002,0.0
2026-09-24 19:09:41.554869+00:00,WIF,1324519.54,0.0
2026-09-24 19:09:41.554869+00:00,CFX,1318408.196426,0.0
2026-09-24 19:09:41.554869+00:00,BCH,1152140.954095,0.0
2026-09-24 19:09:41.554869+00:00,ADA,1096193.392,0.0
2026-09-24 19:09:41.554869+00:00,ENS,1076216.946842,0.0
2026-09-24 19:09:41.554869+00:00,UNI,918394.265716,0.0
2026-09-24 19:09:41.554869+00:00,LINEA,857724.935715,0.0
2026-09-24 19:09:41.554869+00:00,HBAR,854893.9756679999,0.0
2026-09-24 19:09:41.554869+00:00,POPCAT,845395.1359999999,0.0
2026-09-24 19:09:41.554869+00:00,FIL,841260.0,0.0
2026-09-24 19:09:41.554869+00:00,TRUMP,778780.02204,0.0
2026-09-24 19:09:41.554869+00:00,PNUT,502982.72,0.0
2026-09-24 19:09:41.554869+00:00,kSHIB,490306.64,0.0
2026-09-24 19:09:41.554869+00:00,SYRUP,448138.48833,0.0
2026-09-24 19:09:41.554869+00:00,STRK,362715.46784,0.0
2026-09-24 19:09:41.554869+00:00,NIL,305950.023432,0.0
2026-09-24 19:09:41.554869+00:00,ONDO,300601.334506,0.0
2026-09-24 19:09:41.554869+00:00,W,288900.0,0.0
2026-09-24 19:09:41.554869+00:00,USELESS,275899.0,0.0
2026-09-24 19:09:41.554869+00:00,CAKE,184886.376661,0.0
2026-09-24 19:09:41.554869+00:00,SPX,179065.014552,0.0
2026-09-24 19:09:41.554869+00:00,PENDLE,119817.480912,0.0
2026-09-24 19:09:41.554869+00:00,GMX,118788.0,0.0
2026-09-24 19:09:41.554869+00:00,CRV,113710.3592,0.0
2026-09-24 19:09:41.554869+00:00,ZEN,61064.021349,0.0
2026-09-24 19:09:41.554869+00:00,AZTEC,44812.570806,0.0
2026-09-24 22:23:52.784248+00:00,BTC,160875797.375221,19792692.293464
2026-09-24 22:23:52.784248+00:00,ZEC,76535379.16741697,861935.4940210001
2026-09-24 22:23:52.784248+00:00,SOL,49202795.80427499,0.0
2026-09-24 22:23:52.784248+00:00,HYPE,35076400.895695,0.0
2026-09-24 22:23:52.784248+00:00,ETH,34831739.360410005,0.0
2026-09-24 22:23:52.784248+00:00,NEAR,25191672.972365,423183.808996
2026-09-24 22:23:52.784248+00:00,CASHCAT,2706271.933792,7403432.625858
2026-09-24 22:23:52.784248+00:00,SUI,9277282.184176002,0.0
2026-09-24 22:23:52.784248+00:00,ENA,7514397.329992,1152602.756734
2026-09-24 22:23:52.784248+00:00,INJ,8397082.385812,0.0
2026-09-24 22:23:52.784248+00:00,LINK,7002810.154245999,0.0
2026-09-24 22:23:52.784248+00:00,PUMP,6151573.929385001,0.0
2026-09-24 22:23:52.784248+00:00,GRAM,5022539.001,0.0
2026-09-24 22:23:52.784248+00:00,WLD,4740873.598618,0.0
2026-09-24 22:23:52.784248+00:00,LTC,4646057.494488,0.0
2026-09-24 22:23:52.784248+00:00,XPL,4073689.514641,0.0
2026-09-24 22:23:52.784248+00:00,XRP,3889125.865467,0.0
2026-09-24 22:23:52.784248+00:00,DOGE,2974041.220896,0.0
2026-09-24 22:23:52.784248+00:00,kPEPE,2798861.610842,0.0
2026-09-24 22:23:52.784248+00:00,kBONK,2660110.354076,0.0
2026-09-24 22:23:52.784248+00:00,FARTCOIN,2422179.130482,0.0
2026-09-24 22:23:52.784248+00:00,TAO,2234837.285312,0.0
2026-09-24 22:23:52.784248+00:00,ARB,1089803.567356,1039035.151248
2026-09-24 22:23:52.784248+00:00,AAVE,2074651.86638,0.0
2026-09-24 22:23:52.784248+00:00,AVAX,2059791.40212,0.0
2026-09-24 22:23:52.784248+00:00,FET,2028372.34748,0.0
2026-09-24 22:23:52.784248+00:00,ASTER,2024308.9832,0.0
2026-09-24 22:23:52.784248+00:00,ZRO,1834665.915796,0.0
2026-09-24 22:23:52.784248+00:00,MNT,1732168.6865279998,0.0
2026-09-24 22:23:52.784248+00:00,TRX,1710595.0,0.0
2026-09-24 22:23:52.784248+00:00,PONS,971722.728789,692096.78106
2026-09-24 22:23:52.784248+00:00,VVV,1570197.851028,0.0
2026-09-24 22:23:52.784248+00:00,APEX,1467379.34,0.0
2026-09-24 22:23:52.784248+00:00,IMX,1386822.3208070002,0.0
2026-09-24 22:23:52.784248+00:00,WIF,1324519.54,0.0
2026-09-24 22:23:52.784248+00:00,CFX,1318408.196426,0.0
2026-09-24 22:23:52.784248+00:00,GRASS,1247308.0,0.0
2026-09-24 22:23:52.784248+00:00,XMR,1224521.951029,0.0
2026-09-24 22:23:52.784248+00:00,BCH,1152140.954095,0.0
2026-09-24 22:23:52.784248+00:00,ONDO,1151968.304603,0.0
2026-09-24 22:23:52.784248+00:00,ADA,1096193.392,0.0
2026-09-24 22:23:52.784248+00:00,ENS,1076216.946842,0.0
2026-09-24 22:23:52.784248+00:00,LINEA,857724.935715,0.0
2026-09-24 22:23:52.784248+00:00,HBAR,854893.9756679999,0.0
2026-09-24 22:23:52.784248+00:00,POPCAT,845395.1359999999,0.0
2026-09-24 22:23:52.784248+00:00,FIL,841260.0,0.0
2026-09-24 22:23:52.784248+00:00,UNI,769646.757976,0.0
2026-09-24 22:23:52.784248+00:00,TRUMP,693114.3031859999,0.0
2026-09-24 22:23:52.784248+00:00,SYRUP,617123.600488,0.0
2026-09-24 22:23:52.784248+00:00,PNUT,502982.72,0.0
2026-09-24 22:23:52.784248+00:00,kSHIB,490306.64,0.0
2026-09-24 22:23:52.784248+00:00,NIL,472604.968532,0.0
2026-09-24 22:23:52.784248+00:00,LIT,394640.736086,0.0
2026-09-24 22:23:52.784248+00:00,STRK,362715.46784,0.0
2026-09-24 22:23:52.784248+00:00,SKY,291553.291778,0.0
2026-09-24 22:23:52.784248+00:00,W,288900.0,0.0
2026-09-24 22:23:52.784248+00:00,USELESS,275899.0,0.0
2026-09-24 22:23:52.784248+00:00,CAKE,192632.3,0.0
2026-09-24 22:23:52.784248+00:00,CHIP,183835.0,0.0
2026-09-24 22:23:52.784248+00:00,VIRTUAL,174242.5,0.0
2026-09-24 22:23:52.784248+00:00,AZTEC,147466.969254,0.0
2026-09-24 22:23:52.784248+00:00,GMX,118788.0,0.0
2026-09-24 22:23:52.784248+00:00,AR,118365.766684,0.0
2026-09-24 22:23:52.784248+00:00,CRV,113710.3592,0.0
2026-09-24 22:23:52.784248+00:00,TIA,95437.992237,0.0
2026-09-24 22:23:52.784248+00:00,COMP,85612.0,0.0
2026-09-24 22:23:52.784248+00:00,ZEN,61064.021349,0.0
2026-09-24 22:23:52.784248+00:00,2Z,42809.645578,0.0
2026-09-25 01:29:54.582799+00:00,BTC,235128482.676878,19792692.293464
2026-09-25 01:29:54.582799+00:00,ZEC,70330194.52245899,0.0
2026-09-25 01:29:54.582799+00:00,SOL,47874047.982458994,0.0
2026-09-25 01:29:54.582799+00:00,NEAR,25033254.930926003,423183.808996
2026-09-25 01:29:54.582799+00:00,HYPE,24957152.295695,0.0
2026-09-25 01:29:54.582799+00:00,ETH,14629977.515018,0.0
2026-09-25 01:29:54.582799+00:00,LINK,11696306.154246,0.0
2026-09-25 01:29:54.582799+00:00,SUI,10082445.460419,0.0
2026-09-25 01:29:54.582799+00:00,CASHCAT,2206959.433792,7403432.625858
2026-09-25 01:29:54.582799+00:00,ENA,8164924.709832,1152602.756734
2026-09-25 01:29:54.582799+00:00,INJ,8397082.385812,0.0
2026-09-25 01:29:54.582799+00:00,GRAM,5022539.001,0.0
2026-09-25 01:29:54.582799+00:00,WLD,4740873.598618,0.0
2026-09-25 01:29:54.582799+00:00,LTC,4497529.792344,0.0
2026-09-25 01:29:54.582799+00:00,XPL,4394642.338701,0.0
2026-09-25 01:29:54.582799+00:00,PUMP,4316823.929385001,0.0
2026-09-25 01:29:54.582799+00:00,XRP,3889125.865467,295043.2
2026-09-25 01:29:54.582799+00:00,DOGE,2974041.220896,0.0
2026-09-25 01:29:54.582799+00:00,kPEPE,2762893.303142,0.0
2026-09-25 01:29:54.582799+00:00,kBONK,2660110.354076,0.0
2026-09-25 01:29:54.582799+00:00,FARTCOIN,2422179.130482,0.0
2026-09-25 01:29:54.582799+00:00,TAO,2234837.285312,0.0
2026-09-25 01:29:54.582799+00:00,ARB,1089803.567356,1039035.151248
2026-09-25 01:29:54.582799+00:00,AAVE,2074651.86638,0.0
2026-09-25 01:29:54.582799+00:00,AVAX,2059791.40212,0.0
2026-09-25 01:29:54.582799+00:00,FET,2028372.34748,0.0
2026-09-25 01:29:54.582799+00:00,ASTER,2024308.9832,0.0
2026-09-25 01:29:54.582799+00:00,ZRO,1834665.915796,0.0
2026-09-25 01:29:54.582799+00:00,MNT,1732168.6865279998,0.0
2026-09-25 01:29:54.582799+00:00,TRX,1710595.0,0.0
2026-09-25 01:29:54.582799+00:00,PONS,971722.728789,692096.78106
2026-09-25 01:29:54.582799+00:00,VVV,1570197.851028,0.0
2026-09-25 01:29:54.582799+00:00,APEX,1467379.34,0.0
2026-09-25 01:29:54.582799+00:00,IMX,1386822.3208070002,0.0
2026-09-25 01:29:54.582799+00:00,WIF,1324519.54,0.0
2026-09-25 01:29:54.582799+00:00,CFX,1318408.196426,0.0
2026-09-25 01:29:54.582799+00:00,GRASS,1247308.0,0.0
2026-09-25 01:29:54.582799+00:00,XMR,1224521.951029,0.0
2026-09-25 01:29:54.582799+00:00,LIT,1211076.286086,0.0
2026-09-25 01:29:54.582799+00:00,ONDO,1164619.87119,0.0
2026-09-25 01:29:54.582799+00:00,BCH,1152140.954095,0.0
2026-09-25 01:29:54.582799+00:00,ADA,1096193.392,0.0
2026-09-25 01:29:54.582799+00:00,ENS,1076216.946842,0.0
2026-09-25 01:29:54.582799+00:00,LINEA,857724.935715,0.0
2026-09-25 01:29:54.582799+00:00,HBAR,854893.9756679999,0.0
2026-09-25 01:29:54.582799+00:00,POPCAT,845395.1359999999,0.0
2026-09-25 01:29:54.582799+00:00,FIL,841260.0,0.0
2026-09-25 01:29:54.582799+00:00,UNI,769646.757976,0.0
2026-09-25 01:29:54.582799+00:00,SYRUP,617123.600488,0.0
2026-09-25 01:29:54.582799+00:00,PNUT,502982.72,0.0
2026-09-25 01:29:54.582799+00:00,kSHIB,490306.64,0.0
2026-09-25 01:29:54.582799+00:00,AR,370954.789657,0.0
2026-09-25 01:29:54.582799+00:00,STRK,362715.46784,0.0
2026-09-25 01:29:54.582799+00:00,SKY,291553.291778,0.0
2026-09-25 01:29:54.582799+00:00,W,288900.0,0.0
2026-09-25 01:29:54.582799+00:00,USELESS,275899.0,0.0
2026-09-25 01:29:54.582799+00:00,MON,272594.779597,0.0
2026-09-25 01:29:54.582799+00:00,ETHFI,236468.575949,0.0
2026-09-25 01:29:54.582799+00:00,CAKE,192632.3,0.0
2026-09-25 01:29:54.582799+00:00,CHIP,183835.0,0.0
2026-09-25 01:29:54.582799+00:00,VIRTUAL,174242.5,0.0
2026-09-25 01:29:54.582799+00:00,NIL,166654.9451,0.0
2026-09-25 01:29:54.582799+00:00,AZTEC,147466.969254,0.0
2026-09-25 01:29:54.582799+00:00,JUP,136126.687725,0.0
2026-09-25 01:29:54.582799+00:00,LDO,120065.686398,0.0
2026-09-25 01:29:54.582799+00:00,GMX,118788.0,0.0
2026-09-25 01:29:54.582799+00:00,PENDLE,117440.81107,0.0
2026-09-25 01:29:54.582799+00:00,CRV,113710.3592,0.0
2026-09-25 01:29:54.582799+00:00,TIA,95437.992237,0.0
2026-09-25 01:29:54.582799+00:00,ZEN,61064.021349,0.0
2026-09-25 01:29:54.582799+00:00,2Z,44607.673218,0.0
2026-09-25 07:47:28.467888+00:00,BTC,153076553.69190502,19792692.293464
2026-09-25 07:47:28.467888+00:00,ZEC,76075279.05785999,0.0
2026-09-25 07:47:28.467888+00:00,SOL,49202795.80427499,0.0
2026-09-25 07:47:28.467888+00:00,HYPE,28988236.545695,0.0
2026-09-25 07:47:28.467888+00:00,NEAR,25075787.277855,423183.808996
2026-09-25 07:47:28.467888+00:00,ETH,12196226.300578,1584984.0
2026-09-25 07:47:28.467888+00:00,LINK,13037022.154246,0.0
2026-09-25 07:47:28.467888+00:00,CASHCAT,2706271.933792,7403432.625858
2026-09-25 07:47:28.467888+00:00,INJ,8397082.385812,0.0
2026-09-25 07:47:28.467888+00:00,XPL,7104791.069636,0.0
2026-09-25 07:47:28.467888+00:00,SUI,6698263.243608001,0.0
2026-09-25 07:47:28.467888+00:00,ENA,4949261.460297,1152602.756734
2026-09-25 07:47:28.467888+00:00,PUMP,5896963.929385001,0.0
2026-09-25 07:47:28.467888+00:00,GRAM,5022539.001,0.0
2026-09-25 07:47:28.467888+00:00,LTC,4406895.759624,0.0
2026-09-25 07:47:28.467888+00:00,WLD,3687633.662578,0.0
2026-09-25 07:47:28.467888+00:00,TAO,3366490.285312,0.0
2026-09-25 07:47:28.467888+00:00,kPEPE,2717551.303142,522482.60103
2026-09-25 07:47:28.467888+00:00,GRASS,3217492.0,0.0
2026-09-25 07:47:28.467888+00:00,DOGE,2974041.220896,0.0
2026-09-25 07:47:28.467888+00:00,XRP,2546842.5938679995,295043.2
2026-09-25 07:47:28.467888+00:00,kBONK,2660110.354076,0.0
2026-09-25 07:47:28.467888+00:00,AERO,2507657.88,0.0
2026-09-25 07:47:28.467888+00:00,FARTCOIN,2422179.130482,0.0
2026-09-25 07:47:28.467888+00:00,ARB,1089803.567356,1039035.151248
2026-09-25 07:47:28.467888+00:00,AAVE,2074651.86638,0.0
2026-09-25 07:47:28.467888+00:00,AVAX,2059791.40212,0.0
2026-09-25 07:47:28.467888+00:00,FET,2028372.34748,0.0
2026-09-25 07:47:28.467888+00:00,ASTER,2024308.9832,0.0
2026-09-25 07:47:28.467888+00:00,ZRO,1834665.915796,0.0
2026-09-25 07:47:28.467888+00:00,MNT,1732168.6865279998,0.0
2026-09-25 07:47:28.467888+00:00,TRX,1710595.0,0.0
2026-09-25 07:47:28.467888+00:00,PONS,971722.728789,692096.78106
2026-09-25 07:47:28.467888+00:00,VVV,1534014.647978,0.0
2026-09-25 07:47:28.467888+00:00,APEX,1467379.34,0.0
2026-09-25 07:47:28.467888+00:00,IMX,1386822.3208070002,0.0
2026-09-25 07:47:28.467888+00:00,WIF,1324519.54,0.0
2026-09-25 07:47:28.467888+00:00,CFX,1318408.196426,0.0
2026-09-25 07:47:28.467888+00:00,XMR,1224521.951029,0.0
2026-09-25 07:47:28.467888+00:00,LIT,1211076.286086,0.0
2026-09-25 07:47:28.467888+00:00,BCH,1152140.954095,0.0
2026-09-25 07:47:28.467888+00:00,ADA,1096193.392,0.0
2026-09-25 07:47:28.467888+00:00,ENS,1076216.946842,0.0
2026-09-25 07:47:28.467888+00:00,LINEA,857724.935715,0.0
2026-09-25 07:47:28.467888+00:00,HBAR,854893.9756679999,0.0
2026-09-25 07:47:28.467888+00:00,POPCAT,845395.1359999999,0.0
2026-09-25 07:47:28.467888+00:00,FIL,841260.0,0.0
2026-09-25 07:47:28.467888+00:00,UNI,769646.757976,0.0
2026-09-25 07:47:28.467888+00:00,SYRUP,617123.600488,0.0
2026-09-25 07:47:28.467888+00:00,ONDO,535342.8993159999,0.0
2026-09-25 07:47:28.467888+00:00,PNUT,502982.72,0.0
2026-09-25 07:47:28.467888+00:00,kSHIB,490306.64,0.0
2026-09-25 07:47:28.467888+00:00,VIRTUAL,375117.9,0.0
2026-09-25 07:47:28.467888+00:00,STRK,362715.46784,0.0
2026-09-25 07:47:28.467888+00:00,NIL,352984.9451,0.0
2026-09-25 07:47:28.467888+00:00,SKY,291553.291778,0.0
2026-09-25 07:47:28.467888+00:00,W,288900.0,0.0
2026-09-25 07:47:28.467888+00:00,USELESS,275899.0,0.0
2026-09-25 07:47:28.467888+00:00,CAKE,192632.3,0.0
2026-09-25 07:47:28.467888+00:00,AZTEC,147466.969254,0.0
2026-09-25 07:47:28.467888+00:00,GMX,118788.0,0.0
2026-09-25 07:47:28.467888+00:00,AR,118365.766684,0.0
2026-09-25 07:47:28.467888+00:00,CRV,113710.3592,0.0
2026-09-25 07:47:28.467888+00:00,TIA,95437.992237,0.0
2026-09-25 07:47:28.467888+00:00,ZEN,61064.021349,0.0
2026-09-25 07:47:28.467888+00:00,2Z,48216.78142,0.0
2026-09-25 13:46:23.634513+00:00,BTC,190657048.57087803,18111760.293464
2026-09-25 13:46:23.634513+00:00,ZEC,105274628.10233298,0.0
2026-09-25 13:46:23.634513+00:00,ETH,69192642.865004,1584984.0
2026-09-25 13:46:23.634513+00:00,SOL,57840942.845223,0.0
2026-09-25 13:46:23.634513+00:00,NEAR,25428606.585988,251758.258232
2026-09-25 13:46:23.634513+00:00,HYPE,25611969.5495,0.0
2026-09-25 13:46:23.634513+00:00,LINK,13226109.204306,0.0
2026-09-25 13:46:23.634513+00:00,SUI,11476794.7398,0.0
2026-09-25 13:46:23.634513+00:00,ENA,9291948.904598,735684.848899
2026-09-25 13:46:23.634513+00:00,PUMP,9933909.111611,0.0
2026-09-25 13:46:23.634513+00:00,CASHCAT,2949515.391347,6458511.546291
2026-09-25 13:46:23.634513+00:00,INJ,8397082.385812,0.0
2026-09-25 13:46:23.634513+00:00,LIT,5350108.12702,0.0
2026-09-25 13:46:23.634513+00:00,XPL,5305684.453199999,0.0
2026-09-25 13:46:23.634513+00:00,GRAM,4700239.556,0.0
2026-09-25 13:46:23.634513+00:00,WLD,4561490.156373,0.0
2026-09-25 13:46:23.634513+00:00,XRP,3873719.84703,295043.2
2026-09-25 13:46:23.634513+00:00,LTC,3856951.277661,0.0
2026-09-25 13:46:23.634513+00:00,DOGE,3689191.734257,0.0
2026-09-25 13:46:23.634513+00:00,TAO,3244292.206898,0.0
2026-09-25 13:46:23.634513+00:00,GRASS,3080244.0,0.0
2026-09-25 13:46:23.634513+00:00,kBONK,2660110.354076,0.0
2026-09-25 13:46:23.634513+00:00,AERO,2563692.564232,0.0
2026-09-25 13:46:23.634513+00:00,kPEPE,2523601.303142,0.0
2026-09-25 13:46:23.634513+00:00,FARTCOIN,2422179.130482,0.0
2026-09-25 13:46:23.634513+00:00,ARB,1310453.567356,1039035.151248
2026-09-25 13:46:23.634513+00:00,ZRO,2224375.915796,0.0
2026-09-25 13:46:23.634513+00:00,AAVE,2110198.049982,0.0
2026-09-25 13:46:23.634513+00:00,AVAX,2059791.40212,0.0
2026-09-25 13:46:23.634513+00:00,FET,2028372.34748,0.0
2026-09-25 13:46:23.634513+00:00,ASTER,2024308.9832,0.0
2026-09-25 13:46:23.634513+00:00,MNT,1732168.6865279998,0.0
2026-09-25 13:46:23.634513+00:00,TRX,1710595.0,0.0
2026-09-25 13:46:23.634513+00:00,VVV,1534014.647978,0.0
2026-09-25 13:46:23.634513+00:00,UNI,1513721.22028,0.0
2026-09-25 13:46:23.634513+00:00,APEX,1467379.34,0.0
2026-09-25 13:46:23.634513+00:00,PONS,971722.728789,432458.493732
2026-09-25 13:46:23.634513+00:00,IMX,1386822.3208070002,0.0
2026-09-25 13:46:23.634513+00:00,WIF,1324519.54,0.0
2026-09-25 13:46:23.634513+00:00,CFX,1318408.196426,0.0
2026-09-25 13:46:23.634513+00:00,BCH,1152140.954095,0.0
2026-09-25 13:46:23.634513+00:00,ADA,1096193.392,0.0
2026-09-25 13:46:23.634513+00:00,ENS,1076216.946842,0.0
2026-09-25 13:46:23.634513+00:00,ONDO,1019222.397106,0.0
2026-09-25 13:46:23.634513+00:00,LINEA,857724.935715,0.0
2026-09-25 13:46:23.634513+00:00,HBAR,854893.9756679999,0.0
2026-09-25 13:46:23.634513+00:00,POPCAT,845395.1359999999,0.0
2026-09-25 13:46:23.634513+00:00,FIL,841260.0,0.0
2026-09-25 13:46:23.634513+00:00,PNUT,502982.72,0.0
2026-09-25 13:46:23.634513+00:00,NIL,492044.462156,0.0
2026-09-25 13:46:23.634513+00:00,kSHIB,490306.64,0.0
2026-09-25 13:46:23.634513+00:00,STRK,466840.215618,0.0
2026-09-25 13:46:23.634513+00:00,SYRUP,448138.48833,0.0
2026-09-25 13:46:23.634513+00:00,CAKE,308233.567582,0.0
2026-09-25 13:46:23.634513+00:00,W,288900.0,0.0
2026-09-25 13:46:23.634513+00:00,USELESS,275899.0,0.0
2026-09-25 13:46:23.634513+00:00,MON,272594.779597,0.0
2026-09-25 13:46:23.634513+00:00,AR,252589.022973,0.0
2026-09-25 13:46:23.634513+00:00,SPX,186598.373151,0.0
2026-09-25 13:46:23.634513+00:00,PENDLE,137254.969485,0.0
2026-09-25 13:46:23.634513+00:00,GMX,118788.0,0.0
2026-09-25 13:46:23.634513+00:00,CRV,113710.3592,0.0
2026-09-25 13:46:23.634513+00:00,MORPHO,109440.236121,0.0
2026-09-25 13:46:23.634513+00:00,ZEN,61064.021349,0.0
2026-09-25 13:46:23.634513+00:00,AZTEC,44812.570806,0.0
2026-09-25 13:46:23.634513+00:00,SKY,26768.3679,0.0
2026-09-25 13:46:23.634513+00:00,VIRTUAL,22022.277074,0.0
2026-09-25 18:36:03.700454+00:00,BTC,65450342.141128,20016744.835786
2026-09-25 18:36:03.700454+00:00,SOL,58673449.38026599,1444198.31625
2026-09-25 18:36:03.700454+00:00,ZEC,32237397.142251,2944033.910108
2026-09-25 18:36:03.700454+00:00,NEAR,26984882.706055,901297.469308
2026-09-25 18:36:03.700454+00:00,ETH,22663867.371932,2797743.0
2026-09-25 18:36:03.700454+00:00,HYPE,17625045.788096,0.0
2026-09-25 18:36:03.700454+00:00,ENA,16040867.361861,157800.790147
2026-09-25 18:36:03.700454+00:00,LINK,11478698.58029,0.0
2026-09-25 18:36:03.700454+00:00,PUMP,10639831.964396,0.0
2026-09-25 18:36:03.700454+00:00,SUI,8404923.714075001,0.0
2026-09-25 18:36:03.700454+00:00,INJ,8397082.385812,0.0
2026-09-25 18:36:03.700454+00:00,CASHCAT,2909146.679219,5041072.165659
2026-09-25 18:36:03.700454+00:00,XPL,5359567.598297,0.0
2026-09-25 18:36:03.700454+00:00,GRAM,5022539.001,0.0
2026-09-25 18:36:03.700454+00:00,WLD,4789599.254733001,0.0
2026-09-25 18:36:03.700454+00:00,XRP,2810002.563889,1863647.2
2026-09-25 18:36:03.700454+00:00,LIT,4669555.145641999,0.0
2026-09-25 18:36:03.700454+00:00,ZRO,3719079.182922,0.0
2026-09-25 18:36:03.700454+00:00,AERO,3659113.698672,0.0
2026-09-25 18:36:03.700454+00:00,GRASS,3565521.230508,0.0
2026-09-25 18:36:03.700454+00:00,LTC,3557132.168696,0.0
2026-09-25 18:36:03.700454+00:00,TAO,3504070.056898,0.0
2026-09-25 18:36:03.700454+00:00,DOGE,2974041.220896,0.0
2026-09-25 18:36:03.700454+00:00,kPEPE,2762893.303142,0.0
2026-09-25 18:36:03.700454+00:00,kBONK,2660110.354076,0.0
2026-09-25 18:36:03.700454+00:00,ARB,1089803.567356,1039035.151248
2026-09-25 18:36:03.700454+00:00,AVAX,2059791.40212,0.0
2026-09-25 18:36:03.700454+00:00,FET,2028372.34748,0.0
2026-09-25 18:36:03.700454+00:00,ASTER,2024308.9832,0.0
2026-09-25 18:36:03.700454+00:00,AAVE,1963271.36638,0.0
2026-09-25 18:36:03.700454+00:00,FARTCOIN,1919302.484619,0.0
2026-09-25 18:36:03.700454+00:00,MNT,1732168.6865279998,0.0
2026-09-25 18:36:03.700454+00:00,TRX,1710595.0,0.0
2026-09-25 18:36:03.700454+00:00,VVV,1534014.647978,0.0
2026-09-25 18:36:03.700454+00:00,APEX,1467379.34,0.0
2026-09-25 18:36:03.700454+00:00,IMX,1386822.3208070002,0.0
2026-09-25 18:36:03.700454+00:00,WIF,1324519.54,0.0
2026-09-25 18:36:03.700454+00:00,CFX,1318408.196426,0.0
2026-09-25 18:36:03.700454+00:00,UNI,769646.757976,477772.5
2026-09-25 18:36:03.700454+00:00,ADA,1096193.392,0.0
2026-09-25 18:36:03.700454+00:00,ENS,1076216.946842,0.0
2026-09-25 18:36:03.700454+00:00,PONS,971722.728789,51558.404244
2026-09-25 18:36:03.700454+00:00,FIL,1012655.391417,0.0
2026-09-25 18:36:03.700454+00:00,LINEA,857724.935715,0.0
2026-09-25 18:36:03.700454+00:00,HBAR,854893.9756679999,0.0
2026-09-25 18:36:03.700454+00:00,POPCAT,845395.1359999999,0.0
2026-09-25 18:36:03.700454+00:00,BCH,752239.532656,0.0
2026-09-25 18:36:03.700454+00:00,NIL,658699.407256,0.0
2026-09-25 18:36:03.700454+00:00,SYRUP,617123.600488,0.0
2026-09-25 18:36:03.700454+00:00,CHIP,614734.527575,0.0
2026-09-25 18:36:03.700454+00:00,STRK,550875.019184,0.0
2026-09-25 18:36:03.700454+00:00,PNUT,502982.72,0.0
2026-09-25 18:36:03.700454+00:00,kSHIB,490306.64,0.0
2026-09-25 18:36:03.700454+00:00,ONDO,341803.60000000003,0.0
2026-09-25 18:36:03.700454+00:00,MET,298817.2537,0.0
2026-09-25 18:36:03.700454+00:00,SKY,291553.291778,0.0
2026-09-25 18:36:03.700454+00:00,W,288900.0,0.0
2026-09-25 18:36:03.700454+00:00,USELESS,275899.0,0.0
2026-09-25 18:36:03.700454+00:00,CAKE,269583.744234,0.0
2026-09-25 18:36:03.700454+00:00,MON,253270.0,0.0
2026-09-25 18:36:03.700454+00:00,APT,219938.46968,0.0
2026-09-25 18:36:03.700454+00:00,VIRTUAL,174242.5,0.0
2026-09-25 18:36:03.700454+00:00,AZTEC,147466.969254,0.0
2026-09-25 18:36:03.700454+00:00,GMX,118788.0,0.0
2026-09-25 18:36:03.700454+00:00,AR,118365.766684,0.0
2026-09-25 18:36:03.700454+00:00,CRV,113710.3592,0.0
2026-09-25 18:36:03.700454+00:00,TIA,95437.992237,0.0
2026-09-25 18:36:03.700454+00:00,ZEN,61064.021349,0.0
2026-09-25 18:36:03.700454+00:00,2Z,52378.730898,0.0
2026-09-25 22:19:37.046101+00:00,BTC,59692623.401192,16157481.707032
2026-09-25 22:19:37.046101+00:00,SOL,56287427.797109984,0.0
2026-09-25 22:19:37.046101+00:00,ZEC,41279012.767647,774995.5
2026-09-25 22:19:37.046101+00:00,NEAR,26119293.489955,1231704.880915
2026-09-25 22:19:37.046101+00:00,ETH,21722814.644034,2797743.0
2026-09-25 22:19:37.046101+00:00,HYPE,16856069.601024,0.0
2026-09-25 22:19:37.046101+00:00,ENA,15932841.613722002,2.619331
2026-09-25 22:19:37.046101+00:00,SUI,10681756.785381,0.0
2026-09-25 22:19:37.046101+00:00,INJ,7972074.849692,0.0
2026-09-25 22:19:37.046101+00:00,LINK,7454843.550115999,0.0
2026-09-25 22:19:37.046101+00:00,PUMP,7046629.814334,0.0
2026-09-25 22:19:37.046101+00:00,CASHCAT,2605805.5,4159692.51975
2026-09-25 22:19:37.046101+00:00,XPL,5451643.910648,0.0
2026-09-25 22:19:37.046101+00:00,WLD,4789599.254733001,0.0
2026-09-25 22:19:37.046101+00:00,GRAM,4700239.556,0.0
2026-09-25 22:19:37.046101+00:00,XRP,4372914.563889,295043.2
2026-09-25 22:19:37.046101+00:00,LTC,3956863.913433,0.0
2026-09-25 22:19:37.046101+00:00,GRASS,3748305.875488,0.0
2026-09-25 22:19:37.046101+00:00,ZRO,3719079.182922,0.0
2026-09-25 22:19:37.046101+00:00,TAO,3472237.987288,0.0
2026-09-25 22:19:37.046101+00:00,UNI,2701301.471047,382218.0
2026-09-25 22:19:37.046101+00:00,AERO,3025120.38,0.0
2026-09-25 22:19:37.046101+00:00,DOGE,2974041.220896,0.0
2026-09-25 22:19:37.046101+00:00,kPEPE,2956843.303142,0.0
2026-09-25 22:19:37.046101+00:00,kBONK,2660110.354076,0.0
2026-09-25 22:19:37.046101+00:00,ARB,1310453.567356,1039035.151248
2026-09-25 22:19:37.046101+00:00,AVAX,2059791.40212,0.0
2026-09-25 22:19:37.046101+00:00,FET,2028372.34748,0.0
2026-09-25 22:19:37.046101+00:00,ASTER,2024308.9832,0.0
2026-09-25 22:19:37.046101+00:00,FARTCOIN,1919302.484619,0.0
2026-09-25 22:19:37.046101+00:00,MNT,1732168.6865279998,0.0
2026-09-25 22:19:37.046101+00:00,TRX,1710595.0,0.0
2026-09-25 22:19:37.046101+00:00,AAVE,1604184.56638,0.0
2026-09-25 22:19:37.046101+00:00,APEX,1467379.34,0.0
2026-09-25 22:19:37.046101+00:00,IMX,1386822.3208070002,0.0
2026-09-25 22:19:37.046101+00:00,WIF,1324519.54,0.0
2026-09-25 22:19:37.046101+00:00,CFX,1318408.196426,0.0
2026-09-25 22:19:37.046101+00:00,FIL,1166866.750172,0.0
2026-09-25 22:19:37.046101+00:00,ADA,1096193.392,0.0
2026-09-25 22:19:37.046101+00:00,ENS,1076216.946842,0.0
2026-09-25 22:19:37.046101+00:00,PENGU,1012750.80838,0.0
2026-09-25 22:19:37.046101+00:00,PONS,971722.728789,9.839256
2026-09-25 22:19:37.046101+00:00,VVV,870871.6714819999,0.0
2026-09-25 22:19:37.046101+00:00,LINEA,857724.935715,0.0
2026-09-25 22:19:37.046101+00:00,HBAR,854893.9756679999,0.0
2026-09-25 22:19:37.046101+00:00,POPCAT,845395.1359999999,0.0
2026-09-25 22:19:37.046101+00:00,BCH,752239.532656,0.0
2026-09-25 22:19:37.046101+00:00,CHIP,614734.527575,0.0
2026-09-25 22:19:37.046101+00:00,STRK,550875.019184,0.0
2026-09-25 22:19:37.046101+00:00,PNUT,502982.72,0.0
2026-09-25 22:19:37.046101+00:00,kSHIB,490306.64,0.0
2026-09-25 22:19:37.046101+00:00,SYRUP,448138.48833,0.0
2026-09-25 22:19:37.046101+00:00,LIT,394640.736086,0.0
2026-09-25 22:19:37.046101+00:00,ONDO,341803.60000000003,0.0
2026-09-25 22:19:37.046101+00:00,MET,298817.2537,0.0
2026-09-25 22:19:37.046101+00:00,W,288900.0,0.0
2026-09-25 22:19:37.046101+00:00,USELESS,275899.0,0.0
2026-09-25 22:19:37.046101+00:00,CAKE,269583.744234,0.0
2026-09-25 22:19:37.046101+00:00,MON,253270.0,0.0
2026-09-25 22:19:37.046101+00:00,APT,219938.46968,0.0
2026-09-25 22:19:37.046101+00:00,DOT,202570.52141900003,0.0
2026-09-25 22:19:37.046101+00:00,VIRTUAL,200875.4,0.0
2026-09-25 22:19:37.046101+00:00,NIL,186330.0,0.0
2026-09-25 22:19:37.046101+00:00,GMX,118788.0,0.0
2026-09-25 22:19:37.046101+00:00,CRV,113710.3592,0.0
2026-09-25 22:19:37.046101+00:00,ZEN,61064.021349,0.0
2026-09-25 22:19:37.046101+00:00,AZTEC,44812.570806,0.0
2026-09-26 01:33:07.802049+00:00,BTC,67887653.141128,16157481.707032
2026-09-26 01:33:07.802049+00:00,SOL,54146269.15500399,0.0
2026-09-26 01:33:07.802049+00:00,ZEC,33053012.881641,0.0
2026-09-26 01:33:07.802049+00:00,ETH,25338217.371932,1584984.0
2026-09-26 01:33:07.802049+00:00,NEAR,22897348.430245,1231704.880915
2026-09-26 01:33:07.802049+00:00,HYPE,23096006.773868,0.0
2026-09-26 01:33:07.802049+00:00,ENA,15183325.894111,2.619331
2026-09-26 01:33:07.802049+00:00,XRP,14563378.571434,295043.2
2026-09-26 01:33:07.802049+00:00,LINK,11612292.59495,0.0
2026-09-26 01:33:07.802049+00:00,SUI,9545406.493974,0.0
2026-09-26 01:33:07.802049+00:00,PUMP,9301342.950023,0.0
2026-09-26 01:33:07.802049+00:00,WLD,8111653.104757,0.0
2026-09-26 01:33:07.802049+00:00,XPL,7673430.369284,0.0
2026-09-26 01:33:07.802049+00:00,INJ,7308996.409165001,0.0
2026-09-26 01:33:07.802049+00:00,DOGE,6344481.66288,0.0
2026-09-26 01:33:07.802049+00:00,CASHCAT,2855433.377304,3108061.957704
2026-09-26 01:33:07.802049+00:00,LIT,4750588.761282,0.0
2026-09-26 01:33:07.802049+00:00,GRAM,4700239.556,0.0
2026-09-26 01:33:07.802049+00:00,LTC,4556775.480551,0.0
2026-09-26 01:33:07.802049+00:00,TAO,4138989.749762,0.0
2026-09-26 01:33:07.802049+00:00,GRASS,4017281.738625,0.0
2026-09-26 01:33:07.802049+00:00,AERO,3967340.772812,0.0
2026-09-26 01:33:07.802049+00:00,ZRO,3719079.182922,0.0
2026-09-26 01:33:07.802049+00:00,kPEPE,2917606.881924,0.0
2026-09-26 01:33:07.802049+00:00,UNI,2701301.471047,0.0
2026-09-26 01:33:07.802049+00:00,kBONK,2660110.354076,0.0
2026-09-26 01:33:07.802049+00:00,ARB,1310453.567356,1039035.151248
2026-09-26 01:33:07.802049+00:00,FARTCOIN,2088202.065425,0.0
2026-09-26 01:33:07.802049+00:00,AVAX,2059791.40212,0.0
2026-09-26 01:33:07.802049+00:00,FET,2028372.34748,0.0
2026-09-26 01:33:07.802049+00:00,ONDO,2024639.348561,0.0
2026-09-26 01:33:07.802049+00:00,ASTER,2024308.9832,0.0
2026-09-26 01:33:07.802049+00:00,MNT,1732168.6865279998,0.0
2026-09-26 01:33:07.802049+00:00,TRX,1710595.0,0.0
2026-09-26 01:33:07.802049+00:00,AAVE,1604184.56638,0.0
2026-09-26 01:33:07.802049+00:00,PONS,1519504.402951,9.839256
2026-09-26 01:33:07.802049+00:00,APEX,1467379.34,0.0
2026-09-26 01:33:07.802049+00:00,IMX,1386822.3208070002,0.0
2026-09-26 01:33:07.802049+00:00,WIF,1324519.54,0.0
2026-09-26 01:33:07.802049+00:00,CFX,1318408.196426,0.0
2026-09-26 01:33:07.802049+00:00,FIL,1302162.470124,0.0
2026-09-26 01:33:07.802049+00:00,CHIP,1212981.4991,0.0
2026-09-26 01:33:07.802049+00:00,ADA,1096193.392,0.0
2026-09-26 01:33:07.802049+00:00,ENS,1076216.946842,0.0
2026-09-26 01:33:07.802049+00:00,PENGU,1012750.80838,0.0
2026-09-26 01:33:07.802049+00:00,VVV,870871.6714819999,0.0
2026-09-26 01:33:07.802049+00:00,LINEA,857724.935715,0.0
2026-09-26 01:33:07.802049+00:00,HBAR,854893.9756679999,0.0
2026-09-26 01:33:07.802049+00:00,POPCAT,845395.1359999999,0.0
2026-09-26 01:33:07.802049+00:00,BCH,752239.532656,0.0
2026-09-26 01:33:07.802049+00:00,SYRUP,546710.506149,0.0
2026-09-26 01:33:07.802049+00:00,PNUT,502982.72,0.0
2026-09-26 01:33:07.802049+00:00,kSHIB,490306.64,0.0
2026-09-26 01:33:07.802049+00:00,STRK,362715.46784,0.0
2026-09-26 01:33:07.802049+00:00,MON,353589.541463,0.0
2026-09-26 01:33:07.802049+00:00,W,288900.0,0.0
2026-09-26 01:33:07.802049+00:00,USELESS,275899.0,0.0
2026-09-26 01:33:07.802049+00:00,CAKE,269583.744234,0.0
2026-09-26 01:33:07.802049+00:00,APE,258210.0,0.0
2026-09-26 01:33:07.802049+00:00,XLM,126482.366286,0.0
2026-09-26 01:33:07.802049+00:00,GMX,118788.0,0.0
2026-09-26 01:33:07.802049+00:00,CRV,113710.3592,0.0
2026-09-26 01:33:07.802049+00:00,XMR,105405.765516,0.0
2026-09-26 01:33:07.802049+00:00,ZEN,61064.021349,0.0
2026-09-26 01:33:07.802049+00:00,AZTEC,44812.570806,0.0
2026-09-26 01:33:07.802049+00:00,2Z,35338.898848,0.0
2026-09-26 07:40:17.695953+00:00,BTC,55473963.401192,25718615.433483005
2026-09-26 07:40:17.695953+00:00,SOL,54025990.74978599,0.0
2026-09-26 07:40:17.695953+00:00,ETH,25338217.371932,2797743.0
2026-09-26 07:40:17.695953+00:00,ZEC,27022911.037203006,306583.9
2026-09-26 07:40:17.695953+00:00,NEAR,20104141.940771,1210225.55972
2026-09-26 07:40:17.695953+00:00,ENA,15193215.76931,2.619331
2026-09-26 07:40:17.695953+00:00,HYPE,14478288.789676,0.0
2026-09-26 07:40:17.695953+00:00,PUMP,11118911.715129005,0.0
2026-09-26 07:40:17.695953+00:00,LINK,8997374.564776,0.0
2026-09-26 07:40:17.695953+00:00,SUI,8982277.858828,0.0
2026-09-26 07:40:17.695953+00:00,WLD,7956913.104757,0.0
2026-09-26 07:40:17.695953+00:00,XRP,4762027.563889,295043.2
2026-09-26 07:40:17.695953+00:00,LIT,4901366.925228,0.0
2026-09-26 07:40:17.695953+00:00,XPL,4897173.700168,0.0
2026-09-26 07:40:17.695953+00:00,GRAM,4700239.556,0.0
2026-09-26 07:40:17.695953+00:00,LTC,4556775.480551,0.0
2026-09-26 07:40:17.695953+00:00,AERO,4231264.572812,0.0
2026-09-26 07:40:17.695953+00:00,INJ,4202299.057065,0.0
2026-09-26 07:40:17.695953+00:00,GRASS,4131184.0,0.0
2026-09-26 07:40:17.695953+00:00,CASHCAT,2485266.145664,1632272.952069
2026-09-26 07:40:17.695953+00:00,TAO,3845758.601738,0.0
2026-09-26 07:40:17.695953+00:00,ZRO,3719079.182922,0.0
2026-09-26 07:40:17.695953+00:00,DOGE,2974041.220896,0.0
2026-09-26 07:40:17.695953+00:00,kPEPE,2917606.881924,0.0
2026-09-26 07:40:17.695953+00:00,UNI,2701301.471047,0.0
2026-09-26 07:40:17.695953+00:00,kBONK,2660110.354076,0.0
2026-09-26 07:40:17.695953+00:00,ARB,1310453.567356,1039035.151248
2026-09-26 07:40:17.695953+00:00,FARTCOIN,2290454.0510250004,0.0
2026-09-26 07:40:17.695953+00:00,AVAX,2059791.40212,0.0
2026-09-26 07:40:17.695953+00:00,FET,2028372.34748,0.0
2026-09-26 07:40:17.695953+00:00,ASTER,2024308.9832,0.0
2026-09-26 07:40:17.695953+00:00,MNT,1732168.6865279998,0.0
2026-09-26 07:40:17.695953+00:00,TRX,1710595.0,0.0
2026-09-26 07:40:17.695953+00:00,AAVE,1604184.56638,0.0
2026-09-26 07:40:17.695953+00:00,APEX,1467379.34,0.0
2026-09-26 07:40:17.695953+00:00,IMX,1425096.8343270002,0.0
2026-09-26 07:40:17.695953+00:00,FIL,1359300.0,0.0
2026-09-26 07:40:17.695953+00:00,WIF,1324519.54,0.0
2026-09-26 07:40:17.695953+00:00,CFX,1319184.458536,0.0
2026-09-26 07:40:17.695953+00:00,BCH,1160381.177416,0.0
2026-09-26 07:40:17.695953+00:00,PONS,1096671.946587,9.839256
2026-09-26 07:40:17.695953+00:00,ADA,1096193.392,0.0
2026-09-26 07:40:17.695953+00:00,ENS,1076216.946842,0.0
2026-09-26 07:40:17.695953+00:00,PENGU,1012750.80838,0.0
2026-09-26 07:40:17.695953+00:00,VVV,870871.6714819999,0.0
2026-09-26 07:40:17.695953+00:00,LINEA,857724.935715,0.0
2026-09-26 07:40:17.695953+00:00,HBAR,854893.9756679999,0.0
2026-09-26 07:40:17.695953+00:00,POPCAT,845395.1359999999,0.0
2026-09-26 07:40:17.695953+00:00,ONDO,720979.790642,0.0
2026-09-26 07:40:17.695953+00:00,CHIP,614734.527575,0.0
2026-09-26 07:40:17.695953+00:00,XMR,568972.01628,0.0
2026-09-26 07:40:17.695953+00:00,SYRUP,546710.506149,0.0
2026-09-26 07:40:17.695953+00:00,PNUT,502982.72,0.0
2026-09-26 07:40:17.695953+00:00,kSHIB,490306.64,0.0
2026-09-26 07:40:17.695953+00:00,STRK,366062.35418,0.0
2026-09-26 07:40:17.695953+00:00,MON,353589.541463,0.0
2026-09-26 07:40:17.695953+00:00,W,291862.4551,0.0
2026-09-26 07:40:17.695953+00:00,USELESS,275899.0,0.0
2026-09-26 07:40:17.695953+00:00,CAKE,269583.744234,0.0
2026-09-26 07:40:17.695953+00:00,MORPHO,197255.090744,0.0
2026-09-26 07:40:17.695953+00:00,XLM,126482.366286,0.0
2026-09-26 07:40:17.695953+00:00,GMX,118788.0,0.0
2026-09-26 07:40:17.695953+00:00,CRV,113710.3592,0.0
2026-09-26 07:40:17.695953+00:00,COMP,85612.0,0.0
2026-09-26 07:40:17.695953+00:00,ZEN,61064.021349,0.0
2026-09-26 07:40:17.695953+00:00,AZTEC,44812.570806,0.0
2026-09-26 07:40:17.695953+00:00,2Z,35338.898848,0.0
2026-09-26 13:04:54.929263+00:00,SOL,55867232.93548399,0.0
2026-09-26 13:04:54.929263+00:00,BTC,48235513.282392,6367505.431840001
2026-09-26 13:04:54.929263+00:00,ZEC,26991604.932691004,306583.9
2026-09-26 13:04:54.929263+00:00,ETH,23336252.371932,2797743.0
2026-09-26 13:04:54.929263+00:00,NEAR,15460824.474577,1210225.55972
2026-09-26 13:04:54.929263+00:00,ENA,13808104.932018,2.619331
2026-09-26 13:04:54.929263+00:00,HYPE,11002579.64235,0.0
2026-09-26 13:04:54.929263+00:00,PUMP,10452688.142435003,0.0
2026-09-26 13:04:54.929263+00:00,WLD,8607348.139156999,0.0
2026-09-26 13:04:54.929263+00:00,SUI,8005252.280351001,0.0
2026-09-26 13:04:54.929263+00:00,LINK,7653965.164775998,0.0
2026-09-26 13:04:54.929263+00:00,TAO,6784285.650352,0.0
2026-09-26 13:04:54.929263+00:00,XPL,6782943.837777001,0.0
2026-09-26 13:04:54.929263+00:00,XRP,5109979.515473,295043.2
2026-09-26 13:04:54.929263+00:00,LIT,5198710.299602,0.0
2026-09-26 13:04:54.929263+00:00,GRAM,5095620.751,0.0
2026-09-26 13:04:54.929263+00:00,LTC,5005353.454003999,0.0
2026-09-26 13:04:54.929263+00:00,DOGE,4443665.629531,0.0
2026-09-26 13:04:54.929263+00:00,AERO,4333890.172812,0.0
2026-09-26 13:04:54.929263+00:00,CASHCAT,2855433.377304,1440431.388675
2026-09-26 13:04:54.929263+00:00,GRASS,4268432.0,0.0
2026-09-26 13:04:54.929263+00:00,kPEPE,2980209.189624,0.0
2026-09-26 13:04:54.929263+00:00,kBONK,2660110.354076,0.0
2026-09-26 13:04:54.929263+00:00,INJ,2344360.3292579995,0.0
2026-09-26 13:04:54.929263+00:00,ZRO,2301969.915796,0.0
2026-09-26 13:04:54.929263+00:00,ARB,1135598.567356,1039035.151248
2026-09-26 13:04:54.929263+00:00,FARTCOIN,2088202.065425,0.0
2026-09-26 13:04:54.929263+00:00,AVAX,2059791.40212,0.0
2026-09-26 13:04:54.929263+00:00,FET,2028372.34748,0.0
2026-09-26 13:04:54.929263+00:00,ASTER,2024308.9832,0.0
2026-09-26 13:04:54.929263+00:00,AAVE,1963271.36638,0.0
2026-09-26 13:04:54.929263+00:00,IMX,1890699.236007,0.0
2026-09-26 13:04:54.929263+00:00,UNI,1777692.199636,0.0
2026-09-26 13:04:54.929263+00:00,MNT,1732168.6865279998,0.0
2026-09-26 13:04:54.929263+00:00,TRX,1710595.0,0.0
2026-09-26 13:04:54.929263+00:00,FIL,1568449.227264,0.0
2026-09-26 13:04:54.929263+00:00,PONS,1519504.402951,9.839256
2026-09-26 13:04:54.929263+00:00,APEX,1467379.34,0.0
2026-09-26 13:04:54.929263+00:00,CFX,1340231.590069,0.0
2026-09-26 13:04:54.929263+00:00,WIF,1324519.54,0.0
2026-09-26 13:04:54.929263+00:00,ADA,1096193.392,0.0
2026-09-26 13:04:54.929263+00:00,ENS,1076216.946842,0.0
2026-09-26 13:04:54.929263+00:00,PENGU,1012750.80838,0.0
2026-09-26 13:04:54.929263+00:00,VVV,902039.471482,0.0
2026-09-26 13:04:54.929263+00:00,LINEA,857724.935715,0.0
2026-09-26 13:04:54.929263+00:00,BCH,857707.532656,0.0
2026-09-26 13:04:54.929263+00:00,HBAR,854893.9756679999,0.0
2026-09-26 13:04:54.929263+00:00,POPCAT,845395.1359999999,0.0
2026-09-26 13:04:54.929263+00:00,STRK,748215.2203579999,0.0
2026-09-26 13:04:54.929263+00:00,ONDO,720979.790642,0.0
2026-09-26 13:04:54.929263+00:00,SYRUP,715695.618307,0.0
2026-09-26 13:04:54.929263+00:00,PNUT,502982.72,0.0
2026-09-26 13:04:54.929263+00:00,kSHIB,490306.64,0.0
2026-09-26 13:04:54.929263+00:00,JUP,414018.8,0.0
2026-09-26 13:04:54.929263+00:00,W,376287.62031,0.0
2026-09-26 13:04:54.929263+00:00,MON,353589.541463,0.0
2026-09-26 13:04:54.929263+00:00,SKY,318321.659678,0.0
2026-09-26 13:04:54.929263+00:00,CAKE,308233.567582,0.0
2026-09-26 13:04:54.929263+00:00,MET,298817.2537,0.0
2026-09-26 13:04:54.929263+00:00,USELESS,275899.0,0.0
2026-09-26 13:04:54.929263+00:00,CRV,274414.8592,0.0
2026-09-26 13:04:54.929263+00:00,JTO,262223.85,0.0
2026-09-26 13:04:54.929263+00:00,CHIP,259596.742104,0.0
2026-09-26 13:04:54.929263+00:00,APE,258210.0,0.0
2026-09-26 13:04:54.929263+00:00,XLM,230014.366286,0.0
2026-09-26 13:04:54.929263+00:00,APT,219938.46968,0.0
2026-09-26 13:04:54.929263+00:00,DOT,202570.52141900003,0.0
2026-09-26 13:04:54.929263+00:00,VIRTUAL,174242.5,0.0
2026-09-26 13:04:54.929263+00:00,NIL,166654.9451,0.0
2026-09-26 13:04:54.929263+00:00,XMR,147869.565516,0.0
2026-09-26 13:04:54.929263+00:00,AZTEC,147466.969254,0.0
2026-09-26 13:04:54.929263+00:00,MORPHO,122380.5,0.0
2026-09-26 13:04:54.929263+00:00,GMX,118788.0,0.0
2026-09-26 13:04:54.929263+00:00,AR,118365.766684,0.0
2026-09-26 13:04:54.929263+00:00,TIA,95437.992237,0.0
2026-09-26 13:04:54.929263+00:00,2Z,87717.62974599999,0.0
2026-09-26 13:04:54.929263+00:00,COMP,85612.0,0.0
2026-09-26 13:04:54.929263+00:00,ZEN,61064.021349,0.0
2026-09-26 13:04:54.929263+00:00,PURR,25783.4,0.0
2026-09-26 17:10:10.634928+00:00,BTC,157486862.57310498,6047655.018272
2026-09-26 17:10:10.634928+00:00,SOL,54636338.33026599,0.0
2026-09-26 17:10:10.634928+00:00,ZEC,48991492.78843299,1551012.0
2026-09-26 17:10:10.634928+00:00,ETH,26146297.232272,3412976.0
2026-09-26 17:10:10.634928+00:00,HYPE,21196650.496448,0.0
2026-09-26 17:10:10.634928+00:00,NEAR,11304679.733777,1083290.80972
2026-09-26 17:10:10.634928+00:00,ENA,11403927.367554,2.619331
2026-09-26 17:10:10.634928+00:00,SUI,10986425.374979,0.0
2026-09-26 17:10:10.634928+00:00,LINK,10471202.59495,0.0
2026-09-26 17:10:10.634928+00:00,PUMP,9875362.768870002,0.0
2026-09-26 17:10:10.634928+00:00,XPL,9261049.350152,0.0
2026-09-26 17:10:10.634928+00:00,WLD,8662471.878215,0.0
2026-09-26 17:10:10.634928+00:00,TAO,7583779.013471999,0.0
2026-09-26 17:10:10.634928+00:00,XRP,4994579.015473,295043.2
2026-09-26 17:10:10.634928+00:00,LIT,5047932.135656,0.0
2026-09-26 17:10:10.634928+00:00,GRAM,5022539.001,0.0
2026-09-26 17:10:10.634928+00:00,GRASS,4496442.0,0.0
2026-09-26 17:10:10.634928+00:00,CASHCAT,2662463.145664,1440431.388675
2026-09-26 17:10:10.634928+00:00,DOGE,3996810.222496,0.0
2026-09-26 17:10:10.634928+00:00,AERO,3967340.772812,0.0
2026-09-26 17:10:10.634928+00:00,ZRO,3719079.182922,0.0
2026-09-26 17:10:10.634928+00:00,kPEPE,3147525.189624,0.0
2026-09-26 17:10:10.634928+00:00,LTC,2820525.967251,0.0
2026-09-26 17:10:10.634928+00:00,kBONK,2660110.354076,0.0
2026-09-26 17:10:10.634928+00:00,FARTCOIN,2591078.711288,0.0
2026-09-26 17:10:10.634928+00:00,ARB,1089803.567356,1039035.151248
2026-09-26 17:10:10.634928+00:00,FET,2098400.91404,0.0
2026-09-26 17:10:10.634928+00:00,AVAX,2059791.40212,0.0
2026-09-26 17:10:10.634928+00:00,ASTER,2024308.9832,0.0
2026-09-26 17:10:10.634928+00:00,AAVE,1963271.36638,0.0
2026-09-26 17:10:10.634928+00:00,IMX,1890699.236007,0.0
2026-09-26 17:10:10.634928+00:00,PONS,1883621.844116,9.839256
2026-09-26 17:10:10.634928+00:00,FIL,1832501.61902,0.0
2026-09-26 17:10:10.634928+00:00,UNI,1777692.199636,0.0
2026-09-26 17:10:10.634928+00:00,MNT,1732168.6865279998,0.0
2026-09-26 17:10:10.634928+00:00,TRX,1710595.0,0.0
2026-09-26 17:10:10.634928+00:00,APEX,1467379.34,0.0
2026-09-26 17:10:10.634928+00:00,CFX,1356134.614802,0.0
2026-09-26 17:10:10.634928+00:00,WIF,1324519.54,0.0
2026-09-26 17:10:10.634928+00:00,ADA,1096193.392,0.0
2026-09-26 17:10:10.634928+00:00,ENS,1076216.946842,0.0
2026-09-26 17:10:10.634928+00:00,PENGU,1012750.80838,0.0
2026-09-26 17:10:10.634928+00:00,INJ,902425.649816,0.0
2026-09-26 17:10:10.634928+00:00,VVV,870871.6714819999,0.0
2026-09-26 17:10:10.634928+00:00,LINEA,857724.935715,0.0
2026-09-26 17:10:10.634928+00:00,HBAR,854893.9756679999,0.0
2026-09-26 17:10:10.634928+00:00,POPCAT,845395.1359999999,0.0
2026-09-26 17:10:10.634928+00:00,STRK,818146.6185579998,0.0
2026-09-26 17:10:10.634928+00:00,BCH,815937.865768,0.0
2026-09-26 17:10:10.634928+00:00,ONDO,720979.790642,0.0
2026-09-26 17:10:10.634928+00:00,SYRUP,720268.1786849999,0.0
2026-09-26 17:10:10.634928+00:00,CHIP,614734.527575,0.0
2026-09-26 17:10:10.634928+00:00,BNB,601122.0,0.0
2026-09-26 17:10:10.634928+00:00,SKY,555711.659678,0.0
2026-09-26 17:10:10.634928+00:00,W,505946.11036800005,0.0
2026-09-26 17:10:10.634928+00:00,PNUT,502982.72,0.0
2026-09-26 17:10:10.634928+00:00,kSHIB,490306.64,0.0
2026-09-26 17:10:10.634928+00:00,CAKE,408855.251626,0.0
2026-09-26 17:10:10.634928+00:00,VIRTUAL,375117.9,0.0
2026-09-26 17:10:10.634928+00:00,MON,353589.541463,0.0
2026-09-26 17:10:10.634928+00:00,ETC,351918.0,0.0
2026-09-26 17:10:10.634928+00:00,MET,298817.2537,0.0
2026-09-26 17:10:10.634928+00:00,USELESS,275899.0,0.0
2026-09-26 17:10:10.634928+00:00,APE,258210.0,0.0
2026-09-26 17:10:10.634928+00:00,APT,219938.46968,0.0
2026-09-26 17:10:10.634928+00:00,DOT,202570.52141900003,0.0
2026-09-26 17:10:10.634928+00:00,NIL,193195.398825,0.0
2026-09-26 17:10:10.634928+00:00,COMP,177520.23121,0.0
2026-09-26 17:10:10.634928+00:00,JTO,176593.5,0.0
2026-09-26 17:10:10.634928+00:00,AZTEC,147925.479078,0.0
2026-09-26 17:10:10.634928+00:00,XLM,126482.366286,0.0
2026-09-26 17:10:10.634928+00:00,GMX,118788.0,0.0
2026-09-26 17:10:10.634928+00:00,AR,118365.766684,0.0
2026-09-26 17:10:10.634928+00:00,CRV,113710.3592,0.0
2026-09-26 17:10:10.634928+00:00,XMR,104448.35211,0.0
2026-09-26 17:10:10.634928+00:00,TIA,95437.992237,0.0
2026-09-26 17:10:10.634928+00:00,2Z,87717.62974599999,0.0
2026-09-26 17:10:10.634928+00:00,ZEN,61064.021349,0.0
2026-09-26 17:10:10.634928+00:00,MORPHO,36997.019073,0.0
2026-09-26 17:10:10.634928+00:00,DASH,30294.359856,0.0
2026-09-26 19:51:25.018904+00:00,BTC,154049853.173105,14408989.510112
2026-09-26 19:51:25.018904+00:00,ZEC,69466091.67006399,0.0
2026-09-26 19:51:25.018904+00:00,ETH,22779322.232272,1584984.0
2026-09-26 19:51:25.018904+00:00,HYPE,16133090.856214002,0.0
2026-09-26 19:51:25.018904+00:00,SOL,14797741.701015,0.0
2026-09-26 19:51:25.018904+00:00,PUMP,11712611.061960002,0.0
2026-09-26 19:51:25.018904+00:00,NEAR,10844383.567673,320469.52322499995
2026-09-26 19:51:25.018904+00:00,ENA,10826456.807294998,2.619331
2026-09-26 19:51:25.018904+00:00,LINK,10673988.683686,0.0
2026-09-26 19:51:25.018904+00:00,SUI,9346297.370819,0.0
2026-09-26 19:51:25.018904+00:00,WLD,9107348.125157,0.0
2026-09-26 19:51:25.018904+00:00,TAO,7960887.360245,0.0
2026-09-26 19:51:25.018904+00:00,XPL,7525602.342461,0.0
2026-09-26 19:51:25.018904+00:00,GRAM,6273813.308127,0.0
2026-09-26 19:51:25.018904+00:00,LIT,4750588.761282,0.0
2026-09-26 19:51:25.018904+00:00,CASHCAT,3161775.645664,1440431.388675
2026-09-26 19:51:25.018904+00:00,GRASS,4496442.0,0.0
2026-09-26 19:51:25.018904+00:00,LTC,4360886.472354,0.0
2026-09-26 19:51:25.018904+00:00,DOGE,3996810.222496,0.0
2026-09-26 19:51:25.018904+00:00,AERO,3967340.772812,0.0
2026-09-26 19:51:25.018904+00:00,kPEPE,3757094.304255,0.0
2026-09-26 19:51:25.018904+00:00,ZRO,3719079.182922,0.0
2026-09-26 19:51:25.018904+00:00,XRP,2810002.563889,295043.2
2026-09-26 19:51:25.018904+00:00,ARB,1724723.961656,1039035.151248
2026-09-26 19:51:25.018904+00:00,kBONK,2660110.354076,0.0
2026-09-26 19:51:25.018904+00:00,FARTCOIN,2088202.065425,0.0
2026-09-26 19:51:25.018904+00:00,AVAX,2059791.40212,0.0
2026-09-26 19:51:25.018904+00:00,FET,2028372.34748,0.0
2026-09-26 19:51:25.018904+00:00,ASTER,2024308.9832,0.0
2026-09-26 19:51:25.018904+00:00,AAVE,1963271.36638,0.0
2026-09-26 19:51:25.018904+00:00,IMX,1890699.236007,0.0
2026-09-26 19:51:25.018904+00:00,PONS,1883621.844116,9.839256
2026-09-26 19:51:25.018904+00:00,FIL,1859121.828279,0.0
2026-09-26 19:51:25.018904+00:00,MNT,1732168.6865279998,0.0
2026-09-26 19:51:25.018904+00:00,TRX,1710595.0,0.0
2026-09-26 19:51:25.018904+00:00,UNI,1573792.922596,0.0
2026-09-26 19:51:25.018904+00:00,APEX,1467379.34,0.0
2026-09-26 19:51:25.018904+00:00,CFX,1366661.270246,0.0
2026-09-26 19:51:25.018904+00:00,WIF,1324519.54,0.0
2026-09-26 19:51:25.018904+00:00,ADA,1096193.392,0.0
2026-09-26 19:51:25.018904+00:00,ENS,1076216.946842,0.0
2026-09-26 19:51:25.018904+00:00,PENGU,1012750.80838,0.0
2026-09-26 19:51:25.018904+00:00,VVV,870871.6714819999,0.0
2026-09-26 19:51:25.018904+00:00,LINEA,857724.935715,0.0
2026-09-26 19:51:25.018904+00:00,HBAR,854893.9756679999,0.0
2026-09-26 19:51:25.018904+00:00,POPCAT,845395.1359999999,0.0
2026-09-26 19:51:25.018904+00:00,STRK,758675.981344,0.0
2026-09-26 19:51:25.018904+00:00,BCH,752239.532656,0.0
2026-09-26 19:51:25.018904+00:00,SYRUP,748190.159913,0.0
2026-09-26 19:51:25.018904+00:00,ONDO,720979.790642,0.0
2026-09-26 19:51:25.018904+00:00,CHIP,614734.527575,0.0
2026-09-26 19:51:25.018904+00:00,W,549045.327358,0.0
2026-09-26 19:51:25.018904+00:00,SKY,528943.2917780001,0.0
2026-09-26 19:51:25.018904+00:00,PNUT,502982.72,0.0
2026-09-26 19:51:25.018904+00:00,kSHIB,490306.64,0.0
2026-09-26 19:51:25.018904+00:00,NIL,434017.898825,0.0
2026-09-26 19:51:25.018904+00:00,VIRTUAL,375117.9,0.0
2026-09-26 19:51:25.018904+00:00,MON,353589.541463,0.0
2026-09-26 19:51:25.018904+00:00,MET,298817.2537,0.0
2026-09-26 19:51:25.018904+00:00,ETHFI,290702.486265,0.0
2026-09-26 19:51:25.018904+00:00,EIGEN,286914.716424,0.0
2026-09-26 19:51:25.018904+00:00,USELESS,275899.0,0.0
2026-09-26 19:51:25.018904+00:00,CAKE,269583.744234,0.0
2026-09-26 19:51:25.018904+00:00,APE,258210.0,0.0
2026-09-26 19:51:25.018904+00:00,APT,219938.46968,0.0
2026-09-26 19:51:25.018904+00:00,DOT,202570.52141900003,0.0
2026-09-26 19:51:25.018904+00:00,JTO,176593.5,0.0
2026-09-26 19:51:25.018904+00:00,AZTEC,150629.34355400002,0.0
2026-09-26 19:51:25.018904+00:00,XLM,126482.366286,0.0
2026-09-26 19:51:25.018904+00:00,GMX,118788.0,0.0
2026-09-26 19:51:25.018904+00:00,AR,118365.766684,0.0
2026-09-26 19:51:25.018904+00:00,CRV,113710.3592,0.0
2026-09-26 19:51:25.018904+00:00,XMR,104448.35211,0.0
2026-09-26 19:51:25.018904+00:00,TIA,95437.992237,0.0
2026-09-26 19:51:25.018904+00:00,2Z,87717.62974599999,0.0
2026-09-26 19:51:25.018904+00:00,COMP,85612.0,0.0
2026-09-26 19:51:25.018904+00:00,ZEN,61064.021349,0.0
2026-09-26 19:51:25.018904+00:00,INJ,50097.169653,0.0
2026-09-26 22:49:37.779151+00:00,BTC,153538663.41120496,8398314.940480001
2026-09-26 22:49:37.779151+00:00,ZEC,104557005.142076,420454.15
2026-09-26 22:49:37.779151+00:00,SOL,58446419.49978599,0.0
2026-09-26 22:49:37.779151+00:00,HYPE,20185719.815814,0.0
2026-09-26 22:49:37.779151+00:00,NEAR,16564335.36344,0.0
2026-09-26 22:49:37.779151+00:00,ETH,11406515.125096,1584984.0
2026-09-26 22:49:37.779151+00:00,PUMP,10014743.863718,0.0
2026-09-26 22:49:37.779151+00:00,ENA,8220476.855882999,2.619331
2026-09-26 22:49:37.779151+00:00,LIT,7098387.041906,0.0
2026-09-26 22:49:37.779151+00:00,LINK,6150063.841949999,0.0
2026-09-26 22:49:37.779151+00:00,WLD,6028645.542585,0.0
2026-09-26 22:49:37.779151+00:00,XPL,5174393.431046,0.0
2026-09-26 22:49:37.779151+00:00,TAO,5104031.907264001,0.0
2026-09-26 22:49:37.779151+00:00,LTC,5010864.115569999,0.0
2026-09-26 22:49:37.779151+00:00,CASHCAT,3060790.957971,1440431.388675
2026-09-26 22:49:37.779151+00:00,GRASS,4131184.0,0.0
2026-09-26 22:49:37.779151+00:00,DOGE,3996810.222496,0.0
2026-09-26 22:49:37.779151+00:00,XRP,3931759.295452,0.0
2026-09-26 22:49:37.779151+00:00,AERO,3812720.68977,0.0
2026-09-26 22:49:37.779151+00:00,ZRO,3719079.182922,0.0
2026-09-26 22:49:37.779151+00:00,GRAM,3399404.145232,0.0
2026-09-26 22:49:37.779151+00:00,ARB,1089803.567356,1039035.151248
2026-09-26 22:49:37.779151+00:00,AVAX,2059791.40212,0.0
2026-09-26 22:49:37.779151+00:00,ASTER,2024308.9832,0.0
2026-09-26 22:49:37.779151+00:00,kBONK,2017046.598336,0.0
2026-09-26 22:49:37.779151+00:00,FIL,1923120.0,0.0
2026-09-26 22:49:37.779151+00:00,FARTCOIN,1919302.484619,0.0
2026-09-26 22:49:37.779151+00:00,UNI,1876546.574963,0.0
2026-09-26 22:49:37.779151+00:00,MNT,1732168.6865279998,0.0
2026-09-26 22:49:37.779151+00:00,TRX,1710595.0,0.0
2026-09-26 22:49:37.779151+00:00,kPEPE,1638500.0,0.0
2026-09-26 22:49:37.779151+00:00,APEX,1467379.34,0.0
2026-09-26 22:49:37.779151+00:00,AAVE,1381364.7359999998,0.0
2026-09-26 22:49:37.779151+00:00,WIF,1324519.54,0.0
2026-09-26 22:49:37.779151+00:00,PONS,1245145.514201,9.839256
2026-09-26 22:49:37.779151+00:00,FET,1145104.85388,0.0
2026-09-26 22:49:37.779151+00:00,IMX,1121172.0192,0.0
2026-09-26 22:49:37.779151+00:00,ADA,1096193.392,0.0
2026-09-26 22:49:37.779151+00:00,ENS,1076216.946842,0.0
2026-09-26 22:49:37.779151+00:00,PENGU,1012750.80838,0.0
2026-09-26 22:49:37.779151+00:00,LINEA,857724.935715,0.0
2026-09-26 22:49:37.779151+00:00,HBAR,854893.9756679999,0.0
2026-09-26 22:49:37.779151+00:00,POPCAT,845395.1359999999,0.0
2026-09-26 22:49:37.779151+00:00,BCH,752239.532656,0.0
2026-09-26 22:49:37.779151+00:00,VVV,730916.6714819999,0.0
2026-09-26 22:49:37.779151+00:00,STRK,676662.976525,0.0
2026-09-26 22:49:37.779151+00:00,CFX,657962.077965,0.0
2026-09-26 22:49:37.779151+00:00,SUI,574265.0,0.0
2026-09-26 22:49:37.779151+00:00,W,529854.26322,0.0
2026-09-26 22:49:37.779151+00:00,SYRUP,448138.48833,0.0
2026-09-26 22:49:37.779151+00:00,CHIP,430899.527575,0.0
2026-09-26 22:49:37.779151+00:00,MON,387210.0,0.0
2026-09-26 22:49:37.779151+00:00,CAKE,308233.567582,0.0
2026-09-26 22:49:37.779151+00:00,USELESS,275899.0,0.0
2026-09-26 22:49:37.779151+00:00,NIL,185551.80967,0.0
2026-09-26 22:49:37.779151+00:00,CRV,113710.3592,0.0
2026-09-26 22:49:37.779151+00:00,ZEN,61064.021349,0.0
2026-09-26 22:49:37.779151+00:00,ONDO,51972.6,0.0
2026-09-26 22:49:37.779151+00:00,AZTEC,44812.570806,0.0
2026-09-26 22:49:37.779151+00:00,SKY,26768.3679,0.0
2026-09-27 01:26:43.913568+00:00,BTC,152201732.723163,8398314.940480001
2026-09-27 01:26:43.913568+00:00,ZEC,102690930.549616,420454.15
2026-09-27 01:26:43.913568+00:00,NEAR,17438725.531315,0.0
2026-09-27 01:26:43.913568+00:00,HYPE,15530106.40822,0.0
2026-09-27 01:26:43.913568+00:00,SOL,12154495.570535,0.0
2026-09-27 01:26:43.913568+00:00,PUMP,9014743.867189,0.0
2026-09-27 01:26:43.913568+00:00,ETH,6276118.825096,1584984.0
2026-09-27 01:26:43.913568+00:00,LINK,6230792.756495999,0.0
2026-09-27 01:26:43.913568+00:00,WLD,5211873.757458,0.0
2026-09-27 01:26:43.913568+00:00,XPL,5108857.555772001,0.0
2026-09-27 01:26:43.913568+00:00,LTC,5010864.115569999,0.0
2026-09-27 01:26:43.913568+00:00,GRAM,4700237.97376,0.0
2026-09-27 01:26:43.913568+00:00,CASHCAT,3060790.957971,1440431.388675
2026-09-27 01:26:43.913568+00:00,TAO,4275243.385678001,0.0
2026-09-27 01:26:43.913568+00:00,GRASS,4131184.0,0.0
2026-09-27 01:26:43.913568+00:00,DOGE,3996810.222496,0.0
2026-09-27 01:26:43.913568+00:00,ENA,3344136.038348,2.619331
2026-09-27 01:26:43.913568+00:00,XRP,2794596.545452,0.0
2026-09-27 01:26:43.913568+00:00,LIT,2786118.524166,0.0
2026-09-27 01:26:43.913568+00:00,kPEPE,2717551.303142,0.0
2026-09-27 01:26:43.913568+00:00,kBONK,2660110.354076,0.0
2026-09-27 01:26:43.913568+00:00,AERO,2507657.88,0.0
2026-09-27 01:26:43.913568+00:00,ARB,1215027.567356,1039035.151248
2026-09-27 01:26:43.913568+00:00,AVAX,2059791.40212,0.0
2026-09-27 01:26:43.913568+00:00,FET,2028372.34748,0.0
2026-09-27 01:26:43.913568+00:00,ASTER,2024308.9832,0.0
2026-09-27 01:26:43.913568+00:00,UNI,1955742.411427,0.0
2026-09-27 01:26:43.913568+00:00,FIL,1923120.0,0.0
2026-09-27 01:26:43.913568+00:00,FARTCOIN,1919302.484619,0.0
2026-09-27 01:26:43.913568+00:00,IMX,1890699.236007,0.0
2026-09-27 01:26:43.913568+00:00,ZRO,1834665.915796,0.0
2026-09-27 01:26:43.913568+00:00,MNT,1732168.6865279998,0.0
2026-09-27 01:26:43.913568+00:00,TRX,1710595.0,0.0
2026-09-27 01:26:43.913568+00:00,AAVE,1604168.06059,0.0
2026-09-27 01:26:43.913568+00:00,APEX,1467379.34,0.0
2026-09-27 01:26:43.913568+00:00,CFX,1388258.252185,0.0
2026-09-27 01:26:43.913568+00:00,WIF,1324519.54,0.0
2026-09-27 01:26:43.913568+00:00,PONS,1245145.514201,9.839256
2026-09-27 01:26:43.913568+00:00,ADA,1096193.392,0.0
2026-09-27 01:26:43.913568+00:00,ENS,1076216.946842,0.0
2026-09-27 01:26:43.913568+00:00,PENGU,1012750.80838,0.0
2026-09-27 01:26:43.913568+00:00,VVV,870871.6714819999,0.0
2026-09-27 01:26:43.913568+00:00,LINEA,857724.935715,0.0
2026-09-27 01:26:43.913568+00:00,HBAR,854893.9756679999,0.0
2026-09-27 01:26:43.913568+00:00,POPCAT,845395.1359999999,0.0
2026-09-27 01:26:43.913568+00:00,STRK,676662.976525,0.0
2026-09-27 01:26:43.913568+00:00,W,572437.63419,0.0
2026-09-27 01:26:43.913568+00:00,PNUT,502982.72,0.0
2026-09-27 01:26:43.913568+00:00,kSHIB,490306.64,0.0
2026-09-27 01:26:43.913568+00:00,SYRUP,448138.48833,0.0
2026-09-27 01:26:43.913568+00:00,NIL,308328.564307,0.0
2026-09-27 01:26:43.913568+00:00,USELESS,275899.0,0.0
2026-09-27 01:26:43.913568+00:00,VIRTUAL,200875.4,0.0
2026-09-27 01:26:43.913568+00:00,GMX,118788.0,0.0
2026-09-27 01:26:43.913568+00:00,CRV,113710.3592,0.0
2026-09-27 01:26:43.913568+00:00,ONDO,83872.6,0.0
2026-09-27 01:26:43.913568+00:00,ZEN,61064.021349,0.0
2026-09-27 01:26:43.913568+00:00,BCH,56115.532656,0.0
2026-09-27 01:26:43.913568+00:00,AZTEC,44812.570806,0.0
2026-09-27 01:26:43.913568+00:00,CAKE,38649.823348,0.0
2026-09-27 01:26:43.913568+00:00,SKY,26768.3679,0.0
2026-09-27 08:09:37.160736+00:00,BTC,152503989.691905,12244116.480212
2026-09-27 08:09:37.160736+00:00,ZEC,102660688.394378,3151915.330587
2026-09-27 08:09:37.160736+00:00,NEAR,28235380.909305,0.0
2026-09-27 08:09:37.160736+00:00,HYPE,18080187.219925,0.0
2026-09-27 08:09:37.160736+00:00,SOL,11053779.025024,2456209.965573
2026-09-27 08:09:37.160736+00:00,WLD,11226916.676065002,0.0
2026-09-27 08:09:37.160736+00:00,SUI,9381942.904512,0.0
2026-09-27 08:09:37.160736+00:00,ENA,9249753.255501,2.619331
2026-09-27 08:09:37.160736+00:00,PUMP,8404263.419804,674148.175488
2026-09-27 08:09:37.160736+00:00,ETH,8395080.601869,0.0
2026-09-27 08:09:37.160736+00:00,LINK,6084963.660143999,0.0
2026-09-27 08:09:37.160736+00:00,ADA,1096193.392,4314035.787405
2026-09-27 08:09:37.160736+00:00,GRAM,4700239.556,0.0
2026-09-27 08:09:37.160736+00:00,TAO,4676104.083082,0.0
2026-09-27 08:09:37.160736+00:00,LTC,4463288.622354,0.0
2026-09-27 08:09:37.160736+00:00,XPL,4369852.178638,0.0
2026-09-27 08:09:37.160736+00:00,XRP,4352762.601809,0.0
2026-09-27 08:09:37.160736+00:00,CASHCAT,2605805.5,1440431.388675
2026-09-27 08:09:37.160736+00:00,DOGE,3996810.222496,0.0
2026-09-27 08:09:37.160736+00:00,ZRO,3408424.212026,0.0
2026-09-27 08:09:37.160736+00:00,UNI,2857532.890195,0.0
2026-09-27 08:09:37.160736+00:00,kPEPE,2717551.303142,0.0
2026-09-27 08:09:37.160736+00:00,kBONK,2660110.354076,0.0
2026-09-27 08:09:37.160736+00:00,ARB,1226432.567356,1039035.151248
2026-09-27 08:09:37.160736+00:00,FET,2028372.34748,0.0
2026-09-27 08:09:37.160736+00:00,ASTER,2024308.9832,0.0
2026-09-27 08:09:37.160736+00:00,GRASS,1943706.09072,0.0
2026-09-27 08:09:37.160736+00:00,FIL,1923120.0,0.0
2026-09-27 08:09:37.160736+00:00,FARTCOIN,1919302.484619,0.0
2026-09-27 08:09:37.160736+00:00,IMX,1890699.236007,0.0
2026-09-27 08:09:37.160736+00:00,AVAX,1885656.283764,0.0
2026-09-27 08:09:37.160736+00:00,MNT,1732168.6865279998,0.0
2026-09-27 08:09:37.160736+00:00,TRX,1710595.0,0.0
2026-09-27 08:09:37.160736+00:00,APEX,1467379.34,0.0
2026-09-27 08:09:37.160736+00:00,CFX,1414300.2098889998,0.0
2026-09-27 08:09:37.160736+00:00,AAVE,1329210.441204,0.0
2026-09-27 08:09:37.160736+00:00,WIF,1324519.54,0.0
2026-09-27 08:09:37.160736+00:00,PONS,1245145.514201,9.839256
2026-09-27 08:09:37.160736+00:00,LIT,1244976.12646,0.0
2026-09-27 08:09:37.160736+00:00,ENS,1076216.946842,0.0
2026-09-27 08:09:37.160736+00:00,PENGU,1012750.80838,0.0
2026-09-27 08:09:37.160736+00:00,VVV,730916.6714819999,128136.589482
2026-09-27 08:09:37.160736+00:00,LINEA,857724.935715,0.0
2026-09-27 08:09:37.160736+00:00,HBAR,854893.9756679999,0.0
2026-09-27 08:09:37.160736+00:00,POPCAT,845395.1359999999,0.0
2026-09-27 08:09:37.160736+00:00,BCH,752239.532656,0.0
2026-09-27 08:09:37.160736+00:00,W,685800.0,0.0
2026-09-27 08:09:37.160736+00:00,STRK,676662.976525,0.0
2026-09-27 08:09:37.160736+00:00,RUNE,620090.3626710001,0.0
2026-09-27 08:09:37.160736+00:00,PNUT,502982.72,0.0
2026-09-27 08:09:37.160736+00:00,kSHIB,490306.64,0.0
2026-09-27 08:09:37.160736+00:00,SYRUP,448138.48833,0.0
2026-09-27 08:09:37.160736+00:00,CHIP,430899.527575,0.0
2026-09-27 08:09:37.160736+00:00,MON,387210.0,0.0
2026-09-27 08:09:37.160736+00:00,NIL,308328.564307,0.0
2026-09-27 08:09:37.160736+00:00,CAKE,308233.567582,0.0
2026-09-27 08:09:37.160736+00:00,VIRTUAL,295297.422499,0.0
2026-09-27 08:09:37.160736+00:00,USELESS,275899.0,0.0
2026-09-27 08:09:37.160736+00:00,AERO,253538.7,0.0
2026-09-27 08:09:37.160736+00:00,CRV,113710.3592,0.0
2026-09-27 08:09:37.160736+00:00,ZEN,61064.021349,0.0
2026-09-27 08:09:37.160736+00:00,ICP,59596.468388,0.0
2026-09-27 08:09:37.160736+00:00,ONDO,51972.6,0.0
2026-09-27 08:09:37.160736+00:00,MORPHO,47799.71346,0.0
2026-09-27 08:09:37.160736+00:00,AZTEC,44812.570806,0.0
2026-09-27 08:09:37.160736+00:00,OP,0.0,34363.402528
2026-09-27 08:09:37.160736+00:00,DASH,32504.964206,0.0
2026-09-27 08:09:37.160736+00:00,XMR,29083.21308,0.0
2026-09-27 08:09:37.160736+00:00,SKY,26768.3679,0.0
2026-09-27 13:57:50.502775+00:00,BTC,162515717.031953,7549910.90048
2026-09-27 13:57:50.502775+00:00,ZEC,103561127.452898,420454.15
2026-09-27 13:57:50.502775+00:00,SOL,58081998.33546499,0.0
2026-09-27 13:57:50.502775+00:00,NEAR,19177866.49342,0.0
2026-09-27 13:57:50.502775+00:00,HYPE,17535395.397943,0.0
2026-09-27 13:57:50.502775+00:00,SUI,9381942.904512,0.0
2026-09-27 13:57:50.502775+00:00,PUMP,8493914.056367999,0.0
2026-09-27 13:57:50.502775+00:00,ETH,8115240.771594001,0.0
2026-09-27 13:57:50.502775+00:00,WLD,8061426.490587,0.0
2026-09-27 13:57:50.502775+00:00,ENA,7853429.079306,2.619331
2026-09-27 13:57:50.502775+00:00,LINK,6084963.660143999,0.0
2026-09-27 13:57:50.502775+00:00,GRAM,4700239.556,0.0
2026-09-27 13:57:50.502775+00:00,TAO,4680597.585678,0.0
2026-09-27 13:57:50.502775+00:00,XPL,4486068.734073,0.0
2026-09-27 13:57:50.502775+00:00,DOGE,4485230.222496,0.0
2026-09-27 13:57:50.502775+00:00,XRP,4352762.601809,0.0
2026-09-27 13:57:50.502775+00:00,CASHCAT,2605805.5,1440431.388675
2026-09-27 13:57:50.502775+00:00,ZRO,3107899.182922,0.0
2026-09-27 13:57:50.502775+00:00,LIT,2799272.03946,0.0
2026-09-27 13:57:50.502775+00:00,kPEPE,2717551.303142,0.0
2026-09-27 13:57:50.502775+00:00,kBONK,2660110.354076,0.0
2026-09-27 13:57:50.502775+00:00,LTC,2506429.838376,0.0
2026-09-27 13:57:50.502775+00:00,ARB,1226432.567356,1039035.151248
2026-09-27 13:57:50.502775+00:00,FET,2028372.34748,0.0
2026-09-27 13:57:50.502775+00:00,ASTER,2024308.9832,0.0
2026-09-27 13:57:50.502775+00:00,FIL,1923120.0,0.0
2026-09-27 13:57:50.502775+00:00,FARTCOIN,1919302.484619,0.0
2026-09-27 13:57:50.502775+00:00,IMX,1890699.236007,0.0
2026-09-27 13:57:50.502775+00:00,GRASS,1833138.692513,0.0
2026-09-27 13:57:50.502775+00:00,UNI,1807255.441455,0.0
2026-09-27 13:57:50.502775+00:00,MNT,1732168.6865279998,0.0
2026-09-27 13:57:50.502775+00:00,TRX,1710595.0,0.0
2026-09-27 13:57:50.502775+00:00,AVAX,1622035.00212,0.0
2026-09-27 13:57:50.502775+00:00,APEX,1467379.34,0.0
2026-09-27 13:57:50.502775+00:00,CFX,1437049.397384,0.0
2026-09-27 13:57:50.502775+00:00,AAVE,1329210.441204,0.0
2026-09-27 13:57:50.502775+00:00,WIF,1324519.54,0.0
2026-09-27 13:57:50.502775+00:00,PONS,1245145.514201,9.839256
2026-09-27 13:57:50.502775+00:00,ADA,1096193.392,0.0
2026-09-27 13:57:50.502775+00:00,ENS,1076216.946842,0.0
2026-09-27 13:57:50.502775+00:00,PENGU,1012750.80838,0.0
2026-09-27 13:57:50.502775+00:00,LINEA,857724.935715,0.0
2026-09-27 13:57:50.502775+00:00,HBAR,854893.9756679999,0.0
2026-09-27 13:57:50.502775+00:00,POPCAT,845395.1359999999,0.0
2026-09-27 13:57:50.502775+00:00,BCH,752239.532656,0.0
2026-09-27 13:57:50.502775+00:00,VVV,730916.6714819999,0.0
2026-09-27 13:57:50.502775+00:00,W,685800.0,0.0
2026-09-27 13:57:50.502775+00:00,STRK,676662.976525,0.0
2026-09-27 13:57:50.502775+00:00,RUNE,620090.3626710001,0.0
2026-09-27 13:57:50.502775+00:00,PNUT,502982.72,0.0
2026-09-27 13:57:50.502775+00:00,kSHIB,490306.64,0.0
2026-09-27 13:57:50.502775+00:00,BNB,486913.581675,0.0
2026-09-27 13:57:50.502775+00:00,SYRUP,448138.48833,0.0
2026-09-27 13:57:50.502775+00:00,CHIP,430899.527575,0.0
2026-09-27 13:57:50.502775+00:00,MON,387210.0,0.0
2026-09-27 13:57:50.502775+00:00,NIL,308328.564307,0.0
2026-09-27 13:57:50.502775+00:00,CAKE,308233.567582,0.0
2026-09-27 13:57:50.502775+00:00,USELESS,275899.0,0.0
2026-09-27 13:57:50.502775+00:00,AERO,253538.7,0.0
2026-09-27 13:57:50.502775+00:00,VIRTUAL,200875.4,0.0
2026-09-27 13:57:50.502775+00:00,CRV,113710.3592,0.0
2026-09-27 13:57:50.502775+00:00,COMP,85612.0,0.0
2026-09-27 13:57:50.502775+00:00,MORPHO,74789.6578,0.0
2026-09-27 13:57:50.502775+00:00,ZEN,61064.021349,0.0
2026-09-27 13:57:50.502775+00:00,ONDO,51972.6,0.0
2026-09-27 13:57:50.502775+00:00,AZTEC,44812.570806,0.0
2026-09-27 13:57:50.502775+00:00,DASH,37039.428096,0.0
2026-09-27 13:57:50.502775+00:00,XMR,29083.21308,0.0
2026-09-27 13:57:50.502775+00:00,SKY,26768.3679,0.0
2026-09-27 18:23:50.546133+00:00,BTC,145473745.890939,13092520.520212
2026-09-27 18:23:50.546133+00:00,ZEC,76481911.158641,3151915.330587
2026-09-27 18:23:50.546133+00:00,SOL,60093679.868878,2456209.965573
2026-09-27 18:23:50.546133+00:00,NEAR,29209326.336631004,0.0
2026-09-27 18:23:50.546133+00:00,ETH,14448941.001869,1584984.0
2026-09-27 18:23:50.546133+00:00,WLD,13363839.378935,0.0
2026-09-27 18:23:50.546133+00:00,PUMP,11104396.193204,674148.175488
2026-09-27 18:23:50.546133+00:00,SUI,10816166.453456,0.0
2026-09-27 18:23:50.546133+00:00,HYPE,9283404.197817,0.0
2026-09-27 18:23:50.546133+00:00,ENA,9132496.289755,2.619331
2026-09-27 18:23:50.546133+00:00,GRAM,8317092.312055,0.0
2026-09-27 18:23:50.546133+00:00,ADA,1096193.392,4314035.787405
2026-09-27 18:23:50.546133+00:00,XPL,4836673.407217,0.0
2026-09-27 18:23:50.546133+00:00,DOGE,4485230.222496,0.0
2026-09-27 18:23:50.546133+00:00,XRP,4327714.563889,0.0
2026-09-27 18:23:50.546133+00:00,CASHCAT,2757449.778752,1440431.388675
2026-09-27 18:23:50.546133+00:00,TAO,3890664.945571,0.0
2026-09-27 18:23:50.546133+00:00,GRASS,3803322.692513,0.0
2026-09-27 18:23:50.546133+00:00,LTC,3756154.031592,0.0
2026-09-27 18:23:50.546133+00:00,AERO,2946650.96969,0.0
2026-09-27 18:23:50.546133+00:00,kPEPE,2762893.303142,0.0
2026-09-27 18:23:50.546133+00:00,kBONK,2660110.354076,0.0
2026-09-27 18:23:50.546133+00:00,ARB,1447082.567356,1039035.151248
2026-09-27 18:23:50.546133+00:00,FARTCOIN,2121554.470219,0.0
2026-09-27 18:23:50.546133+00:00,UNI,2057565.436971,0.0
2026-09-27 18:23:50.546133+00:00,FET,2028372.34748,0.0
2026-09-27 18:23:50.546133+00:00,ASTER,2024308.9832,0.0
2026-09-27 18:23:50.546133+00:00,FIL,1923120.0,0.0
2026-09-27 18:23:50.546133+00:00,IMX,1890699.236007,0.0
2026-09-27 18:23:50.546133+00:00,LINK,1858322.541234,0.0
2026-09-27 18:23:50.546133+00:00,MNT,1732168.6865279998,0.0
2026-09-27 18:23:50.546133+00:00,TRX,1710595.0,0.0
2026-09-27 18:23:50.546133+00:00,ZRO,1690789.9157959998,0.0
2026-09-27 18:23:50.546133+00:00,AVAX,1622035.00212,0.0
2026-09-27 18:23:50.546133+00:00,APEX,1467379.34,0.0
2026-09-27 18:23:50.546133+00:00,CFX,1454253.390952,0.0
2026-09-27 18:23:50.546133+00:00,AAVE,1329210.441204,0.0
2026-09-27 18:23:50.546133+00:00,WIF,1324519.54,0.0
2026-09-27 18:23:50.546133+00:00,LIT,1097688.486086,0.0
2026-09-27 18:23:50.546133+00:00,ENS,1076216.946842,0.0
2026-09-27 18:23:50.546133+00:00,PENGU,1012750.80838,0.0
2026-09-27 18:23:50.546133+00:00,PONS,971822.253676,9.839256
2026-09-27 18:23:50.546133+00:00,BCH,959431.177416,0.0
2026-09-27 18:23:50.546133+00:00,VVV,730916.6714819999,128136.589482
2026-09-27 18:23:50.546133+00:00,LINEA,857724.935715,0.0
2026-09-27 18:23:50.546133+00:00,HBAR,854893.9756679999,0.0
2026-09-27 18:23:50.546133+00:00,POPCAT,845395.1359999999,0.0
2026-09-27 18:23:50.546133+00:00,W,685800.0,0.0
2026-09-27 18:23:50.546133+00:00,RUNE,620090.3626710001,0.0
2026-09-27 18:23:50.546133+00:00,STRK,572538.228747,0.0
2026-09-27 18:23:50.546133+00:00,XMR,517528.512321,0.0
2026-09-27 18:23:50.546133+00:00,PNUT,502982.72,0.0
2026-09-27 18:23:50.546133+00:00,kSHIB,490306.64,0.0
2026-09-27 18:23:50.546133+00:00,SYRUP,448138.48833,0.0
2026-09-27 18:23:50.546133+00:00,MON,387210.0,0.0
2026-09-27 18:23:50.546133+00:00,NIL,308328.564307,0.0
2026-09-27 18:23:50.546133+00:00,USELESS,275899.0,0.0
2026-09-27 18:23:50.546133+00:00,MORPHO,197255.090744,0.0
2026-09-27 18:23:50.546133+00:00,CHIP,183835.0,0.0
2026-09-27 18:23:50.546133+00:00,CRV,113710.3592,0.0
2026-09-27 18:23:50.546133+00:00,ZEN,61064.021349,0.0
2026-09-27 18:23:50.546133+00:00,ICP,59596.468388,0.0
2026-09-27 18:23:50.546133+00:00,0G,56907.094026,0.0
2026-09-27 18:23:50.546133+00:00,ONDO,51972.6,0.0
2026-09-27 18:23:50.546133+00:00,AZTEC,44812.570806,0.0
2026-09-27 18:23:50.546133+00:00,OP,0.0,34363.402528
2026-09-27 22:10:12.452307+00:00,BTC,140434526.951969,12244116.480212
2026-09-27 22:10:12.452307+00:00,ZEC,76237011.66530901,3151915.330587
2026-09-27 22:10:12.452307+00:00,NEAR,34355651.347542,0.0
2026-09-27 22:10:12.452307+00:00,ETH,19347612.001869,0.0
2026-09-27 22:10:12.452307+00:00,SOL,15788017.268152,2456209.965573
2026-09-27 22:10:12.452307+00:00,HYPE,16188379.184347998,0.0
2026-09-27 22:10:12.452307+00:00,ENA,14416358.668664,2.619331
2026-09-27 22:10:12.452307+00:00,PUMP,13531529.624875,674148.175488
2026-09-27 22:10:12.452307+00:00,WLD,13049346.833935,0.0
2026-09-27 22:10:12.452307+00:00,SUI,11016310.949296,0.0
2026-09-27 22:10:12.452307+00:00,ADA,1096193.392,4314035.787405
2026-09-27 22:10:12.452307+00:00,TAO,4744193.15924,0.0
2026-09-27 22:10:12.452307+00:00,GRAM,4700239.556,0.0
2026-09-27 22:10:12.452307+00:00,DOGE,4485230.222496,0.0
2026-09-27 22:10:12.452307+00:00,XRP,4352762.601809,0.0
2026-09-27 22:10:12.452307+00:00,LIT,4149762.8032,0.0
2026-09-27 22:10:12.452307+00:00,CASHCAT,2605805.5,1440431.388675
2026-09-27 22:10:12.452307+00:00,ZRO,3107899.182922,0.0
2026-09-27 22:10:12.452307+00:00,LTC,3106176.388376,0.0
2026-09-27 22:10:12.452307+00:00,UNI,2972210.790111,0.0
2026-09-27 22:10:12.452307+00:00,XPL,2681448.122489,0.0
2026-09-27 22:10:12.452307+00:00,kBONK,2660110.354076,0.0
2026-09-27 22:10:12.452307+00:00,kPEPE,2523601.303142,0.0
2026-09-27 22:10:12.452307+00:00,ARB,1483244.362196,1039035.151248
2026-09-27 22:10:12.452307+00:00,FARTCOIN,2121554.470219,0.0
2026-09-27 22:10:12.452307+00:00,LINK,2061108.62997,0.0
2026-09-27 22:10:12.452307+00:00,FET,2028372.34748,0.0
2026-09-27 22:10:12.452307+00:00,ASTER,2024308.9832,0.0
2026-09-27 22:10:12.452307+00:00,FIL,1923120.0,0.0
2026-09-27 22:10:12.452307+00:00,IMX,1890699.236007,0.0
2026-09-27 22:10:12.452307+00:00,GRASS,1833138.692513,0.0
2026-09-27 22:10:12.452307+00:00,MNT,1732168.6865279998,0.0
2026-09-27 22:10:12.452307+00:00,TRX,1710595.0,0.0
2026-09-27 22:10:12.452307+00:00,AVAX,1622035.00212,0.0
2026-09-27 22:10:12.452307+00:00,AERO,1490517.19946,0.0
2026-09-27 22:10:12.452307+00:00,CFX,1469028.27432,0.0
2026-09-27 22:10:12.452307+00:00,APEX,1467379.34,0.0
2026-09-27 22:10:12.452307+00:00,AAVE,1329210.441204,0.0
2026-09-27 22:10:12.452307+00:00,WIF,1324519.54,0.0
2026-09-27 22:10:12.452307+00:00,ENS,1076216.946842,0.0
2026-09-27 22:10:12.452307+00:00,PENGU,1012750.80838,0.0
2026-09-27 22:10:12.452307+00:00,PONS,971722.728789,9.839256
2026-09-27 22:10:12.452307+00:00,BCH,959431.177416,0.0
2026-09-27 22:10:12.452307+00:00,VVV,730916.6714819999,128136.589482
2026-09-27 22:10:12.452307+00:00,LINEA,857724.935715,0.0
2026-09-27 22:10:12.452307+00:00,HBAR,854893.9756679999,0.0
2026-09-27 22:10:12.452307+00:00,POPCAT,845395.1359999999,0.0
2026-09-27 22:10:12.452307+00:00,W,685800.0,0.0
2026-09-27 22:10:12.452307+00:00,STRK,676662.976525,0.0
2026-09-27 22:10:12.452307+00:00,RUNE,620090.3626710001,0.0
2026-09-27 22:10:12.452307+00:00,XMR,546611.725401,0.0
2026-09-27 22:10:12.452307+00:00,PNUT,502982.72,0.0
2026-09-27 22:10:12.452307+00:00,kSHIB,490306.64,0.0
2026-09-27 22:10:12.452307+00:00,SYRUP,448138.48833,0.0
2026-09-27 22:10:12.452307+00:00,CHIP,430899.527575,0.0
2026-09-27 22:10:12.452307+00:00,MON,387210.0,0.0
2026-09-27 22:10:12.452307+00:00,NIL,308328.564307,0.0
2026-09-27 22:10:12.452307+00:00,USELESS,275899.0,0.0
2026-09-27 22:10:12.452307+00:00,MORPHO,272044.74854400003,0.0
2026-09-27 22:10:12.452307+00:00,CRV,113710.3592,0.0
2026-09-27 22:10:12.452307+00:00,ZEN,61064.021349,0.0
2026-09-27 22:10:12.452307+00:00,ICP,59596.468388,0.0
2026-09-27 22:10:12.452307+00:00,ONDO,51972.6,0.0
2026-09-27 22:10:12.452307+00:00,AZTEC,44812.570806,0.0
2026-09-27 22:10:12.452307+00:00,CAKE,38649.823348,0.0
2026-09-27 22:10:12.452307+00:00,OP,0.0,34363.402528
2026-09-27 22:10:12.452307+00:00,DASH,31540.255812,0.0
2026-09-27 22:10:12.452307+00:00,SKY,26768.3679,0.0
2026-09-28 00:45:39.738819+00:00,BTC,124566834.256098,5275781.90048
2026-09-28 00:45:39.738819+00:00,SOL,53955546.204275,627489.0327
2026-09-28 00:45:39.738819+00:00,ETH,29165783.18552,1212759.0
2026-09-28 00:45:39.738819+00:00,XRP,22637874.57712,0.0
2026-09-28 00:45:39.738819+00:00,ZEC,19643628.121626,2028205.633849
2026-09-28 00:45:39.738819+00:00,PUMP,19748086.321918,0.0
2026-09-28 00:45:39.738819+00:00,NEAR,15841185.825135,256599.00000000003
2026-09-28 00:45:39.738819+00:00,SUI,14022403.629226,0.0
2026-09-28 00:45:39.738819+00:00,HYPE,11320208.051683998,1284128.673056
2026-09-28 00:45:39.738819+00:00,WLD,8670590.447724,0.0
2026-09-28 00:45:39.738819+00:00,ENA,7952931.9589,2.619331
2026-09-28 00:45:39.738819+00:00,FARTCOIN,5320426.434775,0.0
2026-09-28 00:45:39.738819+00:00,kBONK,5143415.348296,0.0
2026-09-28 00:45:39.738819+00:00,GRAM,5018913.156,0.0
2026-09-28 00:45:39.738819+00:00,XPL,4944805.805223,10944.1
2026-09-28 00:45:39.738819+00:00,TAO,4666245.35924,0.0
2026-09-28 00:45:39.738819+00:00,DOGE,3996810.222496,0.0
2026-09-28 00:45:39.738819+00:00,CASHCAT,2144596.540266,1440431.388675
2026-09-28 00:45:39.738819+00:00,LTC,3003774.238376,354485.5
2026-09-28 00:45:39.738819+00:00,LIT,3149371.678826,0.0
2026-09-28 00:45:39.738819+00:00,ARB,1897797.064136,1039035.151248
2026-09-28 00:45:39.738819+00:00,LINK,2168360.803869,704414.5
2026-09-28 00:45:39.738819+00:00,kPEPE,2523601.303142,0.0
2026-09-28 00:45:39.738819+00:00,GRASS,2061148.692513,0.0
2026-09-28 00:45:39.738819+00:00,FET,2028372.34748,0.0
2026-09-28 00:45:39.738819+00:00,ASTER,2024308.9832,0.0
2026-09-28 00:45:39.738819+00:00,UNI,1931654.713071,0.0
2026-09-28 00:45:39.738819+00:00,FIL,1923120.0,0.0
2026-09-28 00:45:39.738819+00:00,IMX,1890699.236007,0.0
2026-09-28 00:45:39.738819+00:00,MNT,1732168.6865279998,0.0
2026-09-28 00:45:39.738819+00:00,TRX,1710595.0,0.0
2026-09-28 00:45:39.738819+00:00,ZRO,1690789.9157959998,0.0
2026-09-28 00:45:39.738819+00:00,BCH,1655555.177416,0.0
2026-09-28 00:45:39.738819+00:00,AVAX,1622035.00212,0.0
2026-09-28 00:45:39.738819+00:00,AAVE,1545893.061204,0.0
2026-09-28 00:45:39.738819+00:00,AERO,1490517.19946,0.0
2026-09-28 00:45:39.738819+00:00,CFX,1479096.395359,0.0
2026-09-28 00:45:39.738819+00:00,APEX,1467379.34,0.0
2026-09-28 00:45:39.738819+00:00,ETHFI,1438561.645096,0.0
2026-09-28 00:45:39.738819+00:00,MON,1427695.519325,0.0
2026-09-28 00:45:39.738819+00:00,WIF,1324519.54,0.0
2026-09-28 00:45:39.738819+00:00,AR,1164674.2465080002,0.0
2026-09-28 00:45:39.738819+00:00,VVV,1146558.198986,0.0
2026-09-28 00:45:39.738819+00:00,PONS,1145223.249192,9.839256
2026-09-28 00:45:39.738819+00:00,ADA,1096193.392,0.0
2026-09-28 00:45:39.738819+00:00,ENS,1076216.946842,0.0
2026-09-28 00:45:39.738819+00:00,2Z,1053437.239316,0.0
2026-09-28 00:45:39.738819+00:00,PENGU,1012750.80838,0.0
2026-09-28 00:45:39.738819+00:00,ONDO,870107.1263840001,54167.8
2026-09-28 00:45:39.738819+00:00,XMR,867436.846721,0.0
2026-09-28 00:45:39.738819+00:00,LINEA,857724.935715,0.0
2026-09-28 00:45:39.738819+00:00,HBAR,854893.9756679999,0.0
2026-09-28 00:45:39.738819+00:00,POPCAT,845395.1359999999,0.0
2026-09-28 00:45:39.738819+00:00,W,685800.0,0.0
2026-09-28 00:45:39.738819+00:00,RUNE,620090.3626710001,0.0
2026-09-28 00:45:39.738819+00:00,STRK,572538.228747,0.0
2026-09-28 00:45:39.738819+00:00,PNUT,502982.72,0.0
2026-09-28 00:45:39.738819+00:00,kSHIB,490306.64,0.0
2026-09-28 00:45:39.738819+00:00,SYRUP,448138.48833,0.0
2026-09-28 00:45:39.738819+00:00,SKY,433883.151006,0.0
2026-09-28 00:45:39.738819+00:00,NIL,409421.10858700005,0.0
2026-09-28 00:45:39.738819+00:00,JUP,342244.801146,0.0
2026-09-28 00:45:39.738819+00:00,USELESS,275899.0,0.0
2026-09-28 00:45:39.738819+00:00,CAKE,269583.744234,0.0
2026-09-28 00:45:39.738819+00:00,MORPHO,238314.14074400003,0.0
2026-09-28 00:45:39.738819+00:00,CRV,113710.3592,0.0
2026-09-28 00:45:39.738819+00:00,COMP,85612.0,0.0
2026-09-28 00:45:39.738819+00:00,ZEN,61064.021349,0.0
2026-09-28 00:45:39.738819+00:00,AZTEC,44812.570806,0.0
2026-09-28 00:45:39.738819+00:00,TRUMP,212.97000000000003,0.0
2026-09-28 06:52:54.169770+00:00,BTC,33523709.901192,33104917.109756
2026-09-28 06:52:54.169770+00:00,ZEC,25766645.793254,6417474.914436
2026-09-28 06:52:54.169770+00:00,NEAR,19609397.120754,1162389.387968
2026-09-28 06:52:54.169770+00:00,ETH,17804787.999794997,2797743.0
2026-09-28 06:52:54.169770+00:00,HYPE,12768750.683650002,1401373.2967520002
2026-09-28 06:52:54.169770+00:00,PUMP,11932467.917623,674148.175488
2026-09-28 06:52:54.169770+00:00,SOL,8271126.275024,2940769.965573
2026-09-28 06:52:54.169770+00:00,SUI,10546223.711222,0.0
2026-09-28 06:52:54.169770+00:00,ENA,9076971.051218005,2.619331
2026-09-28 06:52:54.169770+00:00,WLD,8536820.955838999,0.0
2026-09-28 06:52:54.169770+00:00,ADA,0.0,4314035.787405
2026-09-28 06:52:54.169770+00:00,AERO,3244645.6252,0.0
2026-09-28 06:52:54.169770+00:00,GRASS,3032132.952524,0.0
2026-09-28 06:52:54.169770+00:00,CASHCAT,814934.8704579999,1440431.388675
2026-09-28 06:52:54.169770+00:00,UNI,1626452.88852,318928.96
2026-09-28 06:52:54.169770+00:00,ARB,737198.15002,1039035.151248
2026-09-28 06:52:54.169770+00:00,XPL,1360706.978578,10944.1
2026-09-28 06:52:54.169770+00:00,SKY,1332421.85725,0.0
2026-09-28 06:52:54.169770+00:00,TAO,1243341.126388,0.0
2026-09-28 06:52:54.169770+00:00,LTC,750564.5327199999,354485.5
2026-09-28 06:52:54.169770+00:00,PENGU,1012750.80838,0.0
2026-09-28 06:52:54.169770+00:00,VVV,859067.8207139999,128136.589482
2026-09-28 06:52:54.169770+00:00,LINK,202792.91253,704414.5
2026-09-28 06:52:54.169770+00:00,SYRUP,653260.832586,0.0
2026-09-28 06:52:54.169770+00:00,MON,540006.0,0.0
2026-09-28 06:52:54.169770+00:00,kPEPE,0.0,522482.60103
2026-09-28 06:52:54.169770+00:00,GRAM,483429.58224,0.0
2026-09-28 06:52:54.169770+00:00,ONDO,184594.539076,298818.96
2026-09-28 06:52:54.169770+00:00,LIT,394640.736086,47930.0
2026-09-28 06:52:54.169770+00:00,PONS,437544.774079,9.839256
2026-09-28 06:52:54.169770+00:00,CRV,266438.084224,0.0
2026-09-28 06:52:54.169770+00:00,AAVE,216699.12579,0.0
2026-09-28 06:52:54.169770+00:00,XRP,98290.989776,99825.48
2026-09-28 06:52:54.169770+00:00,SPX,181208.920376,0.0
2026-09-28 06:52:54.169770+00:00,APE,157795.0,0.0
2026-09-28 06:52:54.169770+00:00,CC,151492.204953,0.0
2026-09-28 06:52:54.169770+00:00,DOGE,133776.00640800002,0.0
2026-09-28 06:52:54.169770+00:00,BCH,56115.532656,67475.8
2026-09-28 06:52:54.169770+00:00,COMP,85612.0,0.0
2026-09-28 06:52:54.169770+00:00,AVAX,0.0,72567.59999999999
2026-09-28 06:52:54.169770+00:00,ZEN,61064.021349,0.0
2026-09-28 06:52:54.169770+00:00,ICP,59596.468388,0.0
2026-09-28 06:52:54.169770+00:00,0G,56907.094026,0.0
2026-09-28 06:52:54.169770+00:00,AZTEC,44812.570806,0.0
2026-09-28 06:52:54.169770+00:00,MORPHO,41059.05,0.0
2026-09-28 06:52:54.169770+00:00,FIL,0.0,39195.59
2026-09-28 06:52:54.169770+00:00,OP,0.0,34363.402528
2026-09-28 06:52:54.169770+00:00,XLM,20537.2,0.0
2026-09-28 06:52:54.169770+00:00,TRUMP,212.97000000000003,19999.98
2026-09-28 06:52:54.169770+00:00,PURR,0.0,5813.293238
2026-09-28 15:27:03.557194+00:00,BTC,78678748.09014,15590257.218
2026-09-28 15:27:03.557194+00:00,ZEC,28183017.233057994,2396122.73
2026-09-28 15:27:03.557194+00:00,ETH,20804931.895124,1212759.0
2026-09-28 15:27:03.557194+00:00,PUMP,16526343.857713996,0.0
2026-09-28 15:27:03.557194+00:00,NEAR,14808658.437427,418798.464
2026-09-28 15:27:03.557194+00:00,HYPE,13858201.119129002,1284128.673056
2026-09-28 15:27:03.557194+00:00,ENA,9115858.416657,2.619331
2026-09-28 15:27:03.557194+00:00,LINK,6190420.231899999,575008.8
2026-09-28 15:27:03.557194+00:00,SOL,3358382.275024,121140.0
2026-09-28 15:27:03.557194+00:00,WLD,2882851.03072,0.0
2026-09-28 15:27:03.557194+00:00,GRAM,2620669.934172,0.0
2026-09-28 15:27:03.557194+00:00,CASHCAT,637737.8704579999,1440431.388675
2026-09-28 15:27:03.557194+00:00,UNI,1699703.646496,318928.96
2026-09-28 15:27:03.557194+00:00,ARB,737198.15002,1039035.151248
2026-09-28 15:27:03.557194+00:00,ONDO,1429859.922858,177412.56
2026-09-28 15:27:03.557194+00:00,SKY,1332421.85725,0.0
2026-09-28 15:27:03.557194+00:00,XPL,1079287.64624,0.0
2026-09-28 15:27:03.557194+00:00,PENGU,1012750.80838,0.0
2026-09-28 15:27:03.557194+00:00,LTC,564994.523604,354485.5
2026-09-28 15:27:03.557194+00:00,VVV,870871.6714819999,0.0
2026-09-28 15:27:03.557194+00:00,MON,801502.4706120001,0.0
2026-09-28 15:27:03.557194+00:00,kPEPE,239292.0,522482.60103
2026-09-28 15:27:03.557194+00:00,XRP,361450.959797,394868.68000000005
2026-09-28 15:27:03.557194+00:00,AERO,736987.7452,0.0
2026-09-28 15:27:03.557194+00:00,TAO,496367.774412,0.0
2026-09-28 15:27:03.557194+00:00,PONS,492089.166134,9.839256
2026-09-28 15:27:03.557194+00:00,SYRUP,448138.48833,0.0
2026-09-28 15:27:03.557194+00:00,LIT,394640.736086,47930.0
2026-09-28 15:27:03.557194+00:00,AAVE,439485.94459,0.0
2026-09-28 15:27:03.557194+00:00,GRASS,346822.0,0.0
2026-09-28 15:27:03.557194+00:00,CHIP,183835.0,0.0
2026-09-28 15:27:03.557194+00:00,ZORA,147160.0,0.0
2026-09-28 15:27:03.557194+00:00,INJ,135254.56016999998,0.0
2026-09-28 15:27:03.557194+00:00,JTO,123835.727504,0.0
2026-09-28 15:27:03.557194+00:00,BCH,56115.532656,67475.8
2026-09-28 15:27:03.557194+00:00,GMX,118788.0,0.0
2026-09-28 15:27:03.557194+00:00,CRV,113710.3592,0.0
2026-09-28 15:27:03.557194+00:00,COMP,85612.0,0.0
2026-09-28 15:27:03.557194+00:00,AVAX,0.0,72567.59999999999
2026-09-28 15:27:03.557194+00:00,ZEN,61064.021349,0.0
2026-09-28 15:27:03.557194+00:00,0G,56907.094026,0.0
2026-09-28 15:27:03.557194+00:00,AZTEC,44812.570806,0.0
2026-09-28 15:27:03.557194+00:00,MORPHO,41059.05,0.0
2026-09-28 15:27:03.557194+00:00,FIL,0.0,39195.59
2026-09-28 15:27:03.557194+00:00,ZRO,29393.6,0.0
2026-09-28 15:27:03.557194+00:00,MEGA,20655.5,0.0
2026-09-28 15:27:03.557194+00:00,XLM,20537.2,0.0
2026-09-28 15:27:03.557194+00:00,TRUMP,212.97000000000003,19999.98
2026-09-28 15:27:03.557194+00:00,PURR,0.0,5813.293238
2026-09-28 22:00:01.642587+00:00,BTC,40535383.739292,19441164.512776
2026-09-28 22:00:01.642587+00:00,ZEC,26887933.083712,9299865.199397
2026-09-28 22:00:01.642587+00:00,HYPE,10030610.799041,442865.94153600006
2026-09-28 22:00:01.642587+00:00,ETH,6246013.705875999,3611693.15775
2026-09-28 22:00:01.642587+00:00,NEAR,8975212.826135,575084.271668
2026-09-28 22:00:01.642587+00:00,PUMP,8996191.215215001,0.0
2026-09-28 22:00:01.642587+00:00,LINK,5244238.073266,1191509.9269299998
2026-09-28 22:00:01.642587+00:00,SOL,3395008.003564,936874.788309
2026-09-28 22:00:01.642587+00:00,ENA,2795976.68239,107389.884052
2026-09-28 22:00:01.642587+00:00,ARB,737198.15002,2081185.151248
2026-09-28 22:00:01.642587+00:00,CASHCAT,426053.758,1440431.388675
2026-09-28 22:00:01.642587+00:00,UNI,73250.757976,1181899.9
2026-09-28 22:00:01.642587+00:00,VVV,1070116.4486389998,0.0
2026-09-28 22:00:01.642587+00:00,kPEPE,239292.0,739582.60103
2026-09-28 22:00:01.642587+00:00,XRP,361450.959797,543922.28
2026-09-28 22:00:01.642587+00:00,LTC,258602.525762,354485.5
2026-09-28 22:00:01.642587+00:00,FET,517659.9267,0.0
2026-09-28 22:00:01.642587+00:00,PONS,491989.641247,9.839256
2026-09-28 22:00:01.642587+00:00,SYRUP,448138.48833,0.0
2026-09-28 22:00:01.642587+00:00,LIT,394640.736086,47930.0
2026-09-28 22:00:01.642587+00:00,AAVE,439485.94459,0.0
2026-09-28 22:00:01.642587+00:00,VIRTUAL,428815.80966,0.0
2026-09-28 22:00:01.642587+00:00,ONDO,153022.909385,177412.56
2026-09-28 22:00:01.642587+00:00,XPL,249936.80736,0.0
2026-09-28 22:00:01.642587+00:00,CHIP,183835.0,0.0
2026-09-28 22:00:01.642587+00:00,BCH,96153.596449,67475.8
2026-09-28 22:00:01.642587+00:00,GMX,118788.0,0.0
2026-09-28 22:00:01.642587+00:00,CRV,113710.3592,0.0
2026-09-28 22:00:01.642587+00:00,TAO,92734.019412,0.0
2026-09-28 22:00:01.642587+00:00,COMP,85612.0,0.0
2026-09-28 22:00:01.642587+00:00,BNB,0.0,78172.79999999999
2026-09-28 22:00:01.642587+00:00,AVAX,0.0,72567.59999999999
2026-09-28 22:00:01.642587+00:00,ZEN,61064.021349,0.0
2026-09-28 22:00:01.642587+00:00,MON,59106.0,0.0
2026-09-28 22:00:01.642587+00:00,RENDER,49999.67882100001,0.0
2026-09-28 22:00:01.642587+00:00,AZTEC,44812.570806,0.0
2026-09-28 22:00:01.642587+00:00,MORPHO,41059.05,0.0
2026-09-28 22:00:01.642587+00:00,FIL,0.0,39195.59
2026-09-28 22:00:01.642587+00:00,AERO,36849.799008,0.0
2026-09-28 22:00:01.642587+00:00,WLD,30945.6,0.0
2026-09-28 22:00:01.642587+00:00,XLM,20537.2,0.0
2026-09-28 22:00:01.642587+00:00,TRUMP,212.97000000000003,19999.98
2026-09-28 22:00:01.642587+00:00,ETC,16950.585181,0.0
2026-09-28 22:00:01.642587+00:00,PURR,0.0,5813.293238
2026-09-29 01:56:55.760937+00:00,BTC,39081182.739292,17330135.729362
2026-09-29 01:56:55.760937+00:00,ETH,33415128.705876,4517196.157749999
2026-09-29 01:56:55.760937+00:00,ZEC,8221334.219742999,15911125.199417
2026-09-29 01:56:55.760937+00:00,HYPE,9394714.478469,830920.9034559999
2026-09-29 01:56:55.760937+00:00,NEAR,6966097.492451001,475709.87166800007
2026-09-29 01:56:55.760937+00:00,LINK,5244238.073266,755861.32855
2026-09-29 01:56:55.760937+00:00,PUMP,4425609.02479,0.0
2026-09-29 01:56:55.760937+00:00,AERO,2507657.88,0.0
2026-09-29 01:56:55.760937+00:00,SOL,1079148.753564,1275861.548309
2026-09-29 01:56:55.760937+00:00,ARB,136629.0,2081185.151248
2026-09-29 01:56:55.760937+00:00,ENA,2070000.501096,107389.884052
2026-09-29 01:56:55.760937+00:00,GRASS,1970184.0,0.0
2026-09-29 01:56:55.760937+00:00,kPEPE,1124393.303142,739582.60103
2026-09-29 01:56:55.760937+00:00,CASHCAT,207995.00184,1440431.388675
2026-09-29 01:56:55.760937+00:00,WLD,1641063.814873,0.0
2026-09-29 01:56:55.760937+00:00,GRAM,1505991.53376,0.0
2026-09-29 01:56:55.760937+00:00,UNI,73250.757976,1353933.1
2026-09-29 01:56:55.760937+00:00,VVV,1070116.4486389998,0.0
2026-09-29 01:56:55.760937+00:00,XRP,361450.959797,543922.28
2026-09-29 01:56:55.760937+00:00,FET,883267.4935999999,0.0
2026-09-29 01:56:55.760937+00:00,IMX,769527.2168070001,0.0
2026-09-29 01:56:55.760937+00:00,LTC,385526.725762,354485.5
2026-09-29 01:56:55.760937+00:00,CFX,720143.4343839999,0.0
2026-09-29 01:56:55.760937+00:00,AAVE,660765.6745900001,0.0
2026-09-29 01:56:55.760937+00:00,kBONK,643063.75574,0.0
2026-09-29 01:56:55.760937+00:00,kSHIB,545676.6399999999,0.0
2026-09-29 01:56:55.760937+00:00,CRV,540210.3592,0.0
2026-09-29 01:56:55.760937+00:00,PNUT,502982.72,0.0
2026-09-29 01:56:55.760937+00:00,LIT,394640.736086,75847.283204
2026-09-29 01:56:55.760937+00:00,SYRUP,448138.48833,0.0
2026-09-29 01:56:55.760937+00:00,BCH,300793.864689,67475.8
2026-09-29 01:56:55.760937+00:00,ONDO,136277.6,177412.56
2026-09-29 01:56:55.760937+00:00,XPL,249936.80736,0.0
2026-09-29 01:56:55.760937+00:00,CHIP,183835.0,0.0
2026-09-29 01:56:55.760937+00:00,HBAR,127919.226428,0.0
2026-09-29 01:56:55.760937+00:00,GMX,118788.0,0.0
2026-09-29 01:56:55.760937+00:00,TAO,92734.019412,0.0
2026-09-29 01:56:55.760937+00:00,COMP,85612.0,0.0
2026-09-29 01:56:55.760937+00:00,AVAX,0.0,72567.59999999999
2026-09-29 01:56:55.760937+00:00,ZEN,61064.021349,0.0
2026-09-29 01:56:55.760937+00:00,MON,59106.0,0.0
2026-09-29 01:56:55.760937+00:00,SUI,57664.00000000001,0.0
2026-09-29 01:56:55.760937+00:00,RENDER,49999.67882100001,0.0
2026-09-29 01:56:55.760937+00:00,AZTEC,44812.570806,0.0
2026-09-29 01:56:55.760937+00:00,DOGE,42771.0,0.0
2026-09-29 01:56:55.760937+00:00,MORPHO,41059.05,0.0
2026-09-29 01:56:55.760937+00:00,FIL,0.0,39195.59
2026-09-29 01:56:55.760937+00:00,WIF,24440.7,0.0
2026-09-29 01:56:55.760937+00:00,XLM,20537.2,0.0
2026-09-29 01:56:55.760937+00:00,TRUMP,212.97000000000003,19999.98
2026-09-29 01:56:55.760937+00:00,ETC,16950.585181,0.0
2026-09-29 01:56:55.760937+00:00,PURR,0.0,5813.293238
2026-09-29 01:56:55.760937+00:00,PONS,0.0,9.839256
2026-09-29 08:29:34.561568+00:00,ETH,104111881.008573,1584984.0
2026-09-29 08:29:34.561568+00:00,BTC,46853446.444708,1307193.7708640003
2026-09-29 08:29:34.561568+00:00,ZEC,10068591.149156002,17970418.869553
2026-09-29 08:29:34.561568+00:00,NEAR,10886097.738836002,1809115.210487
2026-09-29 08:29:34.561568+00:00,HYPE,10233174.817431,0.0
2026-09-29 08:29:34.561568+00:00,ENA,7126041.5184080005,2444428.901694
2026-09-29 08:29:34.561568+00:00,PUMP,9169487.001899,0.0
2026-09-29 08:29:34.561568+00:00,LINK,7966332.202027999,760207.32855
2026-09-29 08:29:34.561568+00:00,AAVE,6297968.822876,0.0
2026-09-29 08:29:34.561568+00:00,kPEPE,4754986.31325,739582.60103
2026-09-29 08:29:34.561568+00:00,SOL,5000466.196719999,0.0
2026-09-29 08:29:34.561568+00:00,GRAM,4700237.97376,0.0
2026-09-29 08:29:34.561568+00:00,DOGE,4258854.8366,0.0
2026-09-29 08:29:34.561568+00:00,ZRO,3915083.647313,0.0
2026-09-29 08:29:34.561568+00:00,CASHCAT,2386206.743452,1440431.388675
2026-09-29 08:29:34.561568+00:00,WLD,3647497.512892,0.0
2026-09-29 08:29:34.561568+00:00,XRP,3010046.2932029995,543922.28
2026-09-29 08:29:34.561568+00:00,GRASS,3266784.0,0.0
2026-09-29 08:29:34.561568+00:00,AERO,2993475.763803,0.0
2026-09-29 08:29:34.561568+00:00,LTC,2791369.674634,140609.80000000002
2026-09-29 08:29:34.561568+00:00,LIT,2602728.453569,91302.28
2026-09-29 08:29:34.561568+00:00,kBONK,2660110.354076,0.0
2026-09-29 08:29:34.561568+00:00,WIF,2379434.301292,0.0
2026-09-29 08:29:34.561568+00:00,TAO,2287131.185682,0.0
2026-09-29 08:29:34.561568+00:00,XPL,2257291.928827,0.0
2026-09-29 08:29:34.561568+00:00,FET,2028372.34748,0.0
2026-09-29 08:29:34.561568+00:00,ASTER,2024308.9832,0.0
2026-09-29 08:29:34.561568+00:00,FIL,1923120.0,40227.0
2026-09-29 08:29:34.561568+00:00,FARTCOIN,1919302.484619,0.0
2026-09-29 08:29:34.561568+00:00,IMX,1890699.236007,0.0
2026-09-29 08:29:34.561568+00:00,MNT,1732168.6865279998,0.0
2026-09-29 08:29:34.561568+00:00,TRX,1710595.0,0.0
2026-09-29 08:29:34.561568+00:00,AVAX,1622035.00212,72567.59999999999
2026-09-29 08:29:34.561568+00:00,CFX,1595011.529662,0.0
2026-09-29 08:29:34.561568+00:00,UNI,394146.363359,1181899.9
2026-09-29 08:29:34.561568+00:00,APEX,1467379.34,0.0
2026-09-29 08:29:34.561568+00:00,VVV,1457308.667444,0.0
2026-09-29 08:29:34.561568+00:00,CRV,1425405.301216,0.0
2026-09-29 08:29:34.561568+00:00,ADA,1300497.392,0.0
2026-09-29 08:29:34.561568+00:00,ARB,235715.719872,1042150.0
2026-09-29 08:29:34.561568+00:00,HBAR,1097449.631228,0.0
2026-09-29 08:29:34.561568+00:00,ENS,1076216.946842,0.0
2026-09-29 08:29:34.561568+00:00,WLFI,0.0,959410.176
2026-09-29 08:29:34.561568+00:00,LINEA,857724.935715,0.0
2026-09-29 08:29:34.561568+00:00,POPCAT,845395.1359999999,0.0
2026-09-29 08:29:34.561568+00:00,BCH,802021.433397,33737.9
2026-09-29 08:29:34.561568+00:00,PONS,707778.0,9.839256
2026-09-29 08:29:34.561568+00:00,W,685800.0,0.0
2026-09-29 08:29:34.561568+00:00,STRK,572538.228747,0.0
2026-09-29 08:29:34.561568+00:00,ONDO,399922.989046,172287.24
2026-09-29 08:29:34.561568+00:00,kSHIB,545676.6399999999,0.0
2026-09-29 08:29:34.561568+00:00,ETHFI,531463.3656510001,0.0
2026-09-29 08:29:34.561568+00:00,PNUT,502982.72,0.0
2026-09-29 08:29:34.561568+00:00,MEGA,489814.75221,0.0
2026-09-29 08:29:34.561568+00:00,SYRUP,448138.48833,0.0
2026-09-29 08:29:34.561568+00:00,MORPHO,403471.487904,0.0
2026-09-29 08:29:34.561568+00:00,LDO,354013.27527,0.0
2026-09-29 08:29:34.561568+00:00,EIGEN,308268.3884,0.0
2026-09-29 08:29:34.561568+00:00,USELESS,275899.0,0.0
2026-09-29 08:29:34.561568+00:00,SUI,257808.49584,0.0
2026-09-29 08:29:34.561568+00:00,COMP,188117.60296,0.0
2026-09-29 08:29:34.561568+00:00,CHIP,183835.0,0.0
2026-09-29 08:29:34.561568+00:00,SKY,182920.033548,0.0
2026-09-29 08:29:34.561568+00:00,GMX,118788.0,0.0
2026-09-29 08:29:34.561568+00:00,ZEN,61064.021349,0.0
2026-09-29 08:29:34.561568+00:00,MON,59106.0,0.0
2026-09-29 08:29:34.561568+00:00,RENDER,49999.67882100001,0.0
2026-09-29 08:29:34.561568+00:00,AZTEC,44812.570806,0.0
2026-09-29 08:29:34.561568+00:00,XLM,20537.2,0.0
2026-09-29 08:29:34.561568+00:00,TRUMP,212.97000000000003,19999.98
2026-09-29 08:29:34.561568+00:00,ETC,17039.538181,0.0
2026-09-29 08:29:34.561568+00:00,PURR,0.0,5813.293238
2026-09-29 15:50:59.566671+00:00,BTC,37414982.598968,1305490.7984000002
2026-09-29 15:50:59.566671+00:00,PUMP,32525640.790596,0.0
2026-09-29 15:50:59.566671+00:00,XRP,14389160.958738998,295043.2
2026-09-29 15:50:59.566671+00:00,ZEC,8499938.079614,4650486.352133
2026-09-29 15:50:59.566671+00:00,ETH,10082946.175085,2797743.0
2026-09-29 15:50:59.566671+00:00,HYPE,12456226.32149,0.0
2026-09-29 15:50:59.566671+00:00,NEAR,11258513.756968,997402.434852
2026-09-29 15:50:59.566671+00:00,AAVE,9331316.816784,345832.83276
2026-09-29 15:50:59.566671+00:00,LINK,7373951.073331999,1210668.0
2026-09-29 15:50:59.566671+00:00,ENA,5827544.823207999,2444428.901694
2026-09-29 15:50:59.566671+00:00,XPL,5144199.280856,0.0
2026-09-29 15:50:59.566671+00:00,kBONK,4496497.298188,0.0
2026-09-29 15:50:59.566671+00:00,kPEPE,3919443.249844,522482.60103
2026-09-29 15:50:59.566671+00:00,AERO,4043137.826169,0.0
2026-09-29 15:50:59.566671+00:00,DOGE,3996810.222496,0.0
2026-09-29 15:50:59.566671+00:00,WLD,3782234.00546,200100.0
2026-09-29 15:50:59.566671+00:00,ZRO,3913275.254705,0.0
2026-09-29 15:50:59.566671+00:00,GRASS,3864850.809052,0.0
2026-09-29 15:50:59.566671+00:00,CASHCAT,2106493.0,1440431.388675
2026-09-29 15:50:59.566671+00:00,GRAM,3516545.885,0.0
2026-09-29 15:50:59.566671+00:00,SOL,3452376.705745,0.0
2026-09-29 15:50:59.566671+00:00,TAO,3203852.087856,0.0
2026-09-29 15:50:59.566671+00:00,LIT,2754730.94274,0.0
2026-09-29 15:50:59.566671+00:00,LTC,2614480.376412,69767.79999999999
2026-09-29 15:50:59.566671+00:00,HBAR,2343479.344145,0.0
2026-09-29 15:50:59.566671+00:00,FARTCOIN,2317198.468719,0.0
2026-09-29 15:50:59.566671+00:00,ETHFI,2094982.225401,0.0
2026-09-29 15:50:59.566671+00:00,ASTER,2024308.9832,0.0
2026-09-29 15:50:59.566671+00:00,FIL,1923120.0,0.0
2026-09-29 15:50:59.566671+00:00,MNT,1732168.6865279998,0.0
2026-09-29 15:50:59.566671+00:00,TRX,1710595.0,0.0
2026-09-29 15:50:59.566671+00:00,AVAX,1622035.00212,0.0
2026-09-29 15:50:59.566671+00:00,VVV,1443254.473056,0.0
2026-09-29 15:50:59.566671+00:00,XLM,1413209.5557819998,0.0
2026-09-29 15:50:59.566671+00:00,APEX,1373115.051,0.0
2026-09-29 15:50:59.566671+00:00,WIF,1324519.54,0.0
2026-09-29 15:50:59.566671+00:00,SKY,1190742.071706,0.0
2026-09-29 15:50:59.566671+00:00,FET,1145104.85388,0.0
2026-09-29 15:50:59.566671+00:00,IMX,1121172.0192,0.0
2026-09-29 15:50:59.566671+00:00,ADA,1096193.392,0.0
2026-09-29 15:50:59.566671+00:00,ENS,1076216.946842,0.0
2026-09-29 15:50:59.566671+00:00,2Z,1070629.3963050002,0.0
2026-09-29 15:50:59.566671+00:00,WLFI,0.0,959410.176
2026-09-29 15:50:59.566671+00:00,CFX,874868.095278,0.0
2026-09-29 15:50:59.566671+00:00,LINEA,857724.935715,0.0
2026-09-29 15:50:59.566671+00:00,POPCAT,845395.1359999999,0.0
2026-09-29 15:50:59.566671+00:00,W,795305.090808,0.0
2026-09-29 15:50:59.566671+00:00,UNI,319693.498293,451188.50000000006
2026-09-29 15:50:59.566671+00:00,ARB,724950.137208,0.0
2026-09-29 15:50:59.566671+00:00,PONS,707778.0,9.839256
2026-09-29 15:50:59.566671+00:00,ONDO,367033.518213,312055.819956
2026-09-29 15:50:59.566671+00:00,MORPHO,596229.161834,0.0
2026-09-29 15:50:59.566671+00:00,STRK,572538.228747,0.0
2026-09-29 15:50:59.566671+00:00,SUI,557435.197526,0.0
2026-09-29 15:50:59.566671+00:00,BCH,552846.448691,0.0
2026-09-29 15:50:59.566671+00:00,XMR,550158.637945,0.0
2026-09-29 15:50:59.566671+00:00,MEGA,489814.75221,0.0
2026-09-29 15:50:59.566671+00:00,LDO,354013.27527,0.0
2026-09-29 15:50:59.566671+00:00,EIGEN,308268.3884,0.0
2026-09-29 15:50:59.566671+00:00,SPX,287000.1697,0.0
2026-09-29 15:50:59.566671+00:00,USELESS,275899.0,0.0
2026-09-29 15:50:59.566671+00:00,CRV,266438.084224,0.0
2026-09-29 15:50:59.566671+00:00,SYRUP,210570.82423,0.0
2026-09-29 15:50:59.566671+00:00,NIL,193195.398825,0.0
2026-09-29 15:50:59.566671+00:00,COMP,187365.00853,0.0
2026-09-29 15:50:59.566671+00:00,CHIP,183835.0,0.0
2026-09-29 15:50:59.566671+00:00,VIRTUAL,174242.5,0.0
2026-09-29 15:50:59.566671+00:00,AZTEC,171991.06216600002,0.0
2026-09-29 15:50:59.566671+00:00,TIA,171694.37378,0.0
2026-09-29 15:50:59.566671+00:00,AR,118365.766684,0.0
2026-09-29 15:50:59.566671+00:00,ZEN,61064.021349,0.0
2026-09-29 15:50:59.566671+00:00,PURR,38495.88666,0.0
2026-09-29 20:46:33.981130+00:00,ETH,60079073.42652099,2797743.0
2026-09-29 20:46:33.981130+00:00,PUMP,31303086.138622,674148.175488
2026-09-29 20:46:33.981130+00:00,BTC,14545169.466659,5999696.378132001
2026-09-29 20:46:33.981130+00:00,NEAR,14817755.797708,309376.2
2026-09-29 20:46:33.981130+00:00,ZEC,9461208.470632998,5159278.657403
2026-09-29 20:46:33.981130+00:00,HYPE,8849657.938927,3280491.412396
2026-09-29 20:46:33.981130+00:00,ENA,6012375.663211,2444428.901694
2026-09-29 20:46:33.981130+00:00,WLD,7581350.989147,0.0
2026-09-29 20:46:33.981130+00:00,AAVE,6044569.165246,345832.83276
2026-09-29 20:46:33.981130+00:00,ADA,1096193.392,4314035.787405
2026-09-29 20:46:33.981130+00:00,GRAM,5022537.41876,0.0
2026-09-29 20:46:33.981130+00:00,SOL,2452276.125024,2456209.965573
2026-09-29 20:46:33.981130+00:00,LINK,3616435.085196,1059334.5
2026-09-29 20:46:33.981130+00:00,DOGE,4216083.8366,0.0
2026-09-29 20:46:33.981130+00:00,CASHCAT,2605805.5,1440431.388675
2026-09-29 20:46:33.981130+00:00,AERO,4043032.670916,0.0
2026-09-29 20:46:33.981130+00:00,ZRO,3913172.849537,0.0
2026-09-29 20:46:33.981130+00:00,GRASS,3751917.958112,0.0
2026-09-29 20:46:33.981130+00:00,kPEPE,3163122.525318,522482.60103
2026-09-29 20:46:33.981130+00:00,kBONK,3412874.9637120003,0.0
2026-09-29 20:46:33.981130+00:00,TAO,3221586.362268,0.0
2026-09-29 20:46:33.981130+00:00,LIT,3149371.678826,0.0
2026-09-29 20:46:33.981130+00:00,XRP,3010046.2932029995,0.0
2026-09-29 20:46:33.981130+00:00,LTC,2506429.838376,69767.79999999999
2026-09-29 20:46:33.981130+00:00,XPL,2388940.245033,0.0
2026-09-29 20:46:33.981130+00:00,WIF,2354993.601292,0.0
2026-09-29 20:46:33.981130+00:00,FARTCOIN,2317198.468719,0.0
2026-09-29 20:46:33.981130+00:00,FET,2028372.34748,0.0
2026-09-29 20:46:33.981130+00:00,ASTER,2024308.9832,0.0
2026-09-29 20:46:33.981130+00:00,FIL,1923120.0,0.0
2026-09-29 20:46:33.981130+00:00,IMX,1890699.236007,0.0
2026-09-29 20:46:33.981130+00:00,MNT,1732168.6865279998,0.0
2026-09-29 20:46:33.981130+00:00,TRX,1710595.0,0.0
2026-09-29 20:46:33.981130+00:00,AVAX,1622035.00212,0.0
2026-09-29 20:46:33.981130+00:00,CFX,1595011.529662,0.0
2026-09-29 20:46:33.981130+00:00,VVV,1314976.008465,128136.589482
2026-09-29 20:46:33.981130+00:00,APEX,1259921.103,0.0
2026-09-29 20:46:33.981130+00:00,SKY,1190246.736278,0.0
2026-09-29 20:46:33.981130+00:00,ENS,1076216.946842,0.0
2026-09-29 20:46:33.981130+00:00,BCH,1054074.017399,0.0
2026-09-29 20:46:33.981130+00:00,WLFI,0.0,959410.176
2026-09-29 20:46:33.981130+00:00,LINEA,857724.935715,0.0
2026-09-29 20:46:33.981130+00:00,HBAR,854893.9756679999,0.0
2026-09-29 20:46:33.981130+00:00,POPCAT,845395.1359999999,0.0
2026-09-29 20:46:33.981130+00:00,W,795305.090808,0.0
2026-09-29 20:46:33.981130+00:00,UNI,787593.4153679999,0.0
2026-09-29 20:46:33.981130+00:00,CRV,735775.301216,0.0
2026-09-29 20:46:33.981130+00:00,PONS,707778.0,9.839256
2026-09-29 20:46:33.981130+00:00,ETHFI,678171.030417,0.0
2026-09-29 20:46:33.981130+00:00,SYRUP,658709.31256,0.0
2026-09-29 20:46:33.981130+00:00,MORPHO,596151.212644,0.0
2026-09-29 20:46:33.981130+00:00,STRK,572538.228747,0.0
2026-09-29 20:46:33.981130+00:00,XMR,550158.637945,0.0
2026-09-29 20:46:33.981130+00:00,ONDO,366976.553032,162036.6
2026-09-29 20:46:33.981130+00:00,PNUT,502982.72,0.0
2026-09-29 20:46:33.981130+00:00,kSHIB,490306.64,0.0
2026-09-29 20:46:33.981130+00:00,MEGA,489814.75221,0.0
2026-09-29 20:46:33.981130+00:00,SUI,470945.886656,0.0
2026-09-29 20:46:33.981130+00:00,LDO,354013.27527,0.0
2026-09-29 20:46:33.981130+00:00,EIGEN,308268.3884,0.0
2026-09-29 20:46:33.981130+00:00,USELESS,275899.0,0.0
2026-09-29 20:46:33.981130+00:00,ARB,235715.719872,0.0
2026-09-29 20:46:33.981130+00:00,TIA,209308.442145,0.0
2026-09-29 20:46:33.981130+00:00,NIL,193195.398825,0.0
2026-09-29 20:46:33.981130+00:00,COMP,187350.272125,0.0
2026-09-29 20:46:33.981130+00:00,CHIP,183835.0,0.0
2026-09-29 20:46:33.981130+00:00,VIRTUAL,174242.5,0.0
2026-09-29 20:46:33.981130+00:00,AZTEC,171991.06216600002,0.0
2026-09-29 20:46:33.981130+00:00,AR,118365.766684,0.0
2026-09-29 20:46:33.981130+00:00,ZEN,61064.021349,0.0
2026-09-29 20:46:33.981130+00:00,ICP,59596.468388,0.0
2026-09-29 20:46:33.981130+00:00,OP,0.0,34363.402528
2026-09-30 00:26:36.975333+00:00,ETH,45778864.836253,2797743.0
2026-09-30 00:26:36.975333+00:00,PUMP,34908605.968056,0.0
2026-09-30 00:26:36.975333+00:00,ZEC,14059298.101711996,2246238.49295
2026-09-30 00:26:36.975333+00:00,NEAR,9695047.366411,309376.2
2026-09-30 00:26:36.975333+00:00,ENA,5666716.74127,2444428.901694
2026-09-30 00:26:36.975333+00:00,HYPE,7146686.849939001,0.0
2026-09-30 00:26:36.975333+00:00,AAVE,4900447.532686,345832.83276
2026-09-30 00:26:36.975333+00:00,ZRO,4861131.667327,0.0
2026-09-30 00:26:36.975333+00:00,CASHCAT,2605805.5,1440431.388675
2026-09-30 00:26:36.975333+00:00,BTC,293366.599758,3579619.7984
2026-09-30 00:26:36.975333+00:00,GRASS,3864850.809052,0.0
2026-09-30 00:26:36.975333+00:00,WLD,3547169.00546,0.0
2026-09-30 00:26:36.975333+00:00,GRAM,3516545.885,0.0
2026-09-30 00:26:36.975333+00:00,LINK,2444388.523788,1059334.5
2026-09-30 00:26:36.975333+00:00,DOGE,2814470.1088,0.0
2026-09-30 00:26:36.975333+00:00,XRP,2810002.563889,0.0
2026-09-30 00:26:36.975333+00:00,kBONK,2769811.207972,0.0
2026-09-30 00:26:36.975333+00:00,LTC,2506429.838376,69767.79999999999
2026-09-30 00:26:36.975333+00:00,AERO,2507657.88,0.0
2026-09-30 00:26:36.975333+00:00,SOL,2452276.125024,0.0
2026-09-30 00:26:36.975333+00:00,XPL,2388940.245033,0.0
2026-09-30 00:26:36.975333+00:00,FARTCOIN,2317198.468719,0.0
2026-09-30 00:26:36.975333+00:00,AVAX,2303785.0021200003,0.0
2026-09-30 00:26:36.975333+00:00,kPEPE,2278021.222176,0.0
2026-09-30 00:26:36.975333+00:00,TAO,2212131.440682,0.0
2026-09-30 00:26:36.975333+00:00,ASTER,2024308.9832,0.0
2026-09-30 00:26:36.975333+00:00,FIL,1923120.0,0.0
2026-09-30 00:26:36.975333+00:00,MNT,1732168.6865279998,0.0
2026-09-30 00:26:36.975333+00:00,TRX,1710595.0,0.0
2026-09-30 00:26:36.975333+00:00,WIF,1324519.54,0.0
2026-09-30 00:26:36.975333+00:00,APEX,1180379.34,0.0
2026-09-30 00:26:36.975333+00:00,FET,1145104.85388,0.0
2026-09-30 00:26:36.975333+00:00,IMX,1121172.0192,0.0
2026-09-30 00:26:36.975333+00:00,ADA,1096193.392,0.0
2026-09-30 00:26:36.975333+00:00,ENS,1076216.946842,0.0
2026-09-30 00:26:36.975333+00:00,SKY,1008502.291778,0.0
2026-09-30 00:26:36.975333+00:00,WLFI,0.0,959410.176
2026-09-30 00:26:36.975333+00:00,CFX,874868.095278,0.0
2026-09-30 00:26:36.975333+00:00,VVV,859067.8207139999,0.0
2026-09-30 00:26:36.975333+00:00,LINEA,857724.935715,0.0
2026-09-30 00:26:36.975333+00:00,HBAR,854893.9756679999,0.0
2026-09-30 00:26:36.975333+00:00,POPCAT,845395.1359999999,0.0
2026-09-30 00:26:36.975333+00:00,UNI,467968.74,360950.8000000001
2026-09-30 00:26:36.975333+00:00,W,795305.090808,0.0
2026-09-30 00:26:36.975333+00:00,PONS,782479.688065,9.839256
2026-09-30 00:26:36.975333+00:00,SYRUP,658709.31256,0.0
2026-09-30 00:26:36.975333+00:00,CHIP,614734.527575,0.0
2026-09-30 00:26:36.975333+00:00,STRK,572538.228747,0.0
2026-09-30 00:26:36.975333+00:00,SUI,557435.197526,0.0
2026-09-30 00:26:36.975333+00:00,BCH,552846.448691,0.0
2026-09-30 00:26:36.975333+00:00,XMR,550158.637945,0.0
2026-09-30 00:26:36.975333+00:00,MEGA,489814.75221,0.0
2026-09-30 00:26:36.975333+00:00,ETHFI,434451.88558,0.0
2026-09-30 00:26:36.975333+00:00,LIT,394640.736086,0.0
2026-09-30 00:26:36.975333+00:00,LDO,354013.27527,0.0
2026-09-30 00:26:36.975333+00:00,EIGEN,308268.3884,0.0
2026-09-30 00:26:36.975333+00:00,SPX,287000.1697,0.0
2026-09-30 00:26:36.975333+00:00,USELESS,275899.0,0.0
2026-09-30 00:26:36.975333+00:00,ONDO,104377.6,162036.6
2026-09-30 00:26:36.975333+00:00,MORPHO,238314.14074400003,0.0
2026-09-30 00:26:36.975333+00:00,ARB,235715.719872,0.0
2026-09-30 00:26:36.975333+00:00,TIA,209308.442145,0.0
2026-09-30 00:26:36.975333+00:00,NIL,193195.398825,0.0
2026-09-30 00:26:36.975333+00:00,VIRTUAL,174242.5,0.0
2026-09-30 00:26:36.975333+00:00,AZTEC,171991.06216600002,0.0
2026-09-30 00:26:36.975333+00:00,AR,118365.766684,0.0
2026-09-30 00:26:36.975333+00:00,CRV,113710.3592,0.0
2026-09-30 00:26:36.975333+00:00,COMP,85612.0,0.0
2026-09-30 00:26:36.975333+00:00,PURR,80246.45923000001,0.0
2026-09-30 00:26:36.975333+00:00,ZEN,61064.021349,0.0
2026-09-30 06:42:34.929195+00:00,PUMP,33676878.497113,674148.175488
2026-09-30 06:42:34.929195+00:00,ETH,28996540.907484,3591491.9855150003
2026-09-30 06:42:34.929195+00:00,XRP,23135195.804644,0.0
2026-09-30 06:42:34.929195+00:00,ZEC,18375283.884726003,3445706.19774
2026-09-30 06:42:34.929195+00:00,BTC,13015231.266496,8273825.378132001
2026-09-30 06:42:34.929195+00:00,HYPE,17080372.836638,0.0
2026-09-30 06:42:34.929195+00:00,NEAR,16402479.477287002,309376.2
2026-09-30 06:42:34.929195+00:00,SUI,10358019.791168,0.0
2026-09-30 06:42:34.929195+00:00,ENA,6716715.260415,2444428.901694
2026-09-30 06:42:34.929195+00:00,WLD,8821754.296588,0.0
2026-09-30 06:42:34.929195+00:00,ZRO,7996506.699578999,0.0
2026-09-30 06:42:34.929195+00:00,AAVE,7589314.620996,345832.83276
2026-09-30 06:42:34.929195+00:00,DOGE,6225609.023276,0.0
2026-09-30 06:42:34.929195+00:00,ADA,1096193.392,4314035.787405
2026-09-30 06:42:34.929195+00:00,kBONK,5139561.053928,0.0
2026-09-30 06:42:34.929195+00:00,GRAM,5022539.001,0.0
2026-09-30 06:42:34.929195+00:00,XPL,4447350.815249,0.0
2026-09-30 06:42:34.929195+00:00,LINK,3301447.210795,908001.0
2026-09-30 06:42:34.929195+00:00,CASHCAT,2605805.5,1440431.388675
2026-09-30 06:42:34.929195+00:00,GRASS,3751917.958112,0.0
2026-09-30 06:42:34.929195+00:00,SOL,1242515.375024,2456210.814762
2026-09-30 06:42:34.929195+00:00,kPEPE,3138142.358918,522482.60103
2026-09-30 06:42:34.929195+00:00,ONDO,3024855.6707110004,162036.6
2026-09-30 06:42:34.929195+00:00,AERO,2991495.647343,0.0
2026-09-30 06:42:34.929195+00:00,LIT,535712.531499,2440430.0837700004
2026-09-30 06:42:34.929195+00:00,LTC,2506429.838376,0.0
2026-09-30 06:42:34.929195+00:00,AVAX,2405194.30212,0.0
2026-09-30 06:42:34.929195+00:00,FARTCOIN,2317198.468719,0.0
2026-09-30 06:42:34.929195+00:00,TAO,2212131.440682,0.0
2026-09-30 06:42:34.929195+00:00,ETHFI,2113090.219368,0.0
2026-09-30 06:42:34.929195+00:00,FET,2028372.34748,0.0
2026-09-30 06:42:34.929195+00:00,ASTER,2024308.9832,0.0
2026-09-30 06:42:34.929195+00:00,HBAR,2022857.228256,0.0
2026-09-30 06:42:34.929195+00:00,FIL,1923120.0,0.0
2026-09-30 06:42:34.929195+00:00,IMX,1890699.236007,0.0
2026-09-30 06:42:34.929195+00:00,MNT,1732168.6865279998,0.0
2026-09-30 06:42:34.929195+00:00,TRX,1710595.0,0.0
2026-09-30 06:42:34.929195+00:00,CFX,1595011.529662,0.0
2026-09-30 06:42:34.929195+00:00,VVV,1331467.0380139998,128136.589482
2026-09-30 06:42:34.929195+00:00,XLM,1413209.5557819998,0.0
2026-09-30 06:42:34.929195+00:00,WIF,1324519.54,0.0
2026-09-30 06:42:34.929195+00:00,CHIP,1212981.4991,0.0
2026-09-30 06:42:34.929195+00:00,SKY,1190246.736278,0.0
2026-09-30 06:42:34.929195+00:00,APEX,1180379.34,0.0
2026-09-30 06:42:34.929195+00:00,UNI,789365.6372080001,360950.8000000001
2026-09-30 06:42:34.929195+00:00,2Z,1097464.5609479998,0.0
2026-09-30 06:42:34.929195+00:00,ENS,1076216.946842,0.0
2026-09-30 06:42:34.929195+00:00,WLFI,0.0,959410.176
2026-09-30 06:42:34.929195+00:00,MORPHO,859763.762644,0.0
2026-09-30 06:42:34.929195+00:00,LINEA,857724.935715,0.0
2026-09-30 06:42:34.929195+00:00,POPCAT,845395.1359999999,0.0
2026-09-30 06:42:34.929195+00:00,W,795305.090808,0.0
2026-09-30 06:42:34.929195+00:00,PONS,707778.0,9.839256
2026-09-30 06:42:34.929195+00:00,SYRUP,658709.31256,0.0
2026-09-30 06:42:34.929195+00:00,STRK,572538.228747,0.0
2026-09-30 06:42:34.929195+00:00,BCH,552846.448691,0.0
2026-09-30 06:42:34.929195+00:00,XMR,550158.637945,0.0
2026-09-30 06:42:34.929195+00:00,PNUT,502982.72,0.0
2026-09-30 06:42:34.929195+00:00,kSHIB,490306.64,0.0
2026-09-30 06:42:34.929195+00:00,MEGA,489814.75221,0.0
2026-09-30 06:42:34.929195+00:00,LDO,354013.27527,0.0
2026-09-30 06:42:34.929195+00:00,ARB,319736.719872,0.0
2026-09-30 06:42:34.929195+00:00,EIGEN,308268.3884,0.0
2026-09-30 06:42:34.929195+00:00,USELESS,275899.0,0.0
2026-09-30 06:42:34.929195+00:00,COMP,220437.277984,0.0
2026-09-30 06:42:34.929195+00:00,TIA,209308.442145,0.0
2026-09-30 06:42:34.929195+00:00,NIL,193195.398825,0.0
2026-09-30 06:42:34.929195+00:00,VIRTUAL,174242.5,0.0
2026-09-30 06:42:34.929195+00:00,AZTEC,171991.06216600002,0.0
2026-09-30 06:42:34.929195+00:00,AR,118365.766684,0.0
2026-09-30 06:42:34.929195+00:00,CRV,113710.3592,0.0
2026-09-30 06:42:34.929195+00:00,ZEN,61064.021349,0.0
2026-09-30 06:42:34.929195+00:00,ICP,59596.468388,0.0
2026-09-30 06:42:34.929195+00:00,OP,0.0,34363.402528
2026-09-30 13:42:28.516959+00:00,BTC,94845109.922489,8273825.378132001
2026-09-30 13:42:28.516959+00:00,ETH,35423254.105528,1584984.0
2026-09-30 13:42:28.516959+00:00,PUMP,31838575.820838,674148.175488
2026-09-30 13:42:28.516959+00:00,ZEC,20321058.040678,2775696.923551
2026-09-30 13:42:28.516959+00:00,XRP,20686644.200552,0.0
2026-09-30 13:42:28.516959+00:00,NEAR,17273322.957423,735884.7999999999
2026-09-30 13:42:28.516959+00:00,ENA,13116790.0964,2701946.901694
2026-09-30 13:42:28.516959+00:00,HYPE,13863589.949753,0.0
2026-09-30 13:42:28.516959+00:00,WLD,7458472.291128,0.0
2026-09-30 13:42:28.516959+00:00,ZRO,5934531.043982999,0.0
2026-09-30 13:42:28.516959+00:00,ADA,0.0,4314035.787405
2026-09-30 13:42:28.516959+00:00,AAVE,3438084.7501949994,509904.697096
2026-09-30 13:42:28.516959+00:00,DOGE,3417858.611049,0.0
2026-09-30 13:42:28.516959+00:00,SOL,953565.525024,2456209.965573
2026-09-30 13:42:28.516959+00:00,ONDO,3024008.3734810003,162036.6
2026-09-30 13:42:28.516959+00:00,kBONK,3122514.455592,0.0
2026-09-30 13:42:28.516959+00:00,AERO,3003633.854351,0.0
2026-09-30 13:42:28.516959+00:00,XPL,2760966.310361,0.0
2026-09-30 13:42:28.516959+00:00,LINK,1497979.583114,1055490.8
2026-09-30 13:42:28.516959+00:00,GRASS,2317006.0,0.0
2026-09-30 13:42:28.516959+00:00,CASHCAT,600542.1000000001,1440431.388675
2026-09-30 13:42:28.516959+00:00,ETHFI,1892184.637653,0.0
2026-09-30 13:42:28.516959+00:00,kPEPE,1124393.303142,522482.60103
2026-09-30 13:42:28.516959+00:00,GRAM,1505991.53376,0.0
2026-09-30 13:42:28.516959+00:00,VVV,1376411.220797,128136.589482
2026-09-30 13:42:28.516959+00:00,XLM,1413209.5557819998,0.0
2026-09-30 13:42:28.516959+00:00,CHIP,1212981.4991,0.0
2026-09-30 13:42:28.516959+00:00,LIT,634704.205149,561857.27
2026-09-30 13:42:28.516959+00:00,HBAR,1167963.252588,0.0
2026-09-30 13:42:28.516959+00:00,UNI,788330.743456,360950.8000000001
2026-09-30 13:42:28.516959+00:00,2Z,1097464.5609479998,0.0
2026-09-30 13:42:28.516959+00:00,AVAX,1016919.0,0.0
2026-09-30 13:42:28.516959+00:00,WLFI,0.0,959410.176
2026-09-30 13:42:28.516959+00:00,SKY,898106.5073,0.0
2026-09-30 13:42:28.516959+00:00,FET,883267.4935999999,0.0
2026-09-30 13:42:28.516959+00:00,SUI,845285.49584,0.0
2026-09-30 13:42:28.516959+00:00,IMX,769527.2168070001,0.0
2026-09-30 13:42:28.516959+00:00,CFX,720143.4343839999,0.0
2026-09-30 13:42:28.516959+00:00,MORPHO,701367.040252,0.0
2026-09-30 13:42:28.516959+00:00,TAO,578694.316456,0.0
2026-09-30 13:42:28.516959+00:00,PNUT,502982.72,0.0
2026-09-30 13:42:28.516959+00:00,kSHIB,490306.64,0.0
2026-09-30 13:42:28.516959+00:00,MEGA,489814.75221,0.0
2026-09-30 13:42:28.516959+00:00,ARB,456365.719872,0.0
2026-09-30 13:42:28.516959+00:00,SYRUP,448138.48833,0.0
2026-09-30 13:42:28.516959+00:00,NIL,445763.331486,0.0
2026-09-30 13:42:28.516959+00:00,LDO,354013.27527,0.0
2026-09-30 13:42:28.516959+00:00,EIGEN,308268.3884,0.0
2026-09-30 13:42:28.516959+00:00,COMP,220008.851464,0.0
2026-09-30 13:42:28.516959+00:00,MON,0.0,127720.0
2026-09-30 13:42:28.516959+00:00,CRV,113710.3592,0.0
2026-09-30 13:42:28.516959+00:00,BCH,113689.300896,0.0
2026-09-30 13:42:28.516959+00:00,LTC,100586.889504,0.0
2026-09-30 13:42:28.516959+00:00,MET,82669.0,0.0
2026-09-30 13:42:28.516959+00:00,ZEN,61064.021349,0.0
2026-09-30 13:42:28.516959+00:00,ICP,59596.468388,0.0
2026-09-30 13:42:28.516959+00:00,PONS,56668.61067,9.839256
2026-09-30 13:42:28.516959+00:00,PENDLE,48164.78403,0.0
2026-09-30 13:42:28.516959+00:00,AZTEC,44812.570806,0.0
2026-09-30 13:42:28.516959+00:00,OP,0.0,34363.402528
2026-09-30 19:18:50.314342+00:00,ETH,194380005.979424,4793087.825877
2026-09-30 19:18:50.314342+00:00,BTC,72668545.359607,7832379.575375
2026-09-30 19:18:50.314342+00:00,PUMP,33263578.698935,674148.175488
2026-09-30 19:18:50.314342+00:00,NEAR,32901405.272357,799505.973504
2026-09-30 19:18:50.314342+00:00,HYPE,25089609.153133,381122.670129
2026-09-30 19:18:50.314342+00:00,ZEC,20500458.195591003,2336653.64941
2026-09-30 19:18:50.314342+00:00,ENA,15342363.98123,2.619331
2026-09-30 19:18:50.314342+00:00,XRP,13250444.958738998,1998868.492026
2026-09-30 19:18:50.314342+00:00,SUI,9620729.711222,0.0
2026-09-30 19:18:50.314342+00:00,WLD,8957649.296588,0.0
2026-09-30 19:18:50.314342+00:00,SOL,3499432.932755,4554551.217191
2026-09-30 19:18:50.314342+00:00,ADA,1096193.392,6305021.384075
2026-09-30 19:18:50.314342+00:00,GRAM,4700239.556,0.0
2026-09-30 19:18:50.314342+00:00,AVAX,3296605.0021200003,1275539.898876
2026-09-30 19:18:50.314342+00:00,kBONK,4386796.444292,0.0
2026-09-30 19:18:50.314342+00:00,CASHCAT,2106493.0,1440431.388675
2026-09-30 19:18:50.314342+00:00,XPL,3470713.845757,0.0
2026-09-30 19:18:50.314342+00:00,kPEPE,2762893.303142,522482.60103
2026-09-30 19:18:50.314342+00:00,GRASS,3266784.0,0.0
2026-09-30 19:18:50.314342+00:00,LINK,2156370.021136,904706.4
2026-09-30 19:18:50.314342+00:00,DOGE,2886887.74656,0.0
2026-09-30 19:18:50.314342+00:00,ZRO,2640595.182922,0.0
2026-09-30 19:18:50.314342+00:00,TAO,2637090.034835,0.0
2026-09-30 19:18:50.314342+00:00,AERO,2610421.82747,0.0
2026-09-30 19:18:50.314342+00:00,LTC,2506429.838376,0.0
2026-09-30 19:18:50.314342+00:00,AAVE,1569109.164654,509904.697096
2026-09-30 19:18:50.314342+00:00,FET,2028372.34748,0.0
2026-09-30 19:18:50.314342+00:00,ASTER,2024308.9832,0.0
2026-09-30 19:18:50.314342+00:00,HBAR,2022857.228256,0.0
2026-09-30 19:18:50.314342+00:00,BNB,0.0,1991868.903386
2026-09-30 19:18:50.314342+00:00,FIL,1923120.0,0.0
2026-09-30 19:18:50.314342+00:00,FARTCOIN,1919302.484619,0.0
2026-09-30 19:18:50.314342+00:00,IMX,1890699.236007,0.0
2026-09-30 19:18:50.314342+00:00,MNT,1732168.6865279998,0.0
2026-09-30 19:18:50.314342+00:00,TRX,1710595.0,0.0
2026-09-30 19:18:50.314342+00:00,CFX,1595011.529662,0.0
2026-09-30 19:18:50.314342+00:00,ETHFI,1438561.645096,0.0
2026-09-30 19:18:50.314342+00:00,XLM,1413209.5557819998,0.0
2026-09-30 19:18:50.314342+00:00,WIF,1324519.54,0.0
2026-09-30 19:18:50.314342+00:00,APEX,1180379.34,0.0
2026-09-30 19:18:50.314342+00:00,2Z,1097464.5609479998,0.0
2026-09-30 19:18:50.314342+00:00,ENS,1076216.946842,0.0
2026-09-30 19:18:50.314342+00:00,LIT,933820.855149,0.0
2026-09-30 19:18:50.314342+00:00,VVV,730916.6714819999,128136.589482
2026-09-30 19:18:50.314342+00:00,LINEA,857724.935715,0.0
2026-09-30 19:18:50.314342+00:00,POPCAT,845395.1359999999,0.0
2026-09-30 19:18:50.314342+00:00,PONS,764446.61067,9.839256
2026-09-30 19:18:50.314342+00:00,UNI,712384.072575,0.0
2026-09-30 19:18:50.314342+00:00,W,685800.0,0.0
2026-09-30 19:18:50.314342+00:00,CHIP,614734.527575,0.0
2026-09-30 19:18:50.314342+00:00,STRK,572538.228747,0.0
2026-09-30 19:18:50.314342+00:00,PNUT,502982.72,0.0
2026-09-30 19:18:50.314342+00:00,kSHIB,490306.64,0.0
2026-09-30 19:18:50.314342+00:00,SYRUP,448138.48833,0.0
2026-09-30 19:18:50.314342+00:00,SPX,287000.1697,0.0
2026-09-30 19:18:50.314342+00:00,USELESS,275899.0,0.0
2026-09-30 19:18:50.314342+00:00,ONDO,104377.6,162036.6
2026-09-30 19:18:50.314342+00:00,CRV,113710.3592,0.0
2026-09-30 19:18:50.314342+00:00,BCH,113689.300896,0.0
2026-09-30 19:18:50.314342+00:00,COMP,85612.0,0.0
2026-09-30 19:18:50.314342+00:00,PENDLE,69981.357309,0.0
2026-09-30 19:18:50.314342+00:00,ZEN,61064.021349,0.0
2026-09-30 19:18:50.314342+00:00,ICP,59596.468388,0.0
2026-09-30 19:18:50.314342+00:00,AZTEC,44812.570806,0.0
2026-09-30 19:18:50.314342+00:00,OP,0.0,34363.402528
2026-09-30 23:48:27.614650+00:00,ETH,157694891.418953,2797743.0
2026-09-30 23:48:27.614650+00:00,PUMP,34286981.638068,674148.175488
2026-09-30 23:48:27.614650+00:00,HYPE,33392484.000497,0.0
2026-09-30 23:48:27.614650+00:00,ZEC,27609799.089301,2335103.569486
2026-09-30 23:48:27.614650+00:00,NEAR,20248371.144262005,799505.973504
2026-09-30 23:48:27.614650+00:00,ENA,13967036.039216,2.619331
2026-09-30 23:48:27.614650+00:00,XRP,13250444.958738998,0.0
2026-09-30 23:48:27.614650+00:00,WLD,8327142.296588,0.0
2026-09-30 23:48:27.614650+00:00,BTC,2117588.622183,5831270.837774999
2026-09-30 23:48:27.614650+00:00,SOL,5015923.518152,2456209.965573
2026-09-30 23:48:27.614650+00:00,ADA,1096193.392,4314035.787405
2026-09-30 23:48:27.614650+00:00,GRAM,4700237.97376,0.0
2026-09-30 23:48:27.614650+00:00,kBONK,4386796.444292,0.0
2026-09-30 23:48:27.614650+00:00,TAO,3617716.534835,0.0
2026-09-30 23:48:27.614650+00:00,CASHCAT,2106493.0,1440431.388675
2026-09-30 23:48:27.614650+00:00,AVAX,3296605.0021200003,0.0
2026-09-30 23:48:27.614650+00:00,LIT,3291664.405149,0.0
2026-09-30 23:48:27.614650+00:00,XPL,3277058.403469,0.0
2026-09-30 23:48:27.614650+00:00,GRASS,3266784.0,0.0
2026-09-30 23:48:27.614650+00:00,LINK,2168380.046371,904706.4
2026-09-30 23:48:27.614650+00:00,kPEPE,2977613.303142,0.0
2026-09-30 23:48:27.614650+00:00,DOGE,2886887.74656,0.0
2026-09-30 23:48:27.614650+00:00,ZRO,2640595.182922,0.0
2026-09-30 23:48:27.614650+00:00,AERO,2610421.82747,0.0
2026-09-30 23:48:27.614650+00:00,ETHFI,2560796.843254,0.0
2026-09-30 23:48:27.614650+00:00,LTC,2506429.838376,0.0
2026-09-30 23:48:27.614650+00:00,AAVE,1946646.408864,509904.697096
2026-09-30 23:48:27.614650+00:00,FET,2028372.34748,0.0
2026-09-30 23:48:27.614650+00:00,ASTER,2024308.9832,0.0
2026-09-30 23:48:27.614650+00:00,HBAR,2022857.228256,0.0
2026-09-30 23:48:27.614650+00:00,FIL,1923120.0,0.0
2026-09-30 23:48:27.614650+00:00,FARTCOIN,1919302.484619,0.0
2026-09-30 23:48:27.614650+00:00,IMX,1890699.236007,0.0
2026-09-30 23:48:27.614650+00:00,CHIP,1771513.8877299998,0.0
2026-09-30 23:48:27.614650+00:00,MNT,1732168.6865279998,0.0
2026-09-30 23:48:27.614650+00:00,TRX,1710595.0,0.0
2026-09-30 23:48:27.614650+00:00,CFX,1595011.529662,0.0
2026-09-30 23:48:27.614650+00:00,XLM,1413209.5557819998,0.0
2026-09-30 23:48:27.614650+00:00,WIF,1324519.54,0.0
2026-09-30 23:48:27.614650+00:00,2Z,1181413.472482,0.0
2026-09-30 23:48:27.614650+00:00,APEX,1180379.34,0.0
2026-09-30 23:48:27.614650+00:00,UNI,1180352.812575,0.0
2026-09-30 23:48:27.614650+00:00,ENS,1076216.946842,0.0
2026-09-30 23:48:27.614650+00:00,MON,981973.545624,0.0
2026-09-30 23:48:27.614650+00:00,VVV,730916.6714819999,128136.589482
2026-09-30 23:48:27.614650+00:00,LINEA,857724.935715,0.0
2026-09-30 23:48:27.614650+00:00,POPCAT,845395.1359999999,0.0
2026-09-30 23:48:27.614650+00:00,PONS,764446.61067,9.839256
2026-09-30 23:48:27.614650+00:00,W,685800.0,0.0
2026-09-30 23:48:27.614650+00:00,STRK,572538.228747,0.0
2026-09-30 23:48:27.614650+00:00,PNUT,502982.72,0.0
2026-09-30 23:48:27.614650+00:00,kSHIB,490306.64,0.0
2026-09-30 23:48:27.614650+00:00,SYRUP,448138.48833,0.0
2026-09-30 23:48:27.614650+00:00,ONDO,228437.05450000003,162036.6
2026-09-30 23:48:27.614650+00:00,SPX,287000.1697,0.0
2026-09-30 23:48:27.614650+00:00,SUI,286633.80671,0.0
2026-09-30 23:48:27.614650+00:00,USELESS,275899.0,0.0
2026-09-30 23:48:27.614650+00:00,ARB,136629.0,0.0
2026-09-30 23:48:27.614650+00:00,CRV,113710.3592,0.0
2026-09-30 23:48:27.614650+00:00,BCH,113689.300896,0.0
2026-09-30 23:48:27.614650+00:00,DOT,87431.4,0.0
2026-09-30 23:48:27.614650+00:00,COMP,85612.0,0.0
2026-09-30 23:48:27.614650+00:00,PENDLE,69981.357309,0.0
2026-09-30 23:48:27.614650+00:00,ZEN,61064.021349,0.0
2026-09-30 23:48:27.614650+00:00,ICP,59596.468388,0.0
2026-09-30 23:48:27.614650+00:00,AZTEC,44812.570806,0.0
2026-09-30 23:48:27.614650+00:00,OP,0.0,34363.402528
2026-10-01 05:51:20.442208+00:00,ETH,100748878.516592,2797743.0
2026-10-01 05:51:20.442208+00:00,BTC,41714090.777918,5831270.837774999
2026-10-01 05:51:20.442208+00:00,PUMP,36078363.382617,674148.175488
2026-10-01 05:51:20.442208+00:00,XRP,30864781.428713005,0.0
2026-10-01 05:51:20.442208+00:00,NEAR,24364931.585517,799505.973504
2026-10-01 05:51:20.442208+00:00,ZEC,18229136.510915,2334062.584439
2026-10-01 05:51:20.442208+00:00,HYPE,18411299.223461,0.0
2026-10-01 05:51:20.442208+00:00,ENA,17252006.857119,2.619331
2026-10-01 05:51:20.442208+00:00,SOL,9916502.980865,2456209.965573
2026-10-01 05:51:20.442208+00:00,SUI,8975588.711221999,0.0
2026-10-01 05:51:20.442208+00:00,WLD,8829333.989147,0.0
2026-10-01 05:51:20.442208+00:00,LIT,8503500.188618,0.0
2026-10-01 05:51:20.442208+00:00,AAVE,7798806.673898,509904.697096
2026-10-01 05:51:20.442208+00:00,DOGE,7586524.278584,0.0
2026-10-01 05:51:20.442208+00:00,XPL,6334699.121381001,0.0
2026-10-01 05:51:20.442208+00:00,ADA,1096193.392,4314035.787405
2026-10-01 05:51:20.442208+00:00,GRAM,4700239.556,0.0
2026-10-01 05:51:20.442208+00:00,kBONK,4386796.444292,0.0
2026-10-01 05:51:20.442208+00:00,CASHCAT,2885519.243452,1440431.388675
2026-10-01 05:51:20.442208+00:00,LINK,3369219.743551,904706.4
2026-10-01 05:51:20.442208+00:00,AERO,4049102.101244,0.0
2026-10-01 05:51:20.442208+00:00,TAO,3646544.956421,0.0
2026-10-01 05:51:20.442208+00:00,AVAX,3574335.0021200003,0.0
2026-10-01 05:51:20.442208+00:00,ONDO,3160165.2364480007,162036.6
2026-10-01 05:51:20.442208+00:00,GRASS,3266784.0,0.0
2026-10-01 05:51:20.442208+00:00,kPEPE,2762893.303142,0.0
2026-10-01 05:51:20.442208+00:00,ETHFI,2627469.657385,0.0
2026-10-01 05:51:20.442208+00:00,LTC,2506429.838376,0.0
2026-10-01 05:51:20.442208+00:00,WIF,2354993.601292,0.0
2026-10-01 05:51:20.442208+00:00,MON,2127701.541244,0.0
2026-10-01 05:51:20.442208+00:00,FET,2028372.34748,0.0
2026-10-01 05:51:20.442208+00:00,ASTER,2024308.9832,0.0
2026-10-01 05:51:20.442208+00:00,HBAR,2022857.228256,0.0
2026-10-01 05:51:20.442208+00:00,CHIP,2016750.98938,0.0
2026-10-01 05:51:20.442208+00:00,FIL,1923120.0,0.0
2026-10-01 05:51:20.442208+00:00,FARTCOIN,1919302.484619,0.0
2026-10-01 05:51:20.442208+00:00,IMX,1890699.236007,0.0
2026-10-01 05:51:20.442208+00:00,MNT,1732168.6865279998,0.0
2026-10-01 05:51:20.442208+00:00,TRX,1710595.0,0.0
2026-10-01 05:51:20.442208+00:00,ZRO,1666063.372076,0.0
2026-10-01 05:51:20.442208+00:00,CFX,1595011.529662,0.0
2026-10-01 05:51:20.442208+00:00,VVV,1389770.460698,128136.589482
2026-10-01 05:51:20.442208+00:00,UNI,1496844.973969,0.0
2026-10-01 05:51:20.442208+00:00,XLM,1413209.5557819998,0.0
2026-10-01 05:51:20.442208+00:00,APEX,1180379.34,0.0
2026-10-01 05:51:20.442208+00:00,2Z,1108093.02296,0.0
2026-10-01 05:51:20.442208+00:00,ENS,1076216.946842,0.0
2026-10-01 05:51:20.442208+00:00,LINEA,857724.935715,0.0
2026-10-01 05:51:20.442208+00:00,POPCAT,845395.1359999999,0.0
2026-10-01 05:51:20.442208+00:00,PONS,764446.61067,9.839256
2026-10-01 05:51:20.442208+00:00,CRV,735775.301216,0.0
2026-10-01 05:51:20.442208+00:00,W,685800.0,0.0
2026-10-01 05:51:20.442208+00:00,BCH,614916.869604,0.0
2026-10-01 05:51:20.442208+00:00,STRK,572538.228747,0.0
2026-10-01 05:51:20.442208+00:00,PNUT,502982.72,0.0
2026-10-01 05:51:20.442208+00:00,kSHIB,490306.64,0.0
2026-10-01 05:51:20.442208+00:00,SYRUP,448138.48833,0.0
2026-10-01 05:51:20.442208+00:00,MORPHO,351322.78265699995,0.0
2026-10-01 05:51:20.442208+00:00,XMR,300707.750161,0.0
2026-10-01 05:51:20.442208+00:00,SPX,287000.1697,0.0
2026-10-01 05:51:20.442208+00:00,USELESS,275899.0,0.0
2026-10-01 05:51:20.442208+00:00,COMP,218408.004544,0.0
2026-10-01 05:51:20.442208+00:00,SKY,178979.838392,0.0
2026-10-01 05:51:20.442208+00:00,TRUMP,0.0,157060.40000000002
2026-10-01 05:51:20.442208+00:00,DOT,149548.8,0.0
2026-10-01 05:51:20.442208+00:00,ARB,136629.0,0.0
2026-10-01 05:51:20.442208+00:00,ZEN,61064.021349,0.0
2026-10-01 05:51:20.442208+00:00,ICP,59596.468388,0.0
2026-10-01 05:51:20.442208+00:00,AZTEC,44812.570806,0.0
2026-10-01 05:51:20.442208+00:00,OP,0.0,34363.402528
2026-10-01 13:12:24.372482+00:00,ETH,67916394.59584999,2797743.0
2026-10-01 13:12:24.372482+00:00,PUMP,29263064.645571005,0.0
2026-10-01 13:12:24.372482+00:00,HYPE,25236983.066298,0.0
2026-10-01 13:12:24.372482+00:00,ZEC,16031799.795251995,1744720.4663300002
2026-10-01 13:12:24.372482+00:00,NEAR,9081510.237474,799505.973504
2026-10-01 13:12:24.372482+00:00,ENA,8771972.791622,2.619331
2026-10-01 13:12:24.372482+00:00,BTC,4522406.122183,1137065.258043
2026-10-01 13:12:24.372482+00:00,XRP,5339943.289478,0.0
2026-10-01 13:12:24.372482+00:00,AAVE,3526397.128268,509904.697096
2026-10-01 13:12:24.372482+00:00,AERO,3661945.93724,0.0
2026-10-01 13:12:24.372482+00:00,WLD,3620910.214873,0.0
2026-10-01 13:12:24.372482+00:00,SOL,3613616.098873,0.0
2026-10-01 13:12:24.372482+00:00,XPL,3483424.769281,0.0
2026-10-01 13:12:24.372482+00:00,TAO,3427396.571996,0.0
2026-10-01 13:12:24.372482+00:00,LIT,3354239.710364,0.0
2026-10-01 13:12:24.372482+00:00,MON,2846507.8480390003,0.0
2026-10-01 13:12:24.372482+00:00,GRAM,2518302.861324,0.0
2026-10-01 13:12:24.372482+00:00,kBONK,2186487.590661,0.0
2026-10-01 13:12:24.372482+00:00,GRASS,1970184.0,0.0
2026-10-01 13:12:24.372482+00:00,AVAX,1952300.0,0.0
2026-10-01 13:12:24.372482+00:00,CHIP,1477594.1451400002,0.0
2026-10-01 13:12:24.372482+00:00,CASHCAT,0.0,1440431.388675
2026-10-01 13:12:24.372482+00:00,kPEPE,1339113.303142,0.0
2026-10-01 13:12:24.372482+00:00,2Z,1331294.133054,0.0
2026-10-01 13:12:24.372482+00:00,UNI,1180352.812575,0.0
2026-10-01 13:12:24.372482+00:00,SUI,1119920.543438,0.0
2026-10-01 13:12:24.372482+00:00,LINK,135788.144595,904706.4
2026-10-01 13:12:24.372482+00:00,FET,883267.4935999999,0.0
2026-10-01 13:12:24.372482+00:00,ETHFI,824089.330106,0.0
2026-10-01 13:12:24.372482+00:00,IMX,769527.2168070001,0.0
2026-10-01 13:12:24.372482+00:00,VVV,730916.6714819999,0.0
2026-10-01 13:12:24.372482+00:00,CFX,720143.4343839999,0.0
2026-10-01 13:12:24.372482+00:00,PNUT,502982.72,0.0
2026-10-01 13:12:24.372482+00:00,kSHIB,490306.64,0.0
2026-10-01 13:12:24.372482+00:00,SYRUP,448138.48833,0.0
2026-10-01 13:12:24.372482+00:00,JTO,348943.713948,0.0
2026-10-01 13:12:24.372482+00:00,ONDO,104377.6,162036.6
2026-10-01 13:12:24.372482+00:00,TRUMP,0.0,157060.40000000002
2026-10-01 13:12:24.372482+00:00,ZORA,147160.0,0.0
2026-10-01 13:12:24.372482+00:00,CRV,113710.3592,0.0
2026-10-01 13:12:24.372482+00:00,BCH,113689.300896,0.0
2026-10-01 13:12:24.372482+00:00,LTC,100586.889504,0.0
2026-10-01 13:12:24.372482+00:00,DOGE,98053.876575,0.0
2026-10-01 13:12:24.372482+00:00,MEGA,91350.0,0.0
2026-10-01 13:12:24.372482+00:00,PENDLE,87174.77552000001,0.0
2026-10-01 13:12:24.372482+00:00,COMP,85612.0,0.0
2026-10-01 13:12:24.372482+00:00,ZEN,61064.021349,0.0
2026-10-01 13:12:24.372482+00:00,PONS,56668.61067,9.839256
2026-10-01 13:12:24.372482+00:00,AZTEC,44812.570806,0.0
2026-10-01 13:12:24.372482+00:00,SPX,27265.06426,0.0
2026-10-01 18:54:21.531232+00:00,BTC,142384618.437101,3510327.1749830004
2026-10-01 18:54:21.531232+00:00,ETH,70282619.93268,5612699.985515
2026-10-01 18:54:21.531232+00:00,PUMP,29329622.904306,0.0
2026-10-01 18:54:21.531232+00:00,ZEC,6719931.187012,6700000.397991
2026-10-01 18:54:21.531232+00:00,HYPE,8170405.964564,959311.641322
2026-10-01 18:54:21.531232+00:00,AAVE,7987804.531262,509904.697096
2026-10-01 18:54:21.531232+00:00,NEAR,5422835.844068,1257917.333504
2026-10-01 18:54:21.531232+00:00,ENA,3841732.692886,2444428.901694
2026-10-01 18:54:21.531232+00:00,MON,5621320.679715,0.0
2026-10-01 18:54:21.531232+00:00,ZRO,4620533.038354,0.0
2026-10-01 18:54:21.531232+00:00,SOL,2163326.275024,1632895.612549
2026-10-01 18:54:21.531232+00:00,XPL,3574351.500664,0.0
2026-10-01 18:54:21.531232+00:00,AERO,3129434.584958,0.0
2026-10-01 18:54:21.531232+00:00,WLD,2926482.214873,0.0
2026-10-01 18:54:21.531232+00:00,GRASS,2525374.0,0.0
2026-10-01 18:54:21.531232+00:00,LINK,1535486.0492200002,904706.4
2026-10-01 18:54:21.531232+00:00,CHIP,1638233.632785,0.0
2026-10-01 18:54:21.531232+00:00,GRAM,1505991.53376,0.0
2026-10-01 18:54:21.531232+00:00,CASHCAT,0.0,1440431.388675
2026-10-01 18:54:21.531232+00:00,VVV,1401922.347147,0.0
2026-10-01 18:54:21.531232+00:00,LIT,0.0,1396174.58377
2026-10-01 18:54:21.531232+00:00,AVAX,1338720.0,0.0
2026-10-01 18:54:21.531232+00:00,TAO,1231422.855078,0.0
2026-10-01 18:54:21.531232+00:00,kPEPE,1124393.303142,0.0
2026-10-01 18:54:21.531232+00:00,ETHFI,1115707.714464,0.0
2026-10-01 18:54:21.531232+00:00,WLFI,0.0,959410.176
2026-10-01 18:54:21.531232+00:00,MORPHO,948338.204166,0.0
2026-10-01 18:54:21.531232+00:00,SKY,895508.749632,0.0
2026-10-01 18:54:21.531232+00:00,FET,883267.4935999999,0.0
2026-10-01 18:54:21.531232+00:00,UNI,789750.937412,0.0
2026-10-01 18:54:21.531232+00:00,IMX,769527.2168070001,0.0
2026-10-01 18:54:21.531232+00:00,CFX,720143.4343839999,0.0
2026-10-01 18:54:21.531232+00:00,MEGA,669314.311746,0.0
2026-10-01 18:54:21.531232+00:00,kBONK,643063.75574,0.0
2026-10-01 18:54:21.531232+00:00,ONDO,370836.229713,162036.6
2026-10-01 18:54:21.531232+00:00,PNUT,502982.72,0.0
2026-10-01 18:54:21.531232+00:00,kSHIB,490306.64,0.0
2026-10-01 18:54:21.531232+00:00,SUI,392672.281956,0.0
2026-10-01 18:54:21.531232+00:00,XRP,361450.959797,0.0
2026-10-01 18:54:21.531232+00:00,LDO,354013.27527,0.0
2026-10-01 18:54:21.531232+00:00,EIGEN,308268.3884,0.0
2026-10-01 18:54:21.531232+00:00,ASTER,280786.594811,0.0
2026-10-01 18:54:21.531232+00:00,SPX,240234.827805,0.0
2026-10-01 18:54:21.531232+00:00,COMP,218096.820064,0.0
2026-10-01 18:54:21.531232+00:00,JTO,170982.68429099998,0.0
2026-10-01 18:54:21.531232+00:00,PENDLE,0.0,160550.346
2026-10-01 18:54:21.531232+00:00,TRUMP,0.0,157060.40000000002
2026-10-01 18:54:21.531232+00:00,ZORA,147160.0,0.0
2026-10-01 18:54:21.531232+00:00,CRV,113710.3592,0.0
2026-10-01 18:54:21.531232+00:00,BCH,113689.300896,0.0
2026-10-01 18:54:21.531232+00:00,LTC,100586.889504,0.0
2026-10-01 18:54:21.531232+00:00,ARB,99086.719872,0.0
2026-10-01 18:54:21.531232+00:00,ZEN,61064.021349,0.0
2026-10-01 18:54:21.531232+00:00,PONS,56668.61067,9.839256
2026-10-01 18:54:21.531232+00:00,AZTEC,44812.570806,0.0
2026-10-01 18:54:21.531232+00:00,NIL,30336.0,0.0
2026-10-01 18:54:21.531232+00:00,FOGO,16230.0,0.0
2026-10-01 23:12:09.980456+00:00,BTC,129453145.286165,14845449.190075
2026-10-01 23:12:09.980456+00:00,ETH,83988326.65814298,5612699.985515
2026-10-01 23:12:09.980456+00:00,PUMP,29230605.091311,0.0
2026-10-01 23:12:09.980456+00:00,HYPE,7878724.602121,9265303.82846
2026-10-01 23:12:09.980456+00:00,ZEC,7509008.147469001,6453635.787595
2026-10-01 23:12:09.980456+00:00,SOL,2452276.125024,8912085.849189
2026-10-01 23:12:09.980456+00:00,SUI,9090748.140027,0.0
2026-10-01 23:12:09.980456+00:00,XPL,7382163.260276999,0.0
2026-10-01 23:12:09.980456+00:00,AAVE,6826021.776545,509904.697096
2026-10-01 23:12:09.980456+00:00,XRP,7241042.447908999,0.0
2026-10-01 23:12:09.980456+00:00,ENA,3180290.402991,2444428.901694
2026-10-01 23:12:09.980456+00:00,NEAR,4573855.872365,799505.973504
2026-10-01 23:12:09.980456+00:00,ZRO,3009498.249233,0.0
2026-10-01 23:12:09.980456+00:00,WLD,2926482.214873,0.0
2026-10-01 23:12:09.980456+00:00,MON,2902595.5173039995,0.0
2026-10-01 23:12:09.980456+00:00,GRAM,2863424.193564,0.0
2026-10-01 23:12:09.980456+00:00,AERO,2507657.88,0.0
2026-10-01 23:12:09.980456+00:00,GRASS,2188108.331392,0.0
2026-10-01 23:12:09.980456+00:00,CASHCAT,583983.0,1440431.388675
2026-10-01 23:12:09.980456+00:00,CHIP,1638233.632785,0.0
2026-10-01 23:12:09.980456+00:00,LIT,0.0,1396174.58377
2026-10-01 23:12:09.980456+00:00,AVAX,1338720.0,0.0
2026-10-01 23:12:09.980456+00:00,VVV,730916.6714819999,558745.762128
2026-10-01 23:12:09.980456+00:00,LINK,242804.18598600003,904706.4
2026-10-01 23:12:09.980456+00:00,kPEPE,1124393.303142,0.0
2026-10-01 23:12:09.980456+00:00,TAO,1114252.858406,0.0
2026-10-01 23:12:09.980456+00:00,WLFI,0.0,959410.176
2026-10-01 23:12:09.980456+00:00,FET,883267.4935999999,0.0
2026-10-01 23:12:09.980456+00:00,IMX,769527.2168070001,0.0
2026-10-01 23:12:09.980456+00:00,CFX,720143.4343839999,0.0
2026-10-01 23:12:09.980456+00:00,ETHFI,702686.8318779999,0.0
2026-10-01 23:12:09.980456+00:00,kBONK,643063.75574,0.0
2026-10-01 23:12:09.980456+00:00,MEGA,581164.75221,0.0
2026-10-01 23:12:09.980456+00:00,PNUT,502982.72,0.0
2026-10-01 23:12:09.980456+00:00,kSHIB,490306.64,0.0
2026-10-01 23:12:09.980456+00:00,UNI,467968.74,0.0
2026-10-01 23:12:09.980456+00:00,LDO,354013.27527,0.0
2026-10-01 23:12:09.980456+00:00,SYRUP,310237.22304,0.0
2026-10-01 23:12:09.980456+00:00,EIGEN,308268.3884,0.0
2026-10-01 23:12:09.980456+00:00,SKY,291553.291778,0.0
2026-10-01 23:12:09.980456+00:00,ASTER,280786.594811,0.0
2026-10-01 23:12:09.980456+00:00,ONDO,104377.6,162036.6
2026-10-01 23:12:09.980456+00:00,SPX,238740.87195,0.0
2026-10-01 23:12:09.980456+00:00,TIA,213343.703125,0.0
2026-10-01 23:12:09.980456+00:00,NIL,193195.398825,0.0
2026-10-01 23:12:09.980456+00:00,VIRTUAL,174242.5,0.0
2026-10-01 23:12:09.980456+00:00,AZTEC,171991.06216600002,0.0
2026-10-01 23:12:09.980456+00:00,PENDLE,0.0,160550.346
2026-10-01 23:12:09.980456+00:00,TRUMP,0.0,157060.40000000002
2026-10-01 23:12:09.980456+00:00,ZORA,147160.0,0.0
2026-10-01 23:12:09.980456+00:00,AR,118365.766684,0.0
2026-10-01 23:12:09.980456+00:00,CRV,113710.3592,0.0
2026-10-01 23:12:09.980456+00:00,BCH,113689.300896,0.0
2026-10-01 23:12:09.980456+00:00,W,109505.090808,0.0
2026-10-01 23:12:09.980456+00:00,LTC,100586.889504,0.0
2026-10-01 23:12:09.980456+00:00,ARB,99086.719872,0.0
2026-10-01 23:12:09.980456+00:00,COMP,85612.0,0.0
2026-10-01 23:12:09.980456+00:00,ZEN,61064.021349,0.0
2026-10-01 23:12:09.980456+00:00,PONS,56668.61067,9.839256
2026-10-01 23:12:09.980456+00:00,FOGO,16230.0,0.0
2026-10-02 02:16:38.760786+00:00,ETH,313126513.476999,5612699.985515
2026-10-02 02:16:38.760786+00:00,BTC,130058398.086165,2442556.056443
2026-10-02 02:16:38.760786+00:00,PUMP,29272508.468724,40867.6
2026-10-02 02:16:38.760786+00:00,ZEC,8675443.861902002,5842222.723997001
2026-10-02 02:16:38.760786+00:00,HYPE,12546004.958304005,0.0
2026-10-02 02:16:38.760786+00:00,SUI,9090748.140027,0.0
2026-10-02 02:16:38.760786+00:00,NEAR,6338027.145515,1284999.791504
2026-10-02 02:16:38.760786+00:00,AAVE,6851024.914922,598932.6395759999
2026-10-02 02:16:38.760786+00:00,ENA,3934045.199367,2444428.901694
2026-10-02 02:16:38.760786+00:00,ZRO,3636975.649233,0.0
2026-10-02 02:16:38.760786+00:00,WLD,2926482.214873,0.0
2026-10-02 02:16:38.760786+00:00,GRASS,2743298.331392,0.0
2026-10-02 02:16:38.760786+00:00,SOL,2452276.125024,274998.62318899995
2026-10-02 02:16:38.760786+00:00,AERO,2507657.88,0.0
2026-10-02 02:16:38.760786+00:00,LIT,599508.767624,1441825.72377
2026-10-02 02:16:38.760786+00:00,GRAM,1851112.866,0.0
2026-10-02 02:16:38.760786+00:00,XPL,1847839.06354,0.0
2026-10-02 02:16:38.760786+00:00,CASHCAT,0.0,1440431.388675
2026-10-02 02:16:38.760786+00:00,AVAX,1338720.0,72567.59999999999
2026-10-02 02:16:38.760786+00:00,VVV,730916.6714819999,558745.762128
2026-10-02 02:16:38.760786+00:00,LINK,242804.18598600003,904706.4
2026-10-02 02:16:38.760786+00:00,TAO,1131987.132818,0.0
2026-10-02 02:16:38.760786+00:00,kPEPE,1124393.303142,0.0
2026-10-02 02:16:38.760786+00:00,SKY,1008502.291778,0.0
2026-10-02 02:16:38.760786+00:00,WLFI,0.0,959410.176
2026-10-02 02:16:38.760786+00:00,FET,883267.4935999999,0.0
2026-10-02 02:16:38.760786+00:00,IMX,769527.2168070001,0.0
2026-10-02 02:16:38.760786+00:00,SYRUP,758375.7113699999,0.0
2026-10-02 02:16:38.760786+00:00,CFX,720143.4343839999,0.0
2026-10-02 02:16:38.760786+00:00,kBONK,643063.75574,0.0
2026-10-02 02:16:38.760786+00:00,MEGA,577964.311746,0.0
2026-10-02 02:16:38.760786+00:00,MORPHO,570595.5,0.0
2026-10-02 02:16:38.760786+00:00,PNUT,502982.72,0.0
2026-10-02 02:16:38.760786+00:00,kSHIB,490306.64,0.0
2026-10-02 02:16:38.760786+00:00,XRP,361450.959797,111739.92
2026-10-02 02:16:38.760786+00:00,LDO,354013.27527,0.0
2026-10-02 02:16:38.760786+00:00,EIGEN,308268.3884,0.0
2026-10-02 02:16:38.760786+00:00,UNI,0.0,298995.9
2026-10-02 02:16:38.760786+00:00,ASTER,280786.594811,0.0
2026-10-02 02:16:38.760786+00:00,ONDO,104377.6,172287.24
2026-10-02 02:16:38.760786+00:00,SPX,238740.87195,0.0
2026-10-02 02:16:38.760786+00:00,TIA,217941.587006,0.0
2026-10-02 02:16:38.760786+00:00,ETHFI,210690.88558,0.0
2026-10-02 02:16:38.760786+00:00,NIL,193195.398825,0.0
2026-10-02 02:16:38.760786+00:00,CHIP,183835.0,0.0
2026-10-02 02:16:38.760786+00:00,TRUMP,0.0,177060.38000000003
2026-10-02 02:16:38.760786+00:00,VIRTUAL,174242.5,0.0
2026-10-02 02:16:38.760786+00:00,AZTEC,171991.06216600002,0.0
2026-10-02 02:16:38.760786+00:00,PENDLE,0.0,160550.346
2026-10-02 02:16:38.760786+00:00,MON,156624.98762,0.0
2026-10-02 02:16:38.760786+00:00,BCH,113689.300896,33737.9
2026-10-02 02:16:38.760786+00:00,AR,118365.766684,0.0
2026-10-02 02:16:38.760786+00:00,CRV,113710.3592,0.0
2026-10-02 02:16:38.760786+00:00,W,109505.090808,0.0
2026-10-02 02:16:38.760786+00:00,LTC,100586.889504,0.0
2026-10-02 02:16:38.760786+00:00,ARB,99086.719872,0.0
2026-10-02 02:16:38.760786+00:00,ZEN,61064.021349,0.0
2026-10-02 02:16:38.760786+00:00,PONS,56668.61067,9.839256
2026-10-02 02:16:38.760786+00:00,FIL,0.0,40227.0
2026-10-02 02:16:38.760786+00:00,PURR,0.0,5813.293238
2026-10-02 09:45:08.626261+00:00,ETH,418269829.884031,1212759.0
2026-10-02 09:45:08.626261+00:00,BTC,232376033.10504305,3307001.056443
2026-10-02 09:45:08.626261+00:00,PUMP,34504190.853760995,0.0
2026-10-02 09:45:08.626261+00:00,XRP,34466526.624957,0.0
2026-10-02 09:45:08.626261+00:00,HYPE,33001708.61979,601071.3024200001
2026-10-02 09:45:08.626261+00:00,ZEC,15593239.780493002,990249.15
2026-10-02 09:45:08.626261+00:00,SOL,10067984.76363,0.0
2026-10-02 09:45:08.626261+00:00,NEAR,7092173.263048,1754902.060864
2026-10-02 09:45:08.626261+00:00,LINK,7776139.573697999,904706.4
2026-10-02 09:45:08.626261+00:00,AAVE,6419199.167179,1259757.497064
2026-10-02 09:45:08.626261+00:00,ENA,4683100.046337,2444428.901694
2026-10-02 09:45:08.626261+00:00,DOGE,6453227.309228,0.0
2026-10-02 09:45:08.626261+00:00,kBONK,5589801.011374,0.0
2026-10-02 09:45:08.626261+00:00,WLD,4796061.220333001,0.0
2026-10-02 09:45:08.626261+00:00,GRAM,4700237.97376,0.0
2026-10-02 09:45:08.626261+00:00,XPL,4373767.85222,0.0
2026-10-02 09:45:08.626261+00:00,ZRO,4251001.373299999,0.0
2026-10-02 09:45:08.626261+00:00,CASHCAT,2695409.613452,1440431.388675
2026-10-02 09:45:08.626261+00:00,TAO,3411455.928421,0.0
2026-10-02 09:45:08.626261+00:00,ONDO,3016859.5557440007,162036.6
2026-10-02 09:45:08.626261+00:00,AVAX,2990765.43158,0.0
2026-10-02 09:45:08.626261+00:00,kPEPE,2837960.89991,0.0
2026-10-02 09:45:08.626261+00:00,LTC,2506429.838376,0.0
2026-10-02 09:45:08.626261+00:00,LIT,2283990.166857,0.0
2026-10-02 09:45:08.626261+00:00,2Z,2238018.354486,0.0
2026-10-02 09:45:08.626261+00:00,XLM,2213635.287408,0.0
2026-10-02 09:45:08.626261+00:00,ASTER,2149228.328774,0.0
2026-10-02 09:45:08.626261+00:00,FET,2028372.34748,0.0
2026-10-02 09:45:08.626261+00:00,FIL,1923120.0,0.0
2026-10-02 09:45:08.626261+00:00,FARTCOIN,1919302.484619,0.0
2026-10-02 09:45:08.626261+00:00,IMX,1890699.236007,0.0
2026-10-02 09:45:08.626261+00:00,HBAR,1836843.050957,0.0
2026-10-02 09:45:08.626261+00:00,MNT,1732168.6865279998,0.0
2026-10-02 09:45:08.626261+00:00,TRX,1710595.0,0.0
2026-10-02 09:45:08.626261+00:00,CFX,1595011.529662,0.0
2026-10-02 09:45:08.626261+00:00,SUI,1483014.235515,0.0
2026-10-02 09:45:08.626261+00:00,ETHFI,1470977.8841320002,0.0
2026-10-02 09:45:08.626261+00:00,MON,1383233.367308,0.0
2026-10-02 09:45:08.626261+00:00,VVV,1353231.667291,0.0
2026-10-02 09:45:08.626261+00:00,WIF,1324519.54,0.0
2026-10-02 09:45:08.626261+00:00,GRASS,1296600.0,0.0
2026-10-02 09:45:08.626261+00:00,CHIP,1212981.4991,0.0
2026-10-02 09:45:08.626261+00:00,ADA,1096193.392,0.0
2026-10-02 09:45:08.626261+00:00,ENS,1076216.946842,0.0
2026-10-02 09:45:08.626261+00:00,WLFI,0.0,959410.176
2026-10-02 09:45:08.626261+00:00,APEX,932959.223,0.0
2026-10-02 09:45:08.626261+00:00,LINEA,857724.935715,0.0
2026-10-02 09:45:08.626261+00:00,POPCAT,845395.1359999999,0.0
2026-10-02 09:45:08.626261+00:00,PONS,764446.61067,9.839256
2026-10-02 09:45:08.626261+00:00,W,685800.0,0.0
2026-10-02 09:45:08.626261+00:00,AERO,615175.78437,0.0
2026-10-02 09:45:08.626261+00:00,STRK,572538.228747,0.0
2026-10-02 09:45:08.626261+00:00,LDO,539155.27527,0.0
2026-10-02 09:45:08.626261+00:00,PNUT,502982.72,0.0
2026-10-02 09:45:08.626261+00:00,kSHIB,490306.64,0.0
2026-10-02 09:45:08.626261+00:00,MEGA,489814.75221,0.0
2026-10-02 09:45:08.626261+00:00,XMR,409471.084854,0.0
2026-10-02 09:45:08.626261+00:00,MORPHO,360920.912298,0.0
2026-10-02 09:45:08.626261+00:00,EIGEN,308268.3884,0.0
2026-10-02 09:45:08.626261+00:00,UNI,306408.438338,0.0
2026-10-02 09:45:08.626261+00:00,USELESS,275899.0,0.0
2026-10-02 09:45:08.626261+00:00,SPX,265684.33752,0.0
2026-10-02 09:45:08.626261+00:00,SKY,169708.86855200003,0.0
2026-10-02 09:45:08.626261+00:00,TRUMP,0.0,157060.40000000002
2026-10-02 09:45:08.626261+00:00,RUNE,156898.0,0.0
2026-10-02 09:45:08.626261+00:00,COMP,126601.241952,0.0
2026-10-02 09:45:08.626261+00:00,PENDLE,118393.843233,0.0
2026-10-02 09:45:08.626261+00:00,CRV,113710.3592,0.0
2026-10-02 09:45:08.626261+00:00,BCH,113689.300896,0.0
2026-10-02 09:45:08.626261+00:00,ARB,99086.719872,0.0
2026-10-02 09:45:08.626261+00:00,ZEN,61064.021349,0.0
2026-10-02 09:45:08.626261+00:00,AZTEC,44812.570806,0.0
2026-10-02 09:45:08.626261+00:00,PENGU,39991.934844,0.0
2026-10-02 09:45:08.626261+00:00,NIL,9335.5,0.0
2026-10-02 16:16:31.015910+00:00,ETH,280653248.027863,3483430.9855150003
2026-10-02 16:16:31.015910+00:00,BTC,160969024.01609698,3309750.056443
2026-10-02 16:16:31.015910+00:00,PUMP,38746190.62206099,0.0
2026-10-02 16:16:31.015910+00:00,XRP,29177184.707476,0.0
2026-10-02 16:16:31.015910+00:00,HYPE,24454639.563715003,329118.87890400004
2026-10-02 16:16:31.015910+00:00,ZEC,21275384.528025,1406773.89
2026-10-02 16:16:31.015910+00:00,AAVE,9764767.752745,1259757.497064
2026-10-02 16:16:31.015910+00:00,NEAR,7858477.374241999,1497408.582765
2026-10-02 16:16:31.015910+00:00,LINK,7857799.308235,904706.4
2026-10-02 16:16:31.015910+00:00,ENA,5133958.988029,2444428.901694
2026-10-02 16:16:31.015910+00:00,ZRO,7346736.016879999,0.0
2026-10-02 16:16:31.015910+00:00,MON,7124585.980319999,0.0
2026-10-02 16:16:31.015910+00:00,DOGE,6453227.309228,0.0
2026-10-02 16:16:31.015910+00:00,ONDO,5933389.033084,162036.6
2026-10-02 16:16:31.015910+00:00,kBONK,5312199.467685,0.0
2026-10-02 16:16:31.015910+00:00,GRAM,4700237.97376,0.0
2026-10-02 16:16:31.015910+00:00,WLD,4542600.220333001,0.0
2026-10-02 16:16:31.015910+00:00,XPL,4241286.954787,0.0
2026-10-02 16:16:31.015910+00:00,GRASS,3821974.0,0.0
2026-10-02 16:16:31.015910+00:00,CASHCAT,2690476.0,1046138.12646
2026-10-02 16:16:31.015910+00:00,AERO,3218387.66977,0.0
2026-10-02 16:16:31.015910+00:00,AVAX,2960755.0021200003,0.0
2026-10-02 16:16:31.015910+00:00,kPEPE,2762893.303142,0.0
2026-10-02 16:16:31.015910+00:00,CHIP,2687196.3201480005,0.0
2026-10-02 16:16:31.015910+00:00,LTC,2506429.838376,0.0
2026-10-02 16:16:31.015910+00:00,VVV,2429636.633076,0.0
2026-10-02 16:16:31.015910+00:00,TAO,2267196.161897,0.0
2026-10-02 16:16:31.015910+00:00,SOL,2163326.275024,0.849189
2026-10-02 16:16:31.015910+00:00,FET,2028372.34748,0.0
2026-10-02 16:16:31.015910+00:00,ASTER,2024308.9832,0.0
2026-10-02 16:16:31.015910+00:00,LIT,599508.767624,1396174.58377
2026-10-02 16:16:31.015910+00:00,ETHFI,1962169.36243,0.0
2026-10-02 16:16:31.015910+00:00,FIL,1923120.0,0.0
2026-10-02 16:16:31.015910+00:00,FARTCOIN,1919302.484619,0.0
2026-10-02 16:16:31.015910+00:00,IMX,1890699.236007,0.0
2026-10-02 16:16:31.015910+00:00,XLM,1881590.08177,0.0
2026-10-02 16:16:31.015910+00:00,2Z,1880727.268482,0.0
2026-10-02 16:16:31.015910+00:00,HBAR,1836843.050957,0.0
2026-10-02 16:16:31.015910+00:00,MNT,1732168.6865279998,0.0
2026-10-02 16:16:31.015910+00:00,TRX,1710595.0,0.0
2026-10-02 16:16:31.015910+00:00,CFX,1595011.529662,0.0
2026-10-02 16:16:31.015910+00:00,WIF,1324519.54,0.0
2026-10-02 16:16:31.015910+00:00,ADA,1096193.392,0.0
2026-10-02 16:16:31.015910+00:00,ENS,1076216.946842,0.0
2026-10-02 16:16:31.015910+00:00,WLFI,0.0,959410.176
2026-10-02 16:16:31.015910+00:00,APEX,932959.223,0.0
2026-10-02 16:16:31.015910+00:00,MORPHO,926035.425246,0.0
2026-10-02 16:16:31.015910+00:00,SKY,881513.528864,0.0
2026-10-02 16:16:31.015910+00:00,LINEA,857724.935715,0.0
2026-10-02 16:16:31.015910+00:00,POPCAT,845395.1359999999,0.0
2026-10-02 16:16:31.015910+00:00,PONS,764446.61067,9.839256
2026-10-02 16:16:31.015910+00:00,W,685800.0,0.0
2026-10-02 16:16:31.015910+00:00,STRK,572538.228747,0.0
2026-10-02 16:16:31.015910+00:00,PNUT,502982.72,0.0
2026-10-02 16:16:31.015910+00:00,kSHIB,490306.64,0.0
2026-10-02 16:16:31.015910+00:00,MEGA,489814.75221,0.0
2026-10-02 16:16:31.015910+00:00,SYRUP,487607.867462,0.0
2026-10-02 16:16:31.015910+00:00,LDO,354013.27527,0.0
2026-10-02 16:16:31.015910+00:00,UNI,320698.703232,0.0
2026-10-02 16:16:31.015910+00:00,EIGEN,308268.3884,0.0
2026-10-02 16:16:31.015910+00:00,SUI,276930.543015,0.0
2026-10-02 16:16:31.015910+00:00,USELESS,275899.0,0.0
2026-10-02 16:16:31.015910+00:00,PENDLE,173400.56764800003,0.0
2026-10-02 16:16:31.015910+00:00,COMP,138065.7404,0.0
2026-10-02 16:16:31.015910+00:00,CRV,113710.3592,0.0
2026-10-02 16:16:31.015910+00:00,BCH,113689.300896,0.0
2026-10-02 16:16:31.015910+00:00,ARB,99086.719872,0.0
2026-10-02 16:16:31.015910+00:00,TRUMP,0.0,89748.8
2026-10-02 16:16:31.015910+00:00,ZEN,61064.021349,0.0
2026-10-02 16:16:31.015910+00:00,AZTEC,44812.570806,0.0
2026-10-02 16:16:31.015910+00:00,NIL,9335.5,0.0
2026-10-02 21:19:50.284129+00:00,BTC,44654749.072255,9587633.981892
2026-10-02 21:19:50.284129+00:00,ZEC,21698534.226238,3621819.591334
2026-10-02 21:19:50.284129+00:00,PUMP,21330552.278858002,505864.78798599995
2026-10-02 21:19:50.284129+00:00,HYPE,13095353.363615002,888974.0
2026-10-02 21:19:50.284129+00:00,ETH,9714489.302813001,3668281.6787420004
2026-10-02 21:19:50.284129+00:00,AAVE,7051121.663256,1079794.197064
2026-10-02 21:19:50.284129+00:00,SOL,2505324.675024,2763144.032064
2026-10-02 21:19:50.284129+00:00,NEAR,4307039.563571,533254.272081
2026-10-02 21:19:50.284129+00:00,ENA,614872.5,2448448.9290449996
2026-10-02 21:19:50.284129+00:00,ZRO,3027043.249233,0.0
2026-10-02 21:19:50.284129+00:00,AERO,2507657.88,0.0
2026-10-02 21:19:50.284129+00:00,MON,1769974.9876199998,385652.76326
2026-10-02 21:19:50.284129+00:00,GRASS,1970184.0,91830.35139600001
2026-10-02 21:19:50.284129+00:00,LIT,0.0,2050109.3237700001
2026-10-02 21:19:50.284129+00:00,kPEPE,1339113.303142,525225.946856
2026-10-02 21:19:50.284129+00:00,WLD,1610118.214873,0.0
2026-10-02 21:19:50.284129+00:00,GRAM,1505991.53376,0.0
2026-10-02 21:19:50.284129+00:00,VVV,1240082.412861,59720.0
2026-10-02 21:19:50.284129+00:00,CASHCAT,684700.8,607617.0831940001
2026-10-02 21:19:50.284129+00:00,TAO,1038089.0,2218.5286260000003
2026-10-02 21:19:50.284129+00:00,WLFI,0.0,959410.176
2026-10-02 21:19:50.284129+00:00,FET,883267.4935999999,0.0
2026-10-02 21:19:50.284129+00:00,IMX,769527.2168070001,0.0
2026-10-02 21:19:50.284129+00:00,CFX,720143.4343839999,0.0
2026-10-02 21:19:50.284129+00:00,kBONK,643063.75574,0.0
2026-10-02 21:19:50.284129+00:00,LINK,0.0,608669.4143899999
2026-10-02 21:19:50.284129+00:00,PONS,0.0,593164.870592
2026-10-02 21:19:50.284129+00:00,PNUT,502982.72000000003,0.0
2026-10-02 21:19:50.284129+00:00,kSHIB,490306.63999999996,0.0
2026-10-02 21:19:50.284129+00:00,MEGA,489814.75220999995,0.0
2026-10-02 21:19:50.284129+00:00,XRP,361450.959797,111739.92
2026-10-02 21:19:50.284129+00:00,XPL,381648.0,0.0
2026-10-02 21:19:50.284129+00:00,ONDO,104377.6,254448.546749
2026-10-02 21:19:50.284129+00:00,LDO,354013.27527,0.0
2026-10-02 21:19:50.284129+00:00,EIGEN,308268.3884,0.0
2026-10-02 21:19:50.284129+00:00,ASTER,308162.23699,0.0
2026-10-02 21:19:50.284129+00:00,UNI,0.0,303163.101165
2026-10-02 21:19:50.284129+00:00,ETHFI,210690.88558,0.0
2026-10-02 21:19:50.284129+00:00,CHIP,183835.0,0.0
2026-10-02 21:19:50.284129+00:00,PENDLE,0.0,163201.598527
2026-10-02 21:19:50.284129+00:00,BCH,113689.300896,33737.9
2026-10-02 21:19:50.284129+00:00,CRV,113710.35919999999,1675.6888199999999
2026-10-02 21:19:50.284129+00:00,TRUMP,0.0,109748.78
2026-10-02 21:19:50.284129+00:00,LTC,100586.88950399999,0.0
2026-10-02 21:19:50.284129+00:00,ARB,99086.719872,1343.26164
2026-10-02 21:19:50.284129+00:00,COMP,85612.0,0.0
2026-10-02 21:19:50.284129+00:00,AVAX,0.0,74981.29181999998
2026-10-02 21:19:50.284129+00:00,AZTEC,44812.570806,0.0
2026-10-02 21:19:50.284129+00:00,FIL,0.0,40227.0
2026-10-02 21:19:50.284129+00:00,BNB,0.0,9999.72564
2026-10-02 21:19:50.284129+00:00,DOGE,0.0,6438.596552
2026-10-02 21:19:50.284129+00:00,PURR,0.0,5813.293238
2026-10-02 21:19:50.284129+00:00,SUI,0.0,4673.081466000001
2026-10-02 21:19:50.284129+00:00,FARTCOIN,0.0,1268.97376
