date,wallet,account_value,day_pnl,day_roi,week_pnl,week_roi,month_pnl,month_roi,month_volume
2026-09-09,0x634fe24f2f7396f5d967ec3936df04f49a3e6951,3320154.573663,424655.269542,0.1466503338,2420022.90653,2.6879237895,3241106.656808,40.0273029167,67259128.3
2026-09-09,0x470756b530bfa294b80dd4783a1fe13dcf3b3394,448089.980861,88043.269052,0.2445329069,405068.361917,9.4154606884,445000.405751,35.2950125606,99174717.17
2026-09-09,0xa516541e599129095d14f7faf8b11ae670c837b0,2403717.806418,337211.620631,0.4678373237,1731463.387923,2.5752242274,2339070.420051,33.7496707402,52348880.440000005
2026-09-09,0xbf732ea04197942783e34730ed6e0f6099575d58,1544673.64936,1240366.691602,0.2442913821,5153088.799629,4.4244501849,6169412.480448,21.1585827648,319839141.01
2026-09-09,0x413042415510b6395667abe224505d0894ae67c9,255870.007037,55854.239204,0.2796740245,259554.716104,4.4508860704,305456.953203,18.3865293316,8978831.01
2026-09-09,0x1b232b41b0e75550c59288b99874e4a8142fbe21,408097.610705,-41029.145187,-0.1008186669,74364.892749,0.2222015976,452849.019223,18.9293523456,10711910.17
2026-09-09,0x991e044d97b946fe549e92ac9bfa5119592a0e54,1016019.493597,90812.785964,0.0981540506,667710.025807,1.9170022281,980530.313407,16.2100116141,4430402.88
2026-09-09,0x020ca66c30bec2c4fe3861a94e4db4a498a35872,5144969.320667,-1862334.010161,-0.2657704505,1321589.943984,0.3456601644,4847575.685496,16.3001998436,2922315424.99
2026-09-09,0x9c8a3a2ee827f24f2428ff2863599c1d7d410d76,311883.358232,12672.565686,0.0513952643,298489.19385,2.6323153001,382433.980829,12.9861482501,23512048.9
2026-09-09,0x4cae5bed586f6e73ae54ebd40a4ac4ed2c477c34,2426441.119792,76179.136999,0.0734085593,1260284.9187,1.5840809358,2269849.264875,12.943411899,12979061.05
2026-09-09,0x7ca519838f6d8dbbd8488b63f5f2cc461b89028c,812540.351057,-577355.173513,-0.4153946561,283894.469906,0.5370220029,766679.960573,9.9749683256,170573924.06
2026-09-09,0xbb1ac608e3bf90b73fa782007878205644c890a7,785553.585976,-72644.392594,-0.1092828023,180565.426518,0.2760887912,793362.944698,9.2911155584,8630138.69
2026-09-09,0x5b5f798b94f54d33ba316c8b1c837e930c90c052,899169.755787,228107.488775,0.4278854285,822638.208365,10.052824788,671354.942895,2.8076124223,78715385.51
2026-09-09,0xdd7a372377fc633f74ab6e20963803d52f448830,3742095.002137,-151777.592846,-0.0389785719,1735710.270144,0.8240233818,3507129.477961,7.4716413991,38029706.05
2026-09-09,0x3aa5da33fe71dc867254e0fda057717feaf19b07,384649.413688,66124.269612,0.2075951329,326107.164182,5.5704583772,320177.403688,4.9661458312,1613483.01
2026-09-09,0x5ad79acbe4a9961ca921e5f28687119913e3e9ba,661313.188363,153252.327692,0.3016416724,398550.238136,1.5167603259,577108.458847,6.8535370628,10106360.43
2026-09-09,0x7e1ad5e2bbe30d6d202e7c41036ea0a07c560be9,1834222.185078,-283568.807724,-0.1338983663,1262537.627656,0.6800081287,2836234.472126,7.2056881687,251759402.01
2026-09-09,0x20438cfdd36d75e185d6601697eb1973f4aee79d,340143.983909,53238.546964,0.1855613039,232787.046035,1.5797494804,337699.876852,6.4392339922,4658542.17
2026-09-09,0x1e7127c81c8a58661a0811f026b6be66533934be,417315.912674,87442.658964,0.3817886042,337894.428718,4.2544461761,339799.694393,4.3836346365,33705807.47
2026-09-09,0x3ab38dee6ba252823b3ceba95390726cf1962a73,300536.99781,28251.898369,0.1147398746,165972.412179,1.5296274687,250876.823551,5.0518715912,3042684.38
2026-09-09,0x18b8539261cf9e760e7fec4a8a73c50f0ae7babe,250965.502921,-1779.246191,-0.0061363353,56656.214758,0.1963503194,415192.645478,5.6605319515,6547619.59
2026-09-09,0x3e470a0bf8460c3a8320327cf5db7deed3a3aaf6,821279.67392,75704.963703,0.1958596672,190908.449644,0.3028508318,690154.303833,5.2633163466,12334014.51
2026-09-09,0x396dc3e4d1051837bb559810d2b1ea7977775899,2183317.915345,8852.526926,0.004031689,577156.946371,0.3171672297,2492890.816202,4.704030888,880790418.8900001
2026-09-09,0xa1be71b903206120fa2b2245e145a5d7be09d8f7,565016.513931,93847.293544,0.1970881139,431818.293847,3.0879620249,435224.593931,3.1667679432,10611422.76
2026-09-09,0xc46e57114835d392ce1aef7b3c884d953bffc761,861871.773832,3298.515784,0.0038418571,81662.082092,0.1046668389,707010.498309,4.5654441107,2660167.4
2026-09-09,0x40f20b734d7d25ba0b6219e921382fa992a56a9e,4836843.156755,602722.48636,0.1423455539,1486686.649578,0.4364408574,4030604.835542,4.3226665597,873649448.6
2026-09-09,0x1add90cfe379ad9c56c36522a3a4d33e89032671,320642.658837,4705.004781,0.0148452314,82396.62317,0.266829536,690280.917182,4.4153416925,53887248.2
2026-09-09,0xb5b3f3caf9d778b1293e5cd29f32e84b04c67a08,4471292.451495,-100967.365267,-0.0220825958,371642.02307,0.0807978843,6477615.768441,4.3366920021,102567217.31
2026-09-09,0xe83b5e3644b50e802a25b34b38b91a061a0d3ca8,4888749.34571,386946.643097,0.2532839243,2141621.162804,6.0569477699,2696336.659081,1.2297929565,58809027.9
2026-09-09,0xe6e3355646051ff76174dd36f6e0fbe2b2cb67f7,343566.849402,41903.594396,0.1389085137,153888.716379,0.8113150099,336161.825894,3.8460236488,2817359.46
2026-09-09,0xbd334a55db91617545e8d1b09941e036ad8e4200,6753692.458957,-124976.786443,-0.1259613002,391199.873578,0.0966063046,4172772.633907,4.2192655303,5069589.87
2026-09-09,0x5ccaf678b74464fac20f6cae8cbaa9b402010c45,890612.291588,1349.553147,0.0020117971,420482.379583,0.8943961421,703355.288839,3.7560960526,2211517.33
2026-09-09,0x9df6bda43fd897bf1be8b87841f6e6f89c9f5490,843051.719739,54350.88,0.0689119075,239898.242065,0.3977399633,674042.57943,3.9882019292,74743434.16
2026-09-09,0x597568694fe6ee1b701ec8578bd57102c9a29abd,2819144.344941,47900.18823,0.0430201946,1110623.456448,0.5819288975,2427518.177241,3.7833840006,29862457.5
2026-09-09,0x53f81d22b16ff1718ab8ee52bff0592685325f92,429202.197871,-16289.477452,-0.0588008283,85421.377369,0.2484762741,341782.562795,3.9096772996,39520599.37
2026-09-09,0x15b325660a1c4a9582a7d834c31119c0cb9e3a42,9228480.226663,-638460.539509,-0.1070043547,141584.067944,0.0242506186,7371251.997372,3.9689532396,14338615.45
2026-09-09,0x266b5569ed3017e74dd48059c6db804e016eefcb,2268318.025579,5381.882129,0.0023781689,883326.489677,1.7455277715,2188067.989575,2.9186601126,11906238.0
2026-09-09,0x615f9484c8f46ca4fd4d2c0291c42661043a3d87,827842.017258,42557.003503,0.0706083325,78612.129785,0.1049239107,650615.584113,3.6710978863,53911266.68
2026-09-09,0x90dbb196cacf24bd212b377a0dd62eaad5e8151b,9763604.423367,-140234.349048,-0.0141594523,371790.683207,0.2417498995,4034621.576862,3.4098350262,28852102.9
2026-09-09,0x558afca8d68f6a7335837b06ce218a234978225b,339151.291558,-33708.698502,-0.185445426,25189.172547,0.0765716509,403147.107608,3.5067036127,2952167.39
2026-09-09,0x9bd30e1bf7c4fe28180b01f33f07c7b277fb7026,251073.930607,56197.572064,0.2883755243,128441.424056,1.0473684969,187367.777482,2.9411252805,9784355.59
2026-09-09,0x0c44471cc8516125ead11e09446302ae20540ed4,695359.492188,-39652.726433,-0.0539483908,77264.119484,0.079400332,824127.539511,3.4166469447,42500706.4
2026-09-09,0x795cfd1b03eafc11c4ec958b8a94cfc9aa64a242,7567560.105638,-168049.866536,-0.0217241907,960157.659454,0.1453154499,5835839.96864,3.3699671465,89337744.3
2026-09-09,0x5242739cf086d71d65b0c557d2531769156369ab,297323.544507,-394.216708,-0.001324129,110574.965675,0.5227811934,271593.023854,3.1415978814,1407700.35
2026-09-09,0x91867345424fb158888ff9c5f1b1b2e7cd7d65d5,342087.810208,-38693.382321,-0.1016157916,37597.431559,0.2446052156,223920.423277,3.2841218067,7418368.8
2026-09-09,0x1338a67b37aeaf796357d78501a0c3695c51c48e,1502739.71375,206646.788552,0.1594384382,1002003.791882,1.9618271163,1063740.118218,2.3690579273,8325361.54
2026-09-09,0x64702807a1f0f9888ea22b858099d7f481227b55,2686197.367751,40913.389684,0.0154665397,810964.503698,0.4324606929,2182313.774352,3.1555787138,53458625.84
2026-09-09,0x1bfaa967c21ddf88dc0da624f983cd7565e00c76,262357.732044,-9122.405521,-0.2448243889,122327.184405,0.8735749911,197109.278936,2.8880711853,3653909.31
2026-09-09,0x09bc0cfdb1ab43a57a8a4df7ffcdff9a980bbd0c,349035.04958,-66889.883495,-0.1608220094,240028.83958,2.2019739938,240028.83958,2.2019739938,6064705.32
2026-09-09,0x153c8444380512cabdc34f6cea09c322e14e319a,2688322.03197,-315375.110321,-0.12271104,1013662.764228,0.60529493,2008639.326706,2.9552603165,11586540.93
2026-09-09,0x68f33dd18add8ad4830d78ae66faa98d58f2310e,561160.185833,45996.442541,0.0892850926,297787.546515,1.1306700168,407261.813765,2.6463035852,6388862.07
2026-09-09,0xeb0f432beecf10dcc828fc1e36a3386caf634637,1175622.903569,205395.212959,0.2116979498,991013.051867,1.6808987371,1303108.473569,2.3503803071,61239299.28
2026-09-09,0x921a02e7401b71e36751edc3ab652bb8077e05a6,1362713.105578,49995.854939,0.0383344052,490947.990476,0.5631654467,1294412.798341,2.9329384203,527588304.05
2026-09-09,0xd58c2f5be892836b38241ba554078928a78a2d11,286142.442345,-17305.281838,-0.0911040881,47582.721058,0.1994583193,134611.438305,3.1344857992,85481504.16
2026-09-09,0xb676a78f19227ffe9a97db93263fce675e547dbf,370860.285353,22784.365819,0.0654580353,275670.668984,1.4494517327,468259.519655,2.4746326106,181955279.73
2026-09-09,0xc98ed10256c47ba49317056ceb2918bb245a3f19,390993.598587,32983.126184,0.09200046,94326.418371,0.3174187201,294316.394431,3.025544058,1406437.21
2026-09-09,0xb01d0612743a3401b16bef157bd69a909e3cd1dd,368615.777563,1315.191155,0.0227533377,2278.758089,0.0400917682,181231.105398,3.1752529646,42545523.09
2026-09-09,0x8a3cf3c4b300be69429cce5beb2ef14d7200b6b7,3276306.896585,-15779.71468,-0.0200340398,316891.514852,0.1035791075,2597011.241473,3.1505784057,2220884.38
2026-09-09,0xabf68ea28e2522726f53b6413b87ef7067fdf21a,796492.11725,154501.680941,0.2406604089,535440.689508,2.051092745,541907.03725,2.128589143,3178107.44
2026-09-09,0x75ec3ba266176e733f1b1fdaa15052f5eff724b8,3177031.605537,160439.091737,0.0531855367,1164297.44588,0.5784655864,2356767.248022,2.8731794229,78442633.69
2026-09-09,0x613ead0ea5af374af0ccfc117ef116a8e8d133fe,588618.923839,22959.147514,0.1951909159,173190.138004,0.4167945613,480981.910777,2.8967355146,6734507.68
2026-09-09,0x7b51c5d9366077e1b3c1cba383389752f486071b,594332.212056,42119.20344,0.076273472,316175.239461,1.1366791798,484511.5295,2.5524696412,13843456.65
2026-09-09,0xc786b3302e681745813f8011e816336bb5baeb75,621426.343984,111164.817273,0.2178585127,407016.414847,1.7664881734,436121.573984,2.1664741177,44369287.98
2026-09-09,0x456f1049c0f2ec990091bbd3f30af62aca3fcdf1,2315518.85658,237007.993243,0.1140277866,1048799.327104,0.8279649146,1680398.602465,2.64579596,33372853.86
2026-09-09,0xb64460b8f4a2f521b815a209f053d35fb1977d51,699718.484887,-45215.626877,-0.0607104212,53631.04737,0.0830089617,526713.01184,3.0444875677,4461211.29
2026-09-09,0xea0027b6ea9b6d7d401b5266979cc3b3ca87a918,20251252.380204,-229213.644136,-0.0111918178,6371371.362991,0.4590364539,18644172.009261,2.8218469868,40033925.96
2026-09-09,0x3b9e9c9f82eb1c321535fd2bc48d8db9e8e8c503,370267.982231,0.0,0.0,82215.843416,0.4394293379,344735.059678,2.7907718373,24843250.4
2026-09-09,0x186db447f4de2f258ec100aa194b6e9974a46482,1995875.853274,-8597.278633,-0.0042890466,-55879.696134,-0.0272350652,1495866.253274,2.9916750664,130656834.15
2026-09-09,0x2c6f7831be3fe15cc7025672f27623a921553725,4879469.010341,-39424.950669,-0.0080150032,923813.514943,0.429254889,3581425.7678,2.759095884,11003707.82
2026-09-09,0x31fe86dadaf5fe01b3a411770338e09ef49553ba,457620.082717,17228.587482,0.083768291,130573.800026,0.399251748,423510.841736,2.7471742552,32567691.89
2026-09-09,0xd74916aecd93ca55deb392dfad4c3ae43951ea49,1159553.843832,-19985.38829,-0.0169433858,42151.665101,0.1308900464,860583.053267,2.878485392,16163774.82
2026-09-09,0x9137bd9347f07990a8ce22869f8b93d190479c5a,3504584.898747,233645.528197,0.1191142254,343058.181977,0.1085102903,2592662.228757,2.8430724601,98876374.51
2026-09-09,0x422d82d5e532fccfadc6a72d8c6b64727892239e,1497493.802051,-6176.107497,-0.0077329067,723071.0437459999,0.6617426161,1331311.0743079998,2.4824962012,4401144.11
2026-09-09,0x0f83a7bf2ea16c7d8c90e3aa4ca0c8e58a83c9ea,353812.312331,-13211.154863,-0.0359953955,79207.507335,0.2884418113,256930.256156,2.6519791746,10706530.05
2026-09-09,0xd745e55d0f7d8b32d875d4674003bfc9d9d1ec4c,417858.13447,23008.425772,0.0582713505,110887.538623,0.3612317926,300528.180446,2.5613934902,18125937.4
2026-09-09,0xcb5c2f378860437fad512c3aec09efce1c470283,537617.262098,0.0,0.0,97490.287912,3.9405169053,235518.167711,0.7796056727,5944680.45
2026-09-09,0x53969485d7422b35c7fe5a4025498f9b69268b79,2028160.365162,-595711.348332,-0.2270352416,39159.194369,0.0196878689,1710342.422264,2.7572027969,44159136.01
2026-09-09,0x9b864dde6ed1c21608b1665a0ac0faa4f7e36e6e,2346916.774014,132810.289228,0.083526307,1394172.873518,0.879499085,2079098.0933,2.2592397969,12448266.15
2026-09-09,0xb2662fca65f6446b8b1898340118d44d680a4449,1660686.80323,72282.000477,0.0931187909,762943.819867,0.8498465975,1140442.841981,2.1921308596,6125545.84
2026-09-09,0x466669f8f1e45c216517244775c932b70327df9e,465487.236509,-14280.384202,-0.111039911,496678.483658,1.8476951762,484686.176509,1.7260777094,7195429.78
2026-09-09,0x6faf4312b8b5bb032f76dffe100c52c810f056a0,266711.56541,-44577.871273,-0.1432039318,141755.612406,1.1344446503,180286.8525,2.0860567126,66711284.02
2026-09-09,0xd71cd9664aca5faffda676070e605da07911823a,257011.86774,19983.065529,0.0843064866,174597.930931,2.1186695866,155801.144413,1.5393738854,10866302.31
2026-09-09,0xa2ce501d9c0c5e23d34272f84402cfb7835b3126,15221434.310204,-507378.807665,-0.0322579208,1512888.046801,0.2168920546,14423402.536056,2.487637264,44740245.96
2026-09-09,0x0e1cdcd958d002d98528c973f1397b7784abce6d,657959.440512,-53376.277429,-0.0750366895,91468.945566,0.3171235346,466890.286462,2.4435670362,9278422.83
2026-09-09,0xe46aae69cf2607b68c03ecdf6d94e776287e73b0,391795.085101,-1778.399018,-0.0067189726,111197.814388,0.3962897219,487600.54111,2.3879214967,1345744.6
2026-09-09,0xa38747075ee46e51abdeb96e699fe60efe19b933,274776.335891,69056.544596,0.2514661098,534398.284384,2.2461350864,461293.727485,1.3728016229,43485160.89
2026-09-09,0xffb285456daa57d757b9c9020a6302afe5a95ed6,318281.982387,-34685.179529,-0.1336372464,136297.630215,0.7489524708,218281.306192,2.1827983019,4860058.34
2026-09-09,0x4b85bf981916936249a62b7e77f30e567997a395,523920.031576,70124.511209,0.1543927847,334612.41592,1.7638265137,377241.96271,1.6204164735,7299759.85
2026-09-09,0x03ba951f72e59899ac8dab30cb5624dbe5d52bb8,503587.058514,-10855.580564,-0.0211016345,98536.43569,0.1820272413,453259.778514,2.4289847621,11128175.75
2026-09-09,0xee16198171b3cf5c96af82e538d489f78935fb67,257099.359256,16503.434693,0.068593991,116051.218556,0.8227773722,176286.296813,2.0653533267,18248474.91
2026-09-09,0x005a09b498f2a28b54652a70d7812e63414161fe,580249.963556,120321.465939,0.4111695679,387306.80257,2.0073621713,337775.138234,1.3930317829,1652427.65
2026-09-09,0x783ee3148b797b6174e8204f8f224e25b8836682,2301511.954948,-115192.262597,-0.0912786899,125063.066758,0.0574540995,1627393.819368,2.4130373511,1492014.36
2026-09-09,0x20b7807939c774a152b396beb704acac68fa10fe,271579.538005,-21983.014459,-0.0748201665,28795.338372,0.118410231,191415.19568,2.375967077,2234915.97
2026-09-09,0x76fe28b803eeba445c34afc2f914e6bcb71112fd,846612.456525,-29843.514168,-0.0387489233,31366.797162,0.0384705515,597639.164218,2.3994510157,105960594.05
2026-09-09,0xb6161198798dc08e3ba5bc2756820848fc51173b,300644.717946,31153.918398,0.5120897581,95643.849012,0.4069935973,551841.55837,2.1221707582,51814770.26
2026-09-09,0xcbbc60df1f1b062e5ce90715e1400a4acfe3985f,371370.728146,-34610.636507,-0.0852517862,152544.718588,0.6971050603,250420.911899,2.0704530165,7541372.07
2026-09-09,0x5b676c5b03f38557e6f21257732608d019cec66a,478193.359214,4379.140923,0.0137553003,508407.763437,1.3565296243,574416.455691,1.7192459482,41654936.43
2026-09-09,0xcb5c89e9679fb5b09d1be72f3a9dd789d1e9f6c9,350056.75511,3767.911669,0.1036449468,-1612.904364,-0.0045864189,244694.109309,2.3223990575,1725184.1
2026-09-09,0xaeaab54bbf65bfd6efed7d2eb68372298e3c2416,4672224.260255,618085.720123,0.151412235,3149241.463205,2.0304812337,2874549.351674,1.2760603341,249991417.45
2026-09-09,0xa1830e8d9f019feb448478a171bb37cc6c4c0482,12871620.106898,175314.699477,0.0138083241,1104522.073469,0.8860740954,2217617.433336,1.8626788355,7938999.65
2026-09-09,0x9386b9538884d849943d77f1c5412de9e72b021f,1071500.2985049998,43408.900193,0.1193692968,200107.789113,0.229615042,736833.15377,2.1686415688,63664880.91
2026-09-09,0xcf0afa96743819d52515bff99635a7978f2a856f,316778.752395,68611.256621,0.2764715677,109876.928195,0.5310582863,210720.62333,1.9847774388,1104449.76
2026-09-09,0x1e08253f267b5e985859b5cf469972326f191584,655956.087301,-37699.333978,-0.0857069839,10719.097034,0.0166126512,455882.791215,2.2785789015,31145573.76
2026-09-09,0xe92845ebfde7092cf5d6253eeb73dc1c3f48d902,387813.881224,37981.061,0.1455855124,199805.121958,1.0627436867,244518.020822,1.706385796,2428158.4
2026-09-09,0x3c66b4d46004afaf5a8a1ab7399c1f5aff89eab6,1227817.715498,29127.625941,0.0242995468,310077.871615,0.3378712101,831806.449303,2.0760705406,99223254.19
2026-09-09,0x9e2cbb5d800181c1ef21b25010dc4ea80eeb5508,4002275.015833,273447.189412,0.0947495352,1548087.148128,0.470876948,3448732.325064,1.9671587802,900221903.64
2026-09-09,0xe2823659be02e0f48a4660e4da008b5e1abfdf29,2438249.587915,46439.398902,0.0850396483,747561.473942,0.4270100813,6733642.58904,1.9720106613,36664105.16
2026-09-09,0x5aa13316231716ea438eb243feabc296a9094b2b,1712910.295025,-74996.264053,-0.0419464114,585047.895117,0.5187227583,1131198.129834,1.9446011232,35465859.04
2026-09-09,0xeadc152ac1014ace57c6b353f89adf5faffe9d55,10749506.42473,-2638897.97825,-0.2306183069,2168760.601539,0.2727125955,8853767.00668,2.0894098896,35534771.78
2026-09-09,0x736850ee773ac6170fcaeda596514269b863ee56,346425.227602,-47490.626934,-0.1205603339,49062.603418,0.1649925022,371205.531281,2.1185027744,15808277.23
2026-09-09,0xb34519875ef21a74a3a5025b40b96288d1717f20,614369.543146,-18618.031995,-0.0873005188,-3378.056281,-0.0054683438,421448.228426,2.1845602133,3584070.92
2026-09-09,0xb40da15b8cc492fff87d9b1e06bb45769d7e75d9,1568998.909324,120416.620805,0.081955936,366191.825611,0.2916979706,1081838.427972,2.0043937338,37580482.25
2026-09-09,0x09d0dbed3ef5cb17eb60097b1baf31d9916a1a52,728243.992615,60117.386197,0.0899939815,353173.704324,0.941898744,455061.587384,1.6657792693,1008712.11
2026-09-09,0x37e5ee046fb8e9a41e0bf35d2d37fd6f64fdff10,761887.144393,-92094.984905,-0.1078418175,39024.978731,0.0533374289,538599.90228,2.1365615244,2287905.15
2026-09-09,0x0eba880f6be60142c70019d2dd46c49c47204eea,925132.899594,21699.068903,0.0240184374,494674.450389,1.1491804872,562047.836903,1.5479784069,45679306.9
2026-09-09,0x5740affc8faf8913f9f2d5fbb9bdc6e8119ea9da,2298400.972472,-37245.064929,-0.0159463653,136880.607819,0.2362505377,773970.941569,1.9916316781,3663276.69
2026-09-09,0x9b220c39d91cabb77132d1e7a4f30c6501aa3aaa,388283.7921359999,20524.062669,0.0558083472,166502.994733,0.7507547844,245444.910949,1.7183340342,16224349.58
2026-09-09,0x2e2b6070bec9be9f50887cfe306ac6ca93002fab,2687034.267183,-109677.290338,-0.0790577258,349925.615434,0.1032930579,2515732.94871,2.0588866203,3897138.64
2026-09-09,0xb37f083bad343a76361cd8f39afe7ecd6a0a66ca,6450613.371076,810793.67228,0.1437623391,3922723.284957,1.5517776293,3630507.859376,1.2873659671,161088228.26
2026-09-09,0x29c792a175627a15c60f5288e55d1cf7d95f2157,279759.739388,-10395.907596,-0.1763215043,10898.097882,0.0377148483,202971.6474,2.0949037811,1009097.0
2026-09-09,0x04febde8d852931b73fd81c09904bb29d3a0e964,890247.90445,29638.478614,0.0792499055,254263.773213,0.3997957822,610785.964664,1.8538555377,4188506.44
2026-09-09,0xc2d3a0c560b91a363c6954cba05cc1ac0e9c91e1,345288.047318,8447.789369,0.0250720689,83425.285008,0.318462381,232485.385604,1.8916220557,3226741.85
2026-09-09,0x54a7240cea67b8c41b7c7f2b485360f37331aef4,331466.922364,1801.54952,0.0211297197,89702.11179,0.2868024107,284396.305306,1.8997202612,4695963.04
2026-09-09,0xb7e0b9fbc9479330d70bcc82a7d4325a20e8d1aa,5125482.992824,360002.383984,0.0755437727,925147.757415,0.2006682183,4186568.089784,1.914371732,262145315.37
2026-09-09,0x9cd0a696c7cbb9d44de99268194cb08e5684e5fe,1078054.591742,109476.302787,0.1130278311,539230.578033,1.0007545473,5299505.328811,1.4757793193,1006836.52
2026-09-09,0x121acb29e168cc9e97dbd7b280ee8baf2cb34c6e,266792.706895,9168.490753,0.0355886216,229665.953486,0.7982561912,392116.238983,1.5896347713,3219941.38
2026-09-09,0x2ab7c8c121bba1b6b744664237ae00ded55ec2f8,1202986.151183,88998.648564,0.0808597855,696745.853849,1.2555429731,711636.565843,1.3446460816,7251510.23
2026-09-09,0x666073af75b8d2e6e9efea414db566494e61aafe,9123869.074966,-376020.006146,-0.0830801158,319343.703933,0.0362704053,6047613.075734,1.9659004573,8930942.74
2026-09-09,0xe6e0e0dd371e4f9bd5218ab4bc0634d59705ae71,2826983.864625,-488639.399255,-0.2368229011,469402.811789,0.1986478616,1857610.796406,1.9056688721,83200694.24
2026-09-09,0x9546b9d4103be41ce13483a8f299d0df0eeb181c,3314267.183529,-296240.358109,-0.0820495054,816285.5323,0.2183801091,3463583.040704,1.856034604,4147311349.55
2026-09-09,0x2e32935bfd5b2718f99bc8fdf8b37c16811f7d97,1318635.052135,-72231.992019,-0.1857605847,308055.912715,0.270701907,1100107.005306,1.8366640579,27679960.36
2026-09-09,0xa55a9a19f5f5e18cbb6b5892d1659956663a1f35,647946.775736,-54307.509042,-0.0773331117,54153.700506,0.0911996161,423941.770464,1.8925549005,8666575.88
2026-09-09,0x32b1223d162056db0fb94ab244d1ef821421b95c,386401.079903,32299.820457,0.0807643392,291420.782544,1.2488482975,305264.47321,1.283602359,47160493.46
2026-09-09,0x4bdf1130109e9c1bc921d8979ea66284d9c92f37,306076.746578,4790.393666,0.0263498299,59145.992911,0.2366495201,198466.936737,1.7942977845,1609925.76
2026-09-09,0x42fd5648cf21c158d15e4f58785760755b3f6623,2898286.334615,-42681.992378,-0.0145129045,111627.644656,0.2054565531,781415.786173,1.7922086354,76533491.03
2026-09-09,0xd5d29dbf880eea93d4ed2ccb79c642bde0a48480,610740.909446,-4920.370325,-0.0079920087,115037.18487,0.2320684295,389575.213232,1.7614631017,15670569.98
2026-09-09,0x3ed4033676d0bdb3938728ca4ac673d00e74bd06,9260947.831639,1010045.04039,0.1224163059,5429536.268014,1.4171112077,4923488.399715,1.1351088067,30640748.39
2026-09-09,0x734531e87f8c1643321355f7143fcc6169c4b404,2075183.501742,204825.021986,0.109511104,-240595.191339,-0.1038938617,1358231.833016,1.8944538276,127613658.44
2026-09-09,0x8be0b9c4dbfb90f47fb94e8968dce08d3152326c,581690.83657,-16687.795211,-0.0278883542,-111035.626245,-0.1667771007,380904.544507,1.94634418,59037412.21
2026-09-09,0xab59fb979ae9042ae23bfbe5bd1eb89b7f5659b5,800943.293632,-47939.348381,-0.05647347,231257.339221,0.355948571,553345.448102,1.68906281,33924784.52
2026-09-09,0x52e6c32f0eb44f707e9c159052fc5039fc7b7725,504670.044497,70768.314571,0.1525502278,216353.156795,0.3389431816,812327.507098,1.6499234687,148722009.66
2026-09-09,0x0ca4109c94438dde8d7386da27180f414de80fa8,383053.011342,30470.375166,0.1959229516,7816.827694,0.0208317535,246060.135609,1.7961527875,5451468.9
2026-09-09,0x54fc13e72548503e13eea8b4cfdb4524be39d7d2,462353.842026,29517.753351,0.0681961466,103620.720038,0.263174346,312622.514014,1.6922999747,11117508.14
2026-09-09,0x470a5f416a0f380e228cb8f5439c91b0c98c81a6,1555255.911912,0.0,0.0,0.0,0.0,1070523.723484,1.8307926207,7652187.24
2026-09-09,0x6dc903ab5fe0d286cbef6c5042dd2684b7fd78d7,1120694.512343,-40540.968781,-0.0349119274,46187.359287,0.0429846922,721449.091455,1.8070315994,7716344.46
2026-09-09,0x93ab7dbdeb996806454de19c35c8247f4b2511f8,9625989.37298,-183001.533945,-0.0186565097,205134.566681,0.0698186331,4313905.090787,1.7788719685,55539966.2
2026-09-09,0x43753b1ae949c13ecc02529adee1c2658ab6f43c,631134.533013,32997.479968,0.1623754067,253330.257584,0.6705330619,372488.667377,1.4401493195,1042691.35
2026-09-09,0x9471f70f2518846f7a076636d64e5a22787da105,866973.329202,6892.551406,0.0080129103,134711.182951,0.1559215507,750541.964264,1.7190088128,5498150.56
2026-09-09,0x3af22be0e13429239a2bb6c60f70ecff6ebd5af3,741685.172328,-17964.591625,-0.0398368267,60738.754871,0.1631003914,299523.906976,1.7002918137,1719495.13
2026-09-09,0x66466428990e0f42a4c54f64bee0db6bf2336de5,9907618.02732,-480510.128027,-0.1806337179,-210321.826372,-0.0207051656,7799302.308835,1.8152148154,36901195.43
2026-09-09,0xb28bdcb4c7db9370b73f6dbd57671416a0a57dd6,668926.3405879999,-2198.116563,-0.0032747862,156760.817129,0.306014774,522504.07905,1.615048272,49545705.94
2026-09-09,0xdfaf7cd4ab0fc1d7f5ccf3216769f26bcd041a61,303520.966371,-19801.22809,-0.1048981973,-13882.728713,-0.0437246209,207565.718931,1.8040526056,2172611.32
2026-09-09,0xdd97539fe9a912166f037d81dcf35b3f0ce5c610,3727979.779611,177698.226766,0.0500518689,1094185.387831,0.3861202461,2416118.375234,1.5619502328,40598656.37
2026-09-09,0x17f0361771a9042d816cd007c731be15f05b094f,490441.019565,22643.524285,0.1081318658,131962.51142,0.3650248664,300750.267097,1.5604847686,20198126.02
2026-09-09,0x6da3738e1fc7325765facb5eae488e2e16b10512,772232.755926,-9425.810198,-0.1154359098,89035.190905,0.1303022959,748504.451567,1.7137346998,3016938.77
2026-09-09,0xdff720130481e2ded32a0fa06bec909b9498e625,252638.790335,-22484.430545,-0.0817249466,104402.116784,0.7042934402,124075.769603,1.41538774,7582075.56
2026-09-09,0x40857f8196d95d605f5580ca26211dd005bcabab,297275.300884,91735.83029,0.1280260279,458076.749157,1.3080449329,419392.024285,1.0784494245,8765103.64
2026-09-09,0xde8a6d588f8067e761bac811a102e0146c721e41,773724.744335,28393.546592,0.2375634756,272062.041773,0.5423206477,511902.19352,1.4147877782,12340738.52
2026-09-09,0xac1b1cc2fee62d8dc215821a7afc1d8594ff2f92,954980.067315,-13145.776063,-0.0135785819,216419.683878,0.2913329189,586318.408164,1.5720608105,84489265.81
2026-09-09,0xde5a8068836a16f92813104d7faf602bb0cbdf62,971178.235371,-20592.74818,-0.0206750144,114205.281189,0.1319569245,615458.07579,1.651251636,4139590.16
2026-09-09,0x73ce82fb75868af2a687e9889fcf058dd1cf8ce9,1272166.38208,-256054.865941,-0.1675509134,206858.572508,0.1936355839,1149365.53399,1.6401481508,3365015.41
2026-09-09,0x4025d75db7a13e25dc6305ac00cc1c849f26b7c9,366040.702009,-49613.207185,-0.1545834025,118402.251709,0.4781254751,380404.413389,1.4947661608,279782554.67
2026-09-09,0x92b75a5bfb7be7911747276ad335b8f5da3ce0f4,7404764.737863,-76.665377,-1.03534e-05,75.936893,6.01084e-05,4663406.005181,1.7011294252,87136862.64
2026-09-09,0x874226b22939904f436ff0434e1fd0ab257c8427,693763.171906,51875.199924,0.1171120652,320067.012747,0.8564899716,384216.432776,1.2412226789,39828385.12
2026-09-09,0xf29c6bc1147a841519b382459a6d7a373c6b9971,11138008.872881,118102.31687,0.019365158,3826749.005044,0.5234048679,6833837.065596,1.4151156495,114215248.32
2026-09-09,0xc8d8b8be27e8ee0eb860638b52b004e55f4131ab,262227.755338,-5950.74,-0.0620788681,3594.322684,0.0138973629,164366.754251,1.6795940408,31138185.46
2026-09-09,0x843f31e5cd9a6572d235a05cb78ec5ac2ffcc24f,845441.785864,3346.159678,0.0039736101,159289.384608,0.2321486951,598028.133665,1.5593398833,63982771.62
2026-09-09,0x866d4903b256ce7e7caac46a91e83128bb0fd6e1,3429970.737873,22347.101125,0.0065579722,1039501.876778,0.434852716,2076051.104385,1.4571184759,10766231.54
2026-09-09,0xec4a6f59960fb55a7fa49262e2628687b322cf62,6947151.003309,-296782.682247,-0.0409698232,-547060.834039,-0.0731422276,4387381.462638,1.7139751813,1177197045.49
2026-09-09,0x5c42b895c1a7f42fe0f72ed2ba1fe442376fb61d,260886.325765,0.0,0.0,8969.085059,0.0356032999,161566.131341,1.6267198456,9269291.05
2026-09-09,0x926a8a1bc7fa22e2fdd4459c443158aa38adaf36,931214.271482,-23560.377905,-0.0246763756,111606.396058,0.1361704779,398133.371551,1.578255383,47843784.04
2026-09-09,0xedeaa967b0100a4df613533df634ffe6cb5fd773,581474.90949,50065.17,0.1909982868,297601.671055,1.0266614216,363524.752361,1.0907039185,55806146.18
2026-09-09,0x718cc7ee2ae2493ebf7d454316df6b61f4e1a868,1030524.719873,78975.062842,0.0829962601,362168.22736,0.5103739641,637579.658674,1.3622535703,6280516.52
2026-09-09,0x94b60c2a5db13689bb06a73657ac1216424de5b3,568989.193807,19538.87979,0.0355609796,357987.7229,1.6966124519,247939.230441,0.7722761524,25078117.55
2026-09-09,0xfe7e0a8b33061f13fa1f72774b164667c3b911b4,699480.200314,-6423.258949,-0.0090993448,177561.082906,0.3402080456,414790.364044,1.4569904197,4059184.44
2026-09-09,0xdbe0780a5c5a0e3b345101bbc01ac2218196d6d5,5479174.797488,158827.248271,0.0414721132,1532900.823743,0.340926917,3750588.792074,1.4405472951,2378897.65
2026-09-09,0xf78c5d8d4b604a140d43a46209fade655536c581,3778227.357028,-147902.477427,-0.0376713159,289689.934677,0.0830405123,2313248.03235,1.5790311804,19693692.75
2026-09-09,0xbbfb6566ad064c233af6314aeb1eee4c26a5f921,1838178.624343,-56476.594973,-0.1123870492,100270.612729,0.2820284327,1152833.3455820002,1.483642672,34292634.27
2026-09-09,0xa0b31efd7c2b988efb0fedad43144a621ee96839,1147889.154987,7289.404669,0.160927794,292817.833901,0.3420444141,670915.224828,1.4036355252,22410984.11
2026-09-09,0xec0b9ebf2a304c99cafe85c548c14dd7783cb078,13184354.694855,-269772.527451,-0.0783733183,2074586.349991,0.1617875178,9240060.699608,1.5254084001,37709830.05
2026-09-09,0x3d0acf9d5e0175444e389ba6a16b6b83f1933df5,287146.907202,-21484.326084,-0.0874180652,74281.699899,0.3487987429,168852.772041,1.426202277,7734555.21
2026-09-09,0x5371c4517b448006941ae335e5cafd54af573c11,1613475.871773,-155381.918671,-0.0878430813,462516.738001,0.4018533104,938930.205801,1.3919446127,5241917.92
2026-09-09,0xcf67e4da9e9cd38c0afd26338d0fbddb3036eb24,1697181.929753,74639.744969,0.1150473987,811268.630877,2.2516465756,514103.233422,0.4234659802,37437558.94
2026-09-09,0x41c684cbde3e449cc67c70aacb6132e3eb25b06d,286217.582163,23270.209955,0.0896536475,70727.683521,0.32077515,311958.401267,1.3904096889,39175194.59
2026-09-09,0x5d6f7c1e9f7a7dca19b01edbd59ebb9223356f8a,758427.607808,68824.350154,0.0998028205,242187.756293,0.4691380481,430547.769935,1.3131267013,17398877.05
2026-09-09,0x47818abc02d61af1e586d3ceb035591aeae4548f,526556.864544,-76257.499072,-0.1265024586,142545.976556,0.397281224,304038.517228,1.3663525767,5325091.11
2026-09-09,0xe6a90b07af76c504c1dba4cc45a12c4dc6b1ea68,325522.712871,-13981.053215,-0.1438926587,120046.553933,0.5399569466,205970.64573,1.2937686641,2645685.65
2026-09-09,0x704c8c855765b4c053cc2dc02b3f318caf2ab732,468288.634737,-35984.445957,-0.0994885373,77416.819787,0.1907420445,374689.501276,1.4489201733,95740389.06
2026-09-09,0x2ab3da753851e34ad23a4f155d1196ec8d09c9d4,1787481.899116,-26867.76,-0.0268084394,7133.069275,0.0040065571,1324247.0583,1.5230339319,89641504.14
2026-09-09,0x152e41f0b83e6cad4b5dc730c1d6279b7d67c9dc,20903263.774786,-724408.081997,-0.0334945012,-91976.955816,-0.0043808479,12563583.829242,1.5064827321,225178048.79
2026-09-09,0x48d603762adf3aa0be6f8c05f621451070a3487c,454723.145542,0.0,0.0,28226.188504,0.5341350991,112823.914809,1.2287527821,2617804.4
2026-09-09,0xf7619dfb29b83bf5118fd0107c676156cd5e5605,256732.841711,-14090.566564,-0.1228981248,13092.371512,0.05373644,164754.381203,1.487134489,5685362.38
2026-09-09,0xdbea0f1d234240e8f8a884cf0461371b3ec2dbcc,397298.923068,30461.893814,0.0662119077,167699.922687,0.5194703509,269585.113068,1.2201541909,4809345.05
2026-09-09,0x30afce2f6842bf183c7e3fe7162e279ff0b6393e,6459384.226961,288106.961038,0.0536712749,3533720.783153,1.6649818717,2222350.776034,0.6472084774,181023708.6
2026-09-09,0xeebf6f8dca9af660748e895282fc780954771740,305406.107935,68534.085661,0.2893293848,134765.048715,0.7897566686,155531.707935,1.037746993,12671209.37
2026-09-09,0xf9faba57a81d1575d3e506dd3eafe7db6f2a3275,480604.405011,-113856.903228,-0.1915295439,108110.414916,0.2826460486,289412.947482,1.3703880325,90137269.17
2026-09-09,0xc3baee00470d78c489b623f405e57d5d99bc0f33,437454.593395,-29763.420874,-0.0956562022,143781.456727,0.4658048908,251577.495435,1.2523951112,2806945.05
2026-09-09,0xfd28ee5ea23a5542db41cccc9cda49bd370434f4,2504594.236191,34365.375342,0.1247875891,515443.572089,0.2591274665,1416821.124662,1.3024969175,6497024.0
2026-09-09,0xd3168812899e1fe0e7de42b70a915eede1118d83,797267.30719,41283.769672,0.0546093501,265647.622866,0.4996948584,432991.509659,1.1886365018,1743227.55
2026-09-09,0xc7847f80861d2e47c40dfacf9f69e0d0c1393e53,521444.905218,7980.059195,0.0155415882,146086.675037,0.3891926786,292424.104103,1.2495645802,3393938.17
2026-09-10,0xf4f7cebbd2c7b6dee34ab29fa55a116eff25239f,3981408.335926,335.94,3.3594,38583.26,385.8326,2609863.081874,0.8520291821,1104588.29
2026-09-10,0xa516541e599129095d14f7faf8b11ae670c837b0,1999156.906077,-429750.554645,-0.3967294076,670623.164074,0.5347912314,1964334.06485,49.7527476831,50595182.03
2026-09-10,0x634fe24f2f7396f5d967ec3936df04f49a3e6951,2823556.957162,-587916.268581,-0.1723707311,937649.570336,0.4973739531,2744496.033297,33.8887738076,88921741.83
2026-09-10,0xbf732ea04197942783e34730ed6e0f6099575d58,1656885.551214,22840.409523,0.0139769798,3721812.635224,1.4370452719,6163358.079105,21.1378183918,333239190.53
2026-09-10,0x020ca66c30bec2c4fe3861a94e4db4a498a35872,4932356.435317,-1314363.700606,-0.2104086287,-5808198.650111,-0.5407726979,4634873.479182,15.5802992528,3037500253.99
2026-09-10,0x991e044d97b946fe549e92ac9bfa5119592a0e54,776147.513496,-293593.835134,-0.3678386461,126295.577362,0.2402928676,741826.065221,12.505191407,4418893.34
2026-09-10,0x4cae5bed586f6e73ae54ebd40a4ac4ed2c477c34,2061659.785399,-489278.44862,-0.3615415402,298686.373661,0.2998877835,1928551.358457,12.3160285484,11682069.48
2026-09-10,0x7ca519838f6d8dbbd8488b63f5f2cc461b89028c,633893.763559,-205588.283083,-0.2448989635,-545519.820953,-0.4625347954,582894.690667,7.1085522081,181223501.79
2026-09-10,0x953c5152e2f8b5ed9d92976cad478a837749182a,443811.555349,220750.223459,0.9896391346,328525.9713,2.8496708761,371904.834699,5.172045552,17141744.61
2026-09-10,0x5ad79acbe4a9961ca921e5f28687119913e3e9ba,664652.975676,27849.079083,0.0437325827,246198.159321,0.5883489535,573456.130092,6.2880309158,10977240.59
2026-09-10,0x9df6bda43fd897bf1be8b87841f6e6f89c9f5490,843051.719739,0.0,0.0,-162437.659569,-0.1615508457,728563.791332,6.3636734586,74743434.16
2026-09-10,0xbb1ac608e3bf90b73fa782007878205644c890a7,626544.954277,-244080.758459,-0.2842819186,-234008.867139,-0.2757863307,621012.1794,6.4071805363,9316223.47
2026-09-10,0x7e1ad5e2bbe30d6d202e7c41036ea0a07c560be9,2437261.067504,-542106.87386,-0.1819516072,-681417.404827,-0.2184932174,2439018.484552,6.1965281115,278565311.77
2026-09-10,0x20438cfdd36d75e185d6601697eb1973f4aee79d,260243.55781,-60981.578756,-0.3220960692,86087.220847,0.4019830656,262212.891606,5.4592807539,5676036.76
2026-09-10,0xdd7a372377fc633f74ab6e20963803d52f448830,3528434.351084,-529328.237981,-0.1304483016,-149554.67848,-0.0406620785,2988048.006908,5.5294661664,41706507.55
2026-09-10,0x40f20b734d7d25ba0b6219e921382fa992a56a9e,4649576.255782,103376.403581,0.0214396495,2309474.174372,1.9707458636,4118862.025787,4.4173189557,976356115.99
2026-09-10,0x3e470a0bf8460c3a8320327cf5db7deed3a3aaf6,662689.281796,-138732.827124,-0.1731083103,-54653.492255,-0.0761888099,560291.004973,5.4716839224,12334014.51
2026-09-10,0xc30b98af41c61b9aaafb304b49f04c0f9bdc2185,409932.306345,177597.669969,0.7644046223,290186.111199,2.4233430619,328402.513332,4.0280062195,14376458.32
2026-09-10,0x9bd30e1bf7c4fe28180b01f33f07c7b277fb7026,421543.20249,178149.463823,0.7319393868,299386.023501,2.4508262714,335435.844258,3.8955537732,10039284.99
2026-09-10,0x6741bc2e53e9816213f4e785fad8b971048adba1,403593.262872,175297.423436,0.7678520286,284842.509311,2.3986585413,314291.83189,3.5194489991,10596325.8
2026-09-10,0xb5b3f3caf9d778b1293e5cd29f32e84b04c67a08,4232374.947085,-289952.708222,-0.1128940744,-983482.80771,-0.2624334625,6373767.251847,4.8471862753,119395606.22
2026-09-10,0x3ab38dee6ba252823b3ceba95390726cf1962a73,259675.630259,-34234.262551,-0.1164787691,72222.072746,0.44748895,210015.456,4.2290519341,3042684.38
2026-09-10,0x558afca8d68f6a7335837b06ce218a234978225b,311862.896878,-34946.530465,-0.14775638,-105010.938666,-0.3425249626,400373.182669,4.4264476531,2825030.04
2026-09-10,0x5b5f798b94f54d33ba316c8b1c837e930c90c052,385072.846115,56223.827868,0.0631832039,671232.791424,2.396018706,718263.033161,3.0037824778,84268691.0
2026-09-10,0x53f81d22b16ff1718ab8ee52bff0592685325f92,431659.994141,2519.497834,0.0109810722,-19962.09337,-0.0702584226,344203.717355,3.9357234267,39687682.65
2026-09-10,0x5d6f7c1e9f7a7dca19b01edbd59ebb9223356f8a,995334.452296,248228.655458,0.6460945914,377427.765581,0.9960002682,609445.375363,3.1106904379,21478886.46
2026-09-10,0x5ccaf678b74464fac20f6cae8cbaa9b402010c45,872634.20085,-21670.599107,-0.0320636547,291614.755554,0.8042849073,670083.941245,3.3082354106,2211517.33
2026-09-10,0x15b325660a1c4a9582a7d834c31119c0cb9e3a42,8140410.37044,-1463973.218452,-0.2566518544,-2564572.822378,-0.3439398942,6458511.7412,3.8400124888,14338615.45
2026-09-10,0x0c44471cc8516125ead11e09446302ae20540ed4,595922.707028,-151236.842041,-0.2024157253,-171476.674067,-0.1677198039,758913.625448,3.666487072,43612819.51
2026-09-10,0x58a722b5f37435cab8957a17fc575bb136e0b48b,478747.711399,-24455.634337,-0.288271587,-27383.871729,-0.3120184359,202236.548348,3.572453118,1522303.41
2026-09-10,0x8a437be94fa5edaa62ecb42e41b1232968f2de53,250350.282822,128912.981603,1.061560001,166424.487209,1.9829956451,170866.362822,2.1496972321,13921681.74
2026-09-10,0x615f9484c8f46ca4fd4d2c0291c42661043a3d87,724398.423936,-105784.680291,-0.2074491579,-13127.126234,-0.0196311994,555161.162107,3.2803719235,58059405.92
2026-09-10,0x5242739cf086d71d65b0c557d2531769156369ab,290916.849402,1360.323967,0.0160525197,77061.823592,0.3156727433,268762.903932,3.0240883375,1394214.89
2026-09-10,0x1bfaa967c21ddf88dc0da624f983cd7565e00c76,262784.459093,1549.659797,0.0059320573,115111.765751,0.7795061033,194569.824015,2.7321222903,2911375.57
2026-09-10,0x597568694fe6ee1b701ec8578bd57102c9a29abd,2534916.874379,-359485.729359,-0.3708209208,251089.942351,0.2846342715,2095008.106452,3.036645139,29626998.7
2026-09-10,0x146c7c66d5045344e1bf6731849622d2edd450d0,269562.821282,52282.301271,0.2406212033,12703.963011,0.049458925,202881.534735,3.042555794,45917392.97
2026-09-10,0xc46e57114835d392ce1aef7b3c884d953bffc761,757637.353855,-136280.579584,-0.4246824741,-103456.542816,-0.3591294599,583221.097633,3.3438459824,2452741.58
2026-09-10,0x1e7127c81c8a58661a0811f026b6be66533934be,278206.27539,-147701.86885,-0.4543706119,103424.583588,0.5917357964,204526.538729,2.7759112345,33705807.47
2026-09-10,0xcb5c89e9679fb5b09d1be72f3a9dd789d1e9f6c9,353861.804197,4531.459072,0.1150246727,23953.644525,1.1992800052,248499.158396,2.3585128914,1725184.1
2026-09-10,0xb64460b8f4a2f521b815a209f053d35fb1977d51,656445.137487,-44860.716375,-0.0639813365,-151822.743622,-0.1878726519,495019.647241,3.0665519212,4461211.29
2026-09-10,0xbd334a55db91617545e8d1b09941e036ad8e4200,6233115.211141,-663981.979304,-0.3876201408,-687361.641709,-0.1491861842,3503973.901113,3.0812229329,7645906.48
2026-09-10,0x91867345424fb158888ff9c5f1b1b2e7cd7d65d5,319566.565477,-27663.957061,-0.0796702918,-19456.655656,-0.103337218,201442.892111,2.9544558067,7418368.8
2026-09-10,0x6d092dd825d74303114eae27988bc5ce029b957d,862540.307864,-17108.0396,-0.0195251329,176371.411721,0.2583338807,715492.40255,2.7357893655,75297258.74
2026-09-10,0x0e1cdcd958d002d98528c973f1397b7784abce6d,641722.954046,-33689.952332,-0.0498805279,-87143.606153,-0.193304839,479083.547038,2.9456793766,8245647.57
2026-09-10,0x9137bd9347f07990a8ce22869f8b93d190479c5a,3462437.863134,89023.342328,0.0431267842,300979.878273,0.1624926672,2538723.968246,2.7483877663,98876374.51
2026-09-10,0xea0027b6ea9b6d7d401b5266979cc3b3ca87a918,18050834.437879,-2572625.297701,-0.2131266219,498600.587367,0.042487033,17053364.139958,2.8434258285,38222795.26
2026-09-10,0xb01d0612743a3401b16bef157bd69a909e3cd1dd,367747.989043,-12231.47183,-0.1242972954,-24532.569681,-0.2216009455,169641.918893,2.8743678914,42625296.98
2026-09-10,0x736850ee773ac6170fcaeda596514269b863ee56,330183.527115,-17918.938808,-0.0514760467,-17208.839656,-0.0495371842,387735.718387,2.7219302278,15667776.91
2026-09-10,0x341892ca9af16ff90c91bb4a119655dfffb0e5d3,831887.44644,137613.655724,0.2011778748,431831.379282,1.1077655725,609402.164252,2.0835310402,426817750.79
2026-09-10,0xe6e3355646051ff76174dd36f6e0fbe2b2cb67f7,259663.496907,-95183.32776,-0.2682377892,86527.611694,0.4997670563,241522.935882,2.4609897146,4872495.72
2026-09-10,0x734531e87f8c1643321355f7143fcc6169c4b404,2144719.147894,94981.229452,0.0463382311,-207515.096527,-0.0882204215,1564567.789883,2.6968269026,110847589.45
2026-09-10,0x64702807a1f0f9888ea22b858099d7f481227b55,2328231.348191,-403849.400646,-0.14781752,168430.618029,0.0779843324,1824347.754792,2.6379675596,53766695.8
2026-09-10,0x795cfd1b03eafc11c4ec958b8a94cfc9aa64a242,7046592.67396,-660802.115449,-0.2338080789,-711333.544149,-0.1837849368,5181433.230923,2.7780108828,86337337.07
2026-09-10,0x75ec3ba266176e733f1b1fdaa15052f5eff724b8,2820305.267311,-131391.268072,-0.2185180031,384852.666479,0.1580210045,2033969.94772,2.5866438652,80017469.09
2026-09-10,0x266b5569ed3017e74dd48059c6db804e016eefcb,1963625.81768,-332782.407899,-0.1449079974,162525.729451,0.2186430976,1883375.781676,2.5122317027,12321971.32
2026-09-10,0x4372812cde0110f75a110f8fed7f3a77d34dddc0,733098.678832,12183.667301,0.3865495308,32541.127628,0.6187194009,237000.97,2.1725030983,8350536.89
2026-09-10,0xd58c2f5be892836b38241ba554078928a78a2d11,259835.368859,-20238.790283,-0.1201480235,25423.417169,0.2066065959,107547.359445,2.4608899015,114229734.17
2026-09-10,0xb676a78f19227ffe9a97db93263fce675e547dbf,356453.65406,-14840.57802,-0.0569368657,115938.318639,0.3455529641,451310.786695,2.3534400739,182162848.61
2026-09-10,0x3b9e9c9f82eb1c321535fd2bc48d8db9e8e8c503,370267.982231,0.0,0.0,41098.177935,0.6544637456,348555.311142,2.1553988862,23718179.13
2026-09-10,0xa1be71b903206120fa2b2245e145a5d7be09d8f7,432443.647301,-119428.629924,-0.2114919946,137495.882706,0.439357293,315651.727301,2.2967354905,10713131.62
2026-09-10,0xe2823659be02e0f48a4660e4da008b5e1abfdf29,2265486.670304,-134406.552694,-0.1283442687,215995.964338,0.3099684768,6979628.726411,2.3297591072,37602641.57
2026-09-10,0x153c8444380512cabdc34f6cea09c322e14e319a,2457903.660111,-252324.856413,-0.1972111329,143800.278138,0.0764696745,1743024.446856,2.4382083218,11586540.93
2026-09-10,0xee16198171b3cf5c96af82e538d489f78935fb67,257099.358485,0.0,0.0,106644.04065,0.708808716,176286.296042,2.0653533177,18248474.91
2026-09-10,0xa2ce501d9c0c5e23d34272f84402cfb7835b3126,13922938.335024,-1651690.349637,-0.1829821482,-2691242.039662,-0.2673579687,13576189.12058,2.5391477858,44740245.96
2026-09-10,0x456f1049c0f2ec990091bbd3f30af62aca3fcdf1,1944955.801726,-310783.908202,-0.1377747206,346642.822574,0.2168804402,1346864.66875,2.2519388677,34281899.73
2026-09-10,0x613ead0ea5af374af0ccfc117ef116a8e8d133fe,542709.428556,-49554.92754,-0.3435507207,5936.09617,0.0212288359,423079.992483,2.3763844066,7291390.69
2026-09-10,0x1338a67b37aeaf796357d78501a0c3695c51c48e,1193553.43293,-259040.87282,-0.1783298143,688214.185797,1.3354212517,754553.837398,1.6804684899,8325361.54
2026-09-10,0xae9e202cdf7826ff7428e4f10835b754818920db,401566.507331,-65616.770525,-0.1404518818,19805.450404,0.0518791795,300800.167331,2.3002446787,1221519.46
2026-09-10,0x92b75a5bfb7be7911747276ad335b8f5da3ce0f4,7404625.299578,-153.587982,-2.07417e-05,-609.500134,-8.23067e-05,5154087.711875,2.290158467,87136862.64
2026-09-10,0x5371c4517b448006941ae335e5cafd54af573c11,1550995.598368,-83703.283496,-0.1255275893,76867.349168,0.0521442752,856008.529311,2.2736998524,5241917.92
2026-09-10,0x03ba951f72e59899ac8dab30cb5624dbe5d52bb8,478582.679429,-29723.538398,-0.0584756538,-35441.425923,-0.0544999956,428255.399429,2.2949881918,11128175.75
2026-09-10,0x76fe28b803eeba445c34afc2f914e6bcb71112fd,768367.641487,-74558.194598,-0.100248584,-385133.208338,-0.36432323,544734.986834,2.4347585187,144755341.75
2026-09-10,0xd74916aecd93ca55deb392dfad4c3ae43951ea49,1035581.341824,-180734.433149,-0.362399243,-174990.517069,-0.3549701762,736610.551259,2.4638211307,16566653.06
2026-09-10,0x5aa13316231716ea438eb243feabc296a9094b2b,1532788.309081,-304956.352123,-0.1659405458,-468242.314471,-0.234000574,1076663.819204,2.3604604513,35597115.04
2026-09-10,0x7b51c5d9366077e1b3c1cba383389752f486071b,438874.368974,-180495.664206,-0.2914181419,139159.010779,0.4643039036,347447.590145,2.0267988031,13354473.13
2026-09-10,0x005a09b498f2a28b54652a70d7812e63414161fe,590110.238615,19242.457727,0.0476802622,349264.696123,1.4506930638,347636.146208,1.4337042888,1652427.65
2026-09-10,0x422d82d5e532fccfadc6a72d8c6b64727892239e,1160591.32809,-191155.658824,-0.3155273365,242114.623085,0.4678061891,1113751.157455,1.9644899316,4249355.64
2026-09-10,0xe46aae69cf2607b68c03ecdf6d94e776287e73b0,336652.637313,-68342.20425,-0.2475229076,-63288.366014,-0.2334927016,443524.126518,2.2965233082,1345744.6
2026-09-10,0x5740affc8faf8913f9f2d5fbb9bdc6e8119ea9da,2253984.279783,-59531.480929,-0.1173436389,-82654.281076,-0.1121501195,771577.06389,2.1946654435,3760990.97
2026-09-10,0x8a3cf3c4b300be69429cce5beb2ef14d7200b6b7,2849989.302046,-501582.066605,-0.394820724,-605403.86374,-0.3709792643,2073950.305345,2.3017320149,2220884.38
2026-09-10,0x0f83a7bf2ea16c7d8c90e3aa4ca0c8e58a83c9ea,318833.442366,-48537.609808,-0.1321214873,2521.572279,0.0079717915,214884.245458,2.0671965246,10775073.46
2026-09-10,0xc98ed10256c47ba49317056ceb2918bb245a3f19,319320.319546,-85703.753454,-0.324513796,-48933.127696,-0.1326987754,218402.689583,2.151377463,1505558.94
2026-09-10,0xb7e0b9fbc9479330d70bcc82a7d4325a20e8d1aa,5250074.527027,216452.958101,0.1922080555,619191.425172,0.1228339187,4285327.142728,1.9366544748,276163828.85
2026-09-10,0x118c6cb819f6a585885241d582f992840fd73de5,584191.269037,-31701.595075,-0.3170152742,108706.446796,1.8222223859,365783.073021,1.1487866129,2445672.88
2026-09-10,0xb6161198798dc08e3ba5bc2756820848fc51173b,407438.17909,-46206.338856,-0.1018558299,45574.295529,0.1259432002,508635.219514,1.9560157677,52170801.51
2026-09-10,0x2c6f7831be3fe15cc7025672f27623a921553725,4240171.861587,-764496.201906,-0.1527566249,-305435.704995,-0.0671935931,2854346.405862,2.0596723737,11003707.82
2026-09-10,0x68f33dd18add8ad4830d78ae66faa98d58f2310e,460849.129038,-53635.493711,-0.6701327085,84146.383923,0.2233760837,306186.340772,1.9797027081,6892833.52
2026-09-10,0x0eba880f6be60142c70019d2dd46c49c47204eea,810677.024214,-152984.333069,-0.2550016591,389113.721771,1.6619072722,439480.1591,1.1839543929,46990184.83
2026-09-10,0x9e2cbb5d800181c1ef21b25010dc4ea80eeb5508,4033895.372004,152294.330031,0.0494691436,-24500.054887,-0.0073156335,3463540.831478,1.9568404618,954233396.49
2026-09-10,0x1e08253f267b5e985859b5cf469972326f191584,629203.963077,-33332.112998,-0.0815477107,-194699.294746,-0.341511276,429130.666991,2.1448672831,31145573.76
2026-09-10,0x9b864dde6ed1c21608b1665a0ac0faa4f7e36e6e,1963993.471339,-415290.319313,-0.1745442561,402413.368951,0.1834132278,1713442.264191,1.8975060699,12283212.86
2026-09-10,0xde8a6d588f8067e761bac811a102e0146c721e41,632969.97392,65442.745355,0.5649411176,223794.751436,0.7901033947,552442.719722,1.4517820762,9123655.28
2026-09-10,0x783ee3148b797b6174e8204f8f224e25b8836682,2117045.464997,-234599.032471,-0.196001529,-327578.734742,-0.2539558626,1432149.006457,2.0901320058,1492014.36
2026-09-10,0x5c42b895c1a7f42fe0f72ed2ba1fe442376fb61d,288563.096456,27711.72,0.1065761191,24009.405209,0.0910411324,187485.70613,1.8548728408,13052069.05
2026-09-10,0xf78c5d8d4b604a140d43a46209fade655536c581,3797963.464613,8739.298135,0.0023063555,-258292.698149,-0.06367761,2493547.49297,1.9116198722,15662475.4
2026-09-10,0x0ca4109c94438dde8d7386da27180f414de80fa8,399239.254095,33930.945256,0.1947750323,59393.797171,0.3117197787,250842.747297,1.6903547982,5999260.57
2026-09-10,0x9386b9538884d849943d77f1c5412de9e72b021f,980748.66636,-46297.186393,-0.080294791,29765.961749,0.0591905218,639973.851208,1.8503048594,66818561.35
2026-09-10,0xe92845ebfde7092cf5d6253eeb73dc1c3f48d902,284867.148372,-116230.800597,-0.3250590738,109669.557912,0.6259764054,175507.26446,1.6048596449,2428158.4
2026-09-10,0x1f1690074a8744e8d38cdca1ab2b75fafe5d6d07,1920698.449088,-54934.61477,-0.0723191553,-117947.317689,-0.1144973528,692279.627217,1.927670193,75344707.08
2026-09-10,0x71b117d68974aa4c5615669ae70e8e13ce7479c8,699006.397909,99198.084305,0.2325598665,-34530.068032,-0.0616303786,452542.678849,1.836143188,25348324.69
2026-09-10,0x3d643dabed5e1675ffc6a4608d095c11943ef551,885442.761507,1041.26,10.4126,-5301.29,-0.8358294377,317279.673101,0.5182918495,4907244.9
2026-09-10,0x470a5f416a0f380e228cb8f5439c91b0c98c81a6,1555255.911912,0.0,0.0,0.0,0.0,1070531.372188,1.8308296499,7652187.24
2026-09-10,0xeadc152ac1014ace57c6b353f89adf5faffe9d55,9157541.545578,-2302789.468966,-0.2417023713,-3053908.960631,-0.2856203106,7690090.064141,2.0121105781,35534771.78
2026-09-10,0x54fc13e72548503e13eea8b4cfdb4524be39d7d2,477663.323558,17576.804547,0.0773193675,79760.817558,0.465838542,313802.576163,1.5779936578,11730668.94
2026-09-10,0x6dc903ab5fe0d286cbef6c5042dd2684b7fd78d7,1130681.117187,-6122.967493,-0.0053861238,-46765.616077,-0.0397178189,731379.985992,1.8316501729,11506870.44
2026-09-10,0x9cd0a696c7cbb9d44de99268194cb08e5684e5fe,1193656.360692,120220.66796,0.1119961533,538733.223132,0.822590004,5218145.030559,1.377564488,1006836.52
2026-09-10,0x3c66b4d46004afaf5a8a1ab7399c1f5aff89eab6,1175281.013261,0.0,0.0,77095.29236,0.0702024174,750939.834781,1.7504678913,99166780.93
2026-09-10,0x66466428990e0f42a4c54f64bee0db6bf2336de5,9696464.61521,158125.80332,0.0157956177,-808563.203949,-0.1980164728,8060548.896725,1.8760175203,36901195.43
2026-09-10,0xec4a6f59960fb55a7fa49262e2628687b322cf62,7182324.366557,226369.938164,0.0462679941,-681100.352199,-0.086778556,4622554.825886,1.805848047,1231550505.2
2026-09-10,0x93ab7dbdeb996806454de19c35c8247f4b2511f8,9230267.499476,-474407.773839,-0.0488844563,-1459406.196673,-0.3469056676,4193768.334839,1.9510491885,55539966.2
2026-09-10,0xeb0f432beecf10dcc828fc1e36a3386caf634637,780143.828626,-392346.597232,-0.3288915739,289601.786895,0.3194705196,918629.398626,1.6569061531,61239299.28
2026-09-10,0x43753b1ae949c13ecc02529adee1c2658ab6f43c,635998.710758,7481.028156,0.0415321726,188013.434083,0.5854578228,377352.845122,1.4589556427,1042691.35
2026-09-10,0x04febde8d852931b73fd81c09904bb29d3a0e964,814258.451017,-59324.627636,-0.1474306264,94007.393479,0.3774516605,530038.52818,1.5858689945,4188506.44
2026-09-10,0x31fe86dadaf5fe01b3a411770338e09ef49553ba,358088.344191,-84427.851393,-0.3519256043,-13916.721142,-0.0725292643,310043.655086,1.8444242384,32507025.64
2026-09-10,0x186db447f4de2f258ec100aa194b6e9974a46482,1457278.682291,-572684.062039,-0.2821155529,-594615.001552,-0.2897884068,957269.082291,1.9145014062,136911904.95
2026-09-10,0x53969485d7422b35c7fe5a4025498f9b69268b79,1523321.708306,-584228.049419,-0.277207239,-1399088.964356,-0.4787448176,1217526.105585,2.0015368517,44159136.01
2026-09-10,0x15e9233b5b42d0b72b1c04a984c1498ee6bbd016,626891.454582,-22625.283024,-0.1662385002,230807.823916,1.6105142033,303099.371007,0.9360925927,45572226.4
2026-09-10,0xdd97539fe9a912166f037d81dcf35b3f0ce5c610,3196271.284061,0.0,0.0,662684.11909,0.2049377627,2425228.401838,1.6103330474,43540573.43
2026-09-10,0xd7b8209d95d4c05faaa505671211058d51529f55,2311298.029744,379509.55562,0.2689451129,562687.754852,0.3356093912,1515036.043484,1.4907927916,181790295.55
2026-09-10,0xec0b9ebf2a304c99cafe85c548c14dd7783cb078,13138671.543765,-172337.21499,-0.0522387658,-198423.891117,-0.0339408123,9662217.368835,1.7286080289,37709830.05
2026-09-10,0x9b220c39d91cabb77132d1e7a4f30c6501aa3aaa,365384.837928,0.0,0.0,70235.750694,0.2379670266,223639.015926,1.5777467919,15884143.52
2026-09-10,0x2e2b6070bec9be9f50887cfe306ac6ca93002fab,2382225.574565,-372818.608899,-0.2770004491,-616613.200786,-0.2945063037,2238492.007113,1.8742780942,3897138.64
2026-09-10,0xc786b3302e681745813f8011e816336bb5baeb75,506593.500683,-107067.885767,-0.2046527738,79548.719656,0.1864602673,322170.389535,1.605347852,55898755.01
2026-09-10,0x72a7837428320ec3c0c072b0c0fc192d6df0c83f,1013426.431804,0.0,0.0,55938.06,0.6165010906,577271.508298,1.3217286795,8904663.13
2026-09-10,0x73ce82fb75868af2a687e9889fcf058dd1cf8ce9,1325650.607871,-128144.814929,-0.088145012,-58674.02244,-0.0423845832,1126008.495443,1.661959011,3365015.41
2026-09-10,0x5b676c5b03f38557e6f21257732608d019cec66a,388562.444782,-87668.546208,-0.1938437045,132660.080236,0.4084354011,485484.1416,1.4530688233,42821190.96
2026-09-10,0xffb285456daa57d757b9c9020a6302afe5a95ed6,265316.280308,-69521.814953,-0.256816072,-2299.67594,-0.0085931944,165315.604113,1.6531448626,5670960.8
2026-09-10,0x396dc3e4d1051837bb559810d2b1ea7977775899,1661725.349486,-516716.060176,-0.1387773772,-150562.296009,-0.0448476966,1989799.601405,1.6352328102,1011803102.01
2026-09-10,0xdfaf7cd4ab0fc1d7f5ccf3216769f26bcd041a61,282252.610279,-23183.045388,-0.1287897818,-64789.603047,-0.2923282869,191376.641696,1.7401678218,2172611.32
2026-09-10,0x41c684cbde3e449cc67c70aacb6132e3eb25b06d,263076.736691,29876.51693,0.1085962571,21365.340063,0.0740239757,339124.072516,1.5114880518,41309269.46
2026-09-10,0x2ab3da753851e34ad23a4f155d1196ec8d09c9d4,1707439.292653,-84714.524901,-0.0522881387,-23652.59504,-0.0151708075,1291868.828349,1.5719638903,95483711.82
2026-09-10,0x05d95d21b9680b1ceab8fb1f1509fee72ca6d6a9,274929.30132,1072.347359,0.01907756,135447.0099,1.6766180483,161561.954468,0.7081318983,157324887.3
2026-09-10,0xab59fb979ae9042ae23bfbe5bd1eb89b7f5659b5,749730.100432,-67621.182412,-0.0956741873,19617.227878,0.0316637917,504074.135943,1.5478391091,34943460.42
2026-09-10,0x54a7240cea67b8c41b7c7f2b485360f37331aef4,267645.127322,-35562.202653,-0.2710489296,-8198.323386,-0.0673887111,240574.510264,1.6069979214,4756990.33
2026-09-10,0x4bdf1130109e9c1bc921d8979ea66284d9c92f37,280410.412172,-22495.205456,-0.1189659906,1043.570234,0.0063036329,171819.30524,1.5397222051,1531684.83
2026-09-10,0x32b1223d162056db0fb94ab244d1ef821421b95c,444283.223929,19820.088584,0.0461233022,106824.358835,0.2513550845,319558.44232,1.385947553,46708537.66
2026-09-10,0xcbbc60df1f1b062e5ce90715e1400a4acfe3985f,278185.60821,-87997.132101,-0.2221124828,-93790.255809,-0.2333231027,192437.681682,1.6625583495,8076814.58
2026-09-10,0x09d0dbed3ef5cb17eb60097b1baf31d9916a1a52,641294.840298,-72847.295317,-0.1020067178,153681.787363,0.3152433496,370061.962674,1.3643698578,1008712.11
2026-09-10,0xb34519875ef21a74a3a5025b40b96288d1717f20,521086.878857,-68572.472261,-0.2668563918,-126419.708187,-0.401573115,331125.034377,1.7431133883,3584070.92
2026-09-10,0x2e32935bfd5b2718f99bc8fdf8b37c16811f7d97,1190712.166142,-39892.660596,-0.1506532469,18156.630793,0.0679501427,939266.479837,1.486444978,28259427.53
2026-09-10,0x666073af75b8d2e6e9efea414db566494e61aafe,8147436.064561,-950607.70396,-0.1885741585,-1367178.788971,-0.2505091794,5071180.065329,1.6484909145,8930942.74
2026-09-10,0xc2d3a0c560b91a363c6954cba05cc1ac0e9c91e1,291781.80312,-31244.663567,-0.4204943155,4305.562434,0.0573889067,189799.446937,1.5173958401,3202256.36
2026-09-10,0xfd28ee5ea23a5542db41cccc9cda49bd370434f4,2325216.884497,-111574.005525,-0.2631913514,168737.313363,0.7600037816,1237443.772968,1.1375936396,6497024.0
2026-09-10,0xe1d39d2b30da977d470e0652239372b7ad4b7766,1283391.660974,-63284.397156,-0.0469930365,-52447.698677,-0.0392619803,769525.241851,1.4975200037,739215538.69
2026-09-10,0xe83b5e3644b50e802a25b34b38b91a061a0d3ca8,4130467.414168,-766060.14076,-0.1564464792,775400.625897,1.2177005747,1938054.728669,0.8839423103,58809027.9
2026-09-10,0x37e5ee046fb8e9a41e0bf35d2d37fd6f64fdff10,679609.194293,-109435.47053,-0.4010796266,-147871.192409,-0.1768201129,438035.486376,1.6201112518,2287905.15
2026-09-10,0xb7658d7c63b6c1fc7254fe9402a95d044db70dbc,1517314.801782,0.0,0.0,172628.676177,1.6300058405,600934.913269,0.6416886297,6608804.02
2026-09-10,0xa0b31efd7c2b988efb0fedad43144a621ee96839,1147621.353468,4558.7168,0.0683506334,60716.216502,0.0558096992,673434.155104,1.4171677725,26933978.0
2026-09-10,0x7583b5364597736a6a72c4ba61ede0a4a37ef4de,2762394.171484,0.0,0.0,35643.03452,0.0386580276,1628755.387756,1.4367498811,4911581.85
2026-09-10,0x25ddff2f25a73b8dc3711871f09525ebdc6253db,262266.188171,185839.026018,0.5303211053,215281.705021,0.8243519204,236047.194507,0.9522765369,36887434.28
2026-09-10,0xb2662fca65f6446b8b1898340118d44d680a4449,1308993.980117,-352496.065642,-0.2792351686,-45107.641395,-0.0472344039,789887.110839,1.5216271592,6598423.56
2026-09-10,0xe6e0e0dd371e4f9bd5218ab4bc0634d59705ae71,2723152.754203,-240426.252353,-0.1312330428,-521646.176482,-0.2395254058,1673522.52854,1.5862191284,87194910.57
2026-09-10,0xf220c9b7b4c0e5e785ebe4b40b17576ce24473e0,1400033.212938,112505.383893,0.0970818171,558767.374034,0.6269368166,915907.45578,1.1113631117,119072194.3
2026-09-10,0xdbe0780a5c5a0e3b345101bbc01ac2218196d6d5,5158452.913871,-276822.988885,-0.0695670467,414372.337566,0.0956169258,3457908.028977,1.3968270323,2024717.57
2026-09-10,0xedeaa967b0100a4df613533df634ffe6cb5fd773,523586.136392,-51616.498098,-0.2333822681,136181.703742,1.094790707,305635.979263,0.9170169515,58838335.7
2026-09-10,0x42fd5648cf21c158d15e4f58785760755b3f6623,2772990.832671,-125295.244076,-0.1397167996,-134671.913186,-0.1469050477,656120.5420969999,1.5048389375,85755305.21
2026-09-10,0xb70c32dc4a02dd77086248e5b3e6c47f764cac90,459033.827,76.86476,0.0054962915,18345.197287,0.0416284788,265813.147446,1.3756971979,7492358.48
2026-09-10,0xbb34960afec64f3f1cc78b0c9c342c4657021696,3694298.693989,-55623.745871,-0.0294170455,-340069.017288,-0.1563310644,3187938.503534,1.4748082989,46936053.04
2026-09-10,0x7688b399c3237d098be4688d222d586ab5236451,263470.571985,23786.320088,0.2487553408,4846.743175,0.0353728976,283679.571458,1.3202456437,10302862.4
2026-09-10,0xb129b85aa1c14779001f60a9624b3bcb4d5fa587,286127.407979,-22428.427817,-0.0504413435,-87109.830677,-0.1343098667,458497.63473,1.4418792002,1847572.02
2026-09-10,0x2f33cf0e0a4d65b19c2f97c186832d33c0090824,318885.059836,-8172.873078,-0.0249890685,204335.162478,0.8376965398,323608.12608,0.9447862202,34575241.42
2026-09-10,0xd5d29dbf880eea93d4ed2ccb79c642bde0a48480,561438.334802,-62098.421351,-0.0995906348,-96434.395379,-0.1465851843,331727.944585,1.4441138003,15670569.98
2026-09-10,0x05b5a0ae689c17cad8155932782a5c29426abe75,3430867.5402959995,-46394.516972,-0.0615910278,-198814.188695,-0.2020079402,2031817.218621,1.4460814586,60772792.22
2026-09-10,0x9dcde9fd7566fe92fc7419cf1c1441c73badc0e9,278252.761052,750.45,7.5045,-6272.38,-0.1225704307,35117.856489,0.1414549483,15952666.21
2026-09-10,0x724b4d225c3df786dff7a4d362dd8710c7cd3a95,481827.716209,-3033.674707,-0.0800201385,7856.379084,0.0557117713,274590.14244,1.3150403225,7941306.19
2026-09-10,0xfe7e0a8b33061f13fa1f72774b164667c3b911b4,697770.575112,-3270.35398,-0.0267865319,103561.467079,0.1742845503,385642.739227,1.2355281871,4105839.08
2026-09-10,0x17f0361771a9042d816cd007c731be15f05b094f,428234.279641,-69929.672731,-0.1804619332,-70258.312042,-0.1400877925,251749.770783,1.4023299162,20740818.87
2026-09-10,0xc619b01f1a4f894c5e83338c42f98dcb82b710f5,4515678.176955,-56016.009204,-0.0296478489,-340720.480621,-0.1567191687,3343781.14569,1.3803177508,47822053.88
2026-09-10,0x30afce2f6842bf183c7e3fe7162e279ff0b6393e,6703001.052029,-406604.233986,-0.0644756765,3189245.024568,1.1766388917,2465967.601111,0.7181562666,181023708.6
2026-09-10,0x0e41eb80e9a39ae7b887a94f6a88f6c791e26359,7341191.377017,30006.730973,0.2924202409,78762.001167,1.2675542703,2779373.6924110004,0.6092555554,2358267.58
2026-09-10,0x152e41f0b83e6cad4b5dc730c1d6279b7d67c9dc,19830630.203559,-1507894.748312,-0.0706653694,-2045865.386793,-0.093518881,11385909.113144,1.3482871715,219048397.02
2026-09-10,0x2e2e76c5e1d91a78ec41672da4640620d88a1c50,435514.901148,-1108.96162,-0.0057676334,20444.092887,0.0998559619,240833.838195,1.2370686421,46489465.75
2026-09-10,0x1c814c8068ddd68bcc79bd9d28a1698ba099072d,415616.943229,-16694.236913,-0.0386162507,2303.769916,0.0054612714,280088.839064,1.2882227402,5497937.42
2026-09-10,0xb28bdcb4c7db9370b73f6dbd57671416a0a57dd6,531129.0969769999,-81957.665023,-0.2441550689,70156.714113,0.1731110014,414919.205955,1.2337406948,48792992.12
2026-09-10,0x75d2ba3da5a598ea48d499bc172fb6b4713229a3,2123217.387652,-42772.956648,-0.5172121533,73395.633504,0.7558523536,1055171.699418,0.9878537273,1365105.22
2026-09-10,0xb40da15b8cc492fff87d9b1e06bb45769d7e75d9,1285381.790736,-259619.57052,-0.2135307666,-122226.333936,-0.1104258971,769593.623945,1.3540573413,38339090.2
2026-09-10,0x57f2819c959abbcf22623d5ec1d3164b213e9711,1150718.418733,11715.558622,0.0322119362,166505.526609,0.6391150672,555786.967211,0.9342033705,83595280.71
2026-09-10,0xe6a90b07af76c504c1dba4cc45a12c4dc6b1ea68,302682.277692,-19619.851607,-0.1896626976,27002.820466,0.1818474734,186146.227543,1.1918236447,2808134.29
2026-09-10,0x54dbc1fbf6b1cd59807db61109b1d9eb91fd1a04,3560677.79183,-175300.874377,-0.0655365607,-203287.21034,-0.0753204265,1578364.721833,1.2973509505,55872249.96
2026-09-10,0x47818abc02d61af1e586d3ceb035591aeae4548f,528048.579445,-20680.360139,-0.0376877519,-142888.93667,-0.2129690668,303625.302772,1.3529135982,5325091.11
2026-09-10,0x40857f8196d95d605f5580ca26211dd005bcabab,292418.783227,-1125.220656,-0.4255251377,240235.925006,0.4235218359,422248.499357,1.0961193398,8779465.78
2026-09-10,0x98e8118481aa01872142a7c447dbccd0528df831,292755.736723,20040.312623,0.0734843388,255392.411967,1.1232788412,197907.948626,0.6600280425,39086157.97
2026-09-10,0x866d4903b256ce7e7caac46a91e83128bb0fd6e1,3133065.682561,-211607.335517,-0.13271573,49940.963426,0.0161981652,1778121.615618,1.2471139366,10850670.49
2026-09-10,0x81d3ffbfd90252f5260c942c3e4930bef1155a10,276106.617351,0.0,0.0,-4413.541273,-0.0278116803,164264.677845,1.2459212786,6182520.88
2026-09-10,0x2ab7c8c121bba1b6b744664237ae00ded55ec2f8,1060107.949421,-164283.574917,-0.1341756878,286760.104821,0.3488381425,568758.363765,1.0746759539,7251510.23
2026-09-10,0x843f31e5cd9a6572d235a05cb78ec5ac2ffcc24f,698986.551927,-149916.771985,-0.1766005242,-162610.323433,-0.1887313291,477176.202632,1.3482968316,66043789.09
2026-09-10,0x9c6a5b4662c722d2c47f43d6c9813cb080ffa4ed,18992920.962413,-1362743.606462,-0.0669466527,-2814237.407903,-0.1290510831,10708539.336347,1.2926178223,44409932.83
2026-09-10,0xaeaab54bbf65bfd6efed7d2eb68372298e3c2416,3772634.124651,-782051.077077,-0.3234341859,1412946.01235,0.5917632228,1947445.280676,0.9603312797,259243287.31
2026-09-10,0xde5a8068836a16f92813104d7faf602bb0cbdf62,878803.598954,-111015.145519,-0.2395977302,-96554.057367,-0.2151005868,513471.474499,1.3429914874,4139590.16
2026-09-10,0x9bf9d46627c21fe2a35df37b1f0c417fa2088b13,1037706.475992,-132167.284286,-0.1129756806,230535.197868,0.2856087724,535342.652541,1.0656473009,2028341.99
2026-09-10,0x4b85bf981916936249a62b7e77f30e567997a395,394472.311248,-149575.052256,-0.3131268991,106075.625983,0.3673020897,246396.323008,1.0520609039,7299759.85
2026-09-10,0xa685e0303482ece79b16dc5c1a52bd9dae623dfa,268758.116332,-21208.031133,-0.193646553,47118.188012,0.3828371496,146582.44228,1.0169604943,5072220.86
2026-09-10,0x04a97ae7f350a22cd0cdb6b1875e8905b76495aa,422476.355615,-10300.295253,-0.0238004875,-20113.817771,-0.0454456944,230524.185743,1.2009459747,5321043.37
2026-09-10,0xfd6a531508649697c6e133adcb82efcd0c737737,2969205.529936,-275420.582959,-0.0848851527,138240.313932,0.0488315127,1597079.768844,1.1639456194,7027255.93
2026-09-10,0xc3b1951ceffdcaf25640cb37ce1d6cf125579a03,722226.892953,4569.213495,0.0063668426,-59491.727414,-0.0761037615,395153.255924,1.2081476805,175353258.54
2026-09-10,0xb37f083bad343a76361cd8f39afe7ecd6a0a66ca,5555613.925304,-950364.123875,-0.2285784988,1791273.224192,0.4758531085,2735508.413604,0.9700021514,183694560.24
2026-09-10,0x48d603762adf3aa0be6f8c05f621451070a3487c,452876.737332,0.0,0.0,-12442.345129,-0.1330544327,112861.235898,1.229659049,2617804.4
2026-09-10,0x4adaccf56fc0ece6893e9b7574e34ed241557caf,323087.300799,-10525.247446,-0.0315493152,29134.009475,0.0872369,192033.933407,1.1225828987,11254538.88
2026-09-10,0x59629e23c52a0d7c092436870ef2db1dc382ddf8,2645956.142725,-155418.200867,-0.3884506985,254546.228605,0.1064419057,1738322.991618,1.1645033462,61192302.71
2026-09-10,0xc9897ef69bfbe91ae352794c6ae5eff0f35acd50,316207.659809,-34396.738826,-0.0981069803,65374.614658,0.2606299924,160976.424245,1.0370105196,2248366.96
2026-09-11,0xf4f7cebbd2c7b6dee34ab29fa55a116eff25239f,4063253.505311,59864.631611,0.014953489,37750.31,377.5031,2834402.728365,0.9705462046,1104588.29
2026-09-11,0x634fe24f2f7396f5d967ec3936df04f49a3e6951,3412852.907583,574299.631039,0.2023713376,1207655.78545,0.5478152884,3333799.300967,41.1691537832,138309624.53
2026-09-11,0xe21be5bb37a3af716174cdc5d095ab224b3ef9de,404660.602695,5071.06,50.7106,5071.06,50.7106,52071.856044,0.139756846,4068019.6
2026-09-11,0x020ca66c30bec2c4fe3861a94e4db4a498a35872,6900805.803274,1889910.431249,0.3771602677,-94589.852804,-0.0135217313,6648359.418518,26.3357283763,3239292480.18
2026-09-11,0xbf732ea04197942783e34730ed6e0f6099575d58,2800998.37868,459281.804159,0.1961220476,3489497.103103,1.0410151389,6693150.016571,22.9547898571,358131128.96
2026-09-11,0x991e044d97b946fe549e92ac9bfa5119592a0e54,817246.589956,57503.8739,0.075688615,95185.67647,0.1318249952,789398.408285,14.937096856,4418893.34
2026-09-11,0x4cae5bed586f6e73ae54ebd40a4ac4ed2c477c34,1886471.72062,-179179.050116,-0.1293356725,-140544.222485,-0.1043584402,1748607.671352,10.6094843724,11330454.56
2026-09-11,0xc6a7757dfed3b596a5b5865d1dd92dff7f12d9ec,255047.595997,32204.777923,0.1445179082,20266.005572,0.0863185463,230009.591132,9.1498745572,19564547.08
2026-09-11,0xa516541e599129095d14f7faf8b11ae670c837b0,2086734.674697,121740.644384,0.1158943886,496514.723265,0.2904817945,2051919.777464,8.738456553,50595182.03
2026-09-11,0x5ad79acbe4a9961ca921e5f28687119913e3e9ba,727896.685072,72039.856014,0.1098408263,300595.805475,0.7034737714,648061.315538,8.1173492213,11939125.28
2026-09-11,0xfd2f37d266d4e7c04e9e33421f2513bf49d32d11,339632.474024,125519.606148,0.5862310257,241599.550422,2.4644735824,290817.644024,5.9575674856,180948956.32
2026-09-11,0x3e470a0bf8460c3a8320327cf5db7deed3a3aaf6,708783.046994,48809.909984,0.1621995909,43282.814504,0.0650380156,615759.095689,6.6193607888,12334014.51
2026-09-11,0x20438cfdd36d75e185d6601697eb1973f4aee79d,272399.497335,13507.274879,0.0521733513,56248.835066,0.2195927763,278994.313411,6.4276726462,6462594.01
2026-09-11,0x9df6bda43fd897bf1be8b87841f6e6f89c9f5490,843051.719739,0.0,0.0,44649.080391,0.055923012,728563.791332,6.3636734586,74743434.16
2026-09-11,0x7e1ad5e2bbe30d6d202e7c41036ea0a07c560be9,2350662.769928,-87174.78271,-0.0357590614,-757373.362962,-0.2436796731,2329130.165775,5.5867769089,304760673.88
2026-09-11,0xbb1ac608e3bf90b73fa782007878205644c890a7,551600.368671,-67872.93752,-0.1095682543,-347366.064015,-0.3864126014,543333.867691,5.4519697815,9433111.57
2026-09-11,0xdd7a372377fc633f74ab6e20963803d52f448830,3595484.804634,119338.62399,0.0343307266,9210.163568,0.0025681702,2987264.409297,4.911483456,41028968.88
2026-09-11,0x558afca8d68f6a7335837b06ce218a234978225b,340652.160699,21912.145524,0.1050861098,-15927.521909,-0.0646525236,429162.44649,4.7447361269,2825030.04
2026-09-11,0x5b5f798b94f54d33ba316c8b1c837e930c90c052,557567.454485,120065.107143,0.2815247505,653560.536041,1.8659668088,835328.121566,3.4933497331,91538439.96
2026-09-11,0x53f81d22b16ff1718ab8ee52bff0592685325f92,416472.662047,-15024.054187,-0.052386216,-50847.931031,-0.1576103788,335956.217647,4.1725168088,42744661.04
2026-09-11,0xb5b3f3caf9d778b1293e5cd29f32e84b04c67a08,3492107.054552,-269769.089893,-0.1031261003,-727325.429223,-0.2236992984,6015269.599343,4.1965079901,149033444.71
2026-09-11,0xb64460b8f4a2f521b815a209f053d35fb1977d51,708813.732517,48486.862946,0.0734453317,-4856.134612,-0.0068058916,564317.254233,3.9054048994,4461211.29
2026-09-11,0x5ccaf678b74464fac20f6cae8cbaa9b402010c45,870123.27714,11239.907139,0.0175502792,225693.200307,0.5298123273,682758.247785,3.6440004313,2211517.33
2026-09-11,0x58a722b5f37435cab8957a17fc575bb136e0b48b,477880.082762,-1533.820426,-0.023088119,-24943.596848,-0.277635094,206845.669374,4.0150430674,1692737.57
2026-09-11,0x40f20b734d7d25ba0b6219e921382fa992a56a9e,4744298.773882,17102.11022,0.0036177358,1592871.408862,0.849736597,3918647.962637,3.3241512112,1062224609.79
2026-09-11,0x1e7127c81c8a58661a0811f026b6be66533934be,305679.626266,40667.604524,0.1659638537,136626.322284,0.8081880022,233644.684316,3.2435204906,34031537.09
2026-09-11,0xbd334a55db91617545e8d1b09941e036ad8e4200,6332758.183784,80740.52483,0.0756074404,-491128.325675,-0.1088778901,3712832.937671,3.6117534418,7645906.48
2026-09-11,0x5242739cf086d71d65b0c557d2531769156369ab,289591.369918,-6422.934193,-0.0216980535,65707.999915,0.2637311223,274009.418871,3.3293153934,1394187.27
2026-09-11,0xc46e57114835d392ce1aef7b3c884d953bffc761,746951.8719,-15549.055675,-0.0203921794,-134665.344422,-0.4364370342,587065.57763,3.6717692427,2370354.53
2026-09-11,0x6d092dd825d74303114eae27988bc5ce029b957d,936669.803197,57021.437677,0.1524615969,235676.801521,0.6477745901,789621.897883,3.019234283,76308308.06
2026-09-11,0x728aad5445e7a1727b67b5b30aa153f5851ae274,262378.308306,1913.84,19.1384,5305.36,0.0805706781,10750.64,0.1123257122,22238088.92
2026-09-11,0x0e1cdcd958d002d98528c973f1397b7784abce6d,712391.107703,70380.492767,0.1854960743,69581.985388,0.1830063662,542580.075133,3.1951991983,7255604.86
2026-09-11,0x85e14c3f5f5151f7d8acac2d001ef050fab63de4,289415.045478,-11509.5772,-0.0382473649,-11509.5772,-0.0382473649,417212.116138,3.293981404,220150661.18
2026-09-11,0xea0027b6ea9b6d7d401b5266979cc3b3ca87a918,19218035.273137,835171.951074,0.0849590707,935479.167977,0.0750443373,18446086.994544,3.1958159781,38222795.26
2026-09-11,0xe6e3355646051ff76174dd36f6e0fbe2b2cb67f7,281609.29178,18181.654886,0.0690195421,45020.533211,0.1902902466,270587.673794,2.9727843786,7119192.08
2026-09-11,0x4860d039cbc7cffb0267f86e63f4b4442b71505e,1487914.280043,-5934.544803,-0.0268518745,34874.68406,0.1570676097,237109.648335,2.9919427025,5890019.78
2026-09-11,0x15b325660a1c4a9582a7d834c31119c0cb9e3a42,8009042.838555,-242800.311284,-0.0557958908,-2179660.750695,-0.3140641536,6115689.605258,3.2300837993,14338615.45
2026-09-11,0x953c5152e2f8b5ed9d92976cad478a837749182a,282289.882445,-96692.442787,-0.3801068859,156900.671913,1.2513091936,200816.829079,2.4648251266,17313785.71
2026-09-11,0x91867345424fb158888ff9c5f1b1b2e7cd7d65d5,318225.279339,-4912.84171,-0.0152035349,-14813.693216,-0.0812817221,199470.311407,2.9006957567,7230515.12
2026-09-11,0xc30b98af41c61b9aaafb304b49f04c0f9bdc2185,289630.085983,-104954.811058,-0.2659879074,163350.33498,1.2935592103,199718.013318,2.2212591413,14558773.44
2026-09-11,0x597568694fe6ee1b701ec8578bd57102c9a29abd,2447614.342051,-58333.396081,-0.0482979292,-224083.757199,-0.1631440757,2007785.804286,2.9105577609,30291950.43
2026-09-11,0x0c44471cc8516125ead11e09446302ae20540ed4,554200.186015,-25798.294199,-0.0422923909,-127768.194967,-0.1782061781,709733.600073,2.9034598949,60398924.25
2026-09-11,0x6741bc2e53e9816213f4e785fad8b971048adba1,289511.369152,-130182.61692,-0.3101846136,159785.289532,1.2317129293,200209.93817,2.2419566626,10778500.12
2026-09-11,0xcb5c89e9679fb5b09d1be72f3a9dd789d1e9f6c9,353993.594412,186.21209,0.0042443846,13963.366288,0.4639697653,254874.819579,2.571408091,1725184.1
2026-09-11,0xd74916aecd93ca55deb392dfad4c3ae43951ea49,1048503.727679,10666.312139,0.0102774404,-122800.371463,-0.2229291609,779926.769615,2.9039228653,17783612.25
2026-09-11,0x266b5569ed3017e74dd48059c6db804e016eefcb,1981662.693588,29796.140256,0.0152646777,87574.604587,0.105738986,1938507.787678,2.7203796492,12086597.6
2026-09-11,0xa2ce501d9c0c5e23d34272f84402cfb7835b3126,14428403.735892,384062.029688,0.0273463889,-1239101.950359,-0.1360733109,14363645.698268,2.8359978079,44740245.96
2026-09-11,0x64702807a1f0f9888ea22b858099d7f481227b55,2310044.780198,73839.386389,0.0316065473,-61701.071803,-0.0249625469,1909132.231366,2.7724748227,55589503.09
2026-09-11,0x230963164d9637a4c536270a06b4e3636d44a2d9,1708171.708247,53366.75632,0.1609491614,264296.619282,0.3863390994,1225001.568177,2.5353420391,1286511.63
2026-09-11,0xb676a78f19227ffe9a97db93263fce675e547dbf,345905.396196,-9249.911489,-0.0268359419,38035.360587,0.0944109942,453127.864901,2.6766292656,186655545.14
2026-09-11,0x795cfd1b03eafc11c4ec958b8a94cfc9aa64a242,7018531.189851,-73554.032891,-0.0332677854,-1122956.356337,-0.263973599,5191611.763885,2.8417300129,86337337.07
2026-09-11,0x456f1049c0f2ec990091bbd3f30af62aca3fcdf1,2034903.655563,89947.139142,0.0462463497,282723.306887,0.1613551408,1471828.548667,2.6139115913,34892469.82
2026-09-11,0x9bd30e1bf7c4fe28180b01f33f07c7b277fb7026,304323.910589,-116956.410839,-0.4464979288,166806.243674,1.2129804658,207929.919497,2.15708383,10231791.95
2026-09-11,0x7ca519838f6d8dbbd8488b63f5f2cc461b89028c,306141.989268,-329196.554816,-0.5181435282,-869368.595941,-0.739566795,255142.916376,3.1115341598,225548336.88
2026-09-11,0x75ec3ba266176e733f1b1fdaa15052f5eff724b8,2791925.299057,-60496.100241,-0.0212086826,356472.698225,0.1463681527,2005589.979466,2.5505524417,83472365.2
2026-09-11,0xdc5289909be4f3ce2604806bdd1448fd307f19f5,255526.465976,9530.292262,0.129935055,46557.48426,1.1543659488,184356.408318,2.0160265312,19426723.96
2026-09-11,0x3b9e9c9f82eb1c321535fd2bc48d8db9e8e8c503,370267.982231,0.0,0.0,37732.114525,0.5702921099,354270.534432,2.2710021185,23718179.13
2026-09-11,0xa2710511e1dac83973de2b394f669183a175a3f7,827659.50164,-5739.566635,-0.0068861104,-121622.151521,-0.1350060196,742835.351423,2.6071245408,1068922.35
2026-09-11,0xae9e202cdf7826ff7428e4f10835b754818920db,425843.058889,16691.866558,0.0407963288,27118.865525,0.0680140959,325076.718889,2.4858895506,1333396.71
2026-09-11,0xb01d0612743a3401b16bef157bd69a909e3cd1dd,360600.251415,-8123.688733,-0.0220313,-29127.763828,-0.2698573354,160904.475086,2.6643042348,43013744.33
2026-09-11,0xd58c2f5be892836b38241ba554078928a78a2d11,250442.198049,-7419.63,-0.0579141258,27782.192818,0.2502116997,100031.55,2.3916477009,131239861.41
2026-09-11,0x341892ca9af16ff90c91bb4a119655dfffb0e5d3,463245.420102,151574.261312,0.185320414,314746.647579,0.480726395,719490.90124,2.2246612335,461851680.34
2026-09-11,0x1f1690074a8744e8d38cdca1ab2b75fafe5d6d07,2024353.951405,86633.352723,0.1199446772,85479.29231,0.091820732,818678.779116,2.4295991894,72768159.87
2026-09-11,0x613ead0ea5af374af0ccfc117ef116a8e8d133fe,564262.851957,18914.476775,0.1541827135,18299.683093,0.0633603671,438206.62842,2.3755935575,7291390.69
2026-09-11,0x4372812cde0110f75a110f8fed7f3a77d34dddc0,729537.453568,0.0,0.0,28927.262285,0.5146449914,237000.97,2.1725030983,8670536.89
2026-09-11,0x92b75a5bfb7be7911747276ad335b8f5da3ce0f4,7404652.648604,9.599386,7.5987e-06,-357.749738,-4.83118e-05,5243671.789433,2.4265239404,85234086.2
2026-09-11,0xa1be71b903206120fa2b2245e145a5d7be09d8f7,433396.685388,4645.196034,0.0105153957,58134.614759,0.1481741381,315682.515388,2.2969595098,12492068.97
2026-09-11,0x153c8444380512cabdc34f6cea09c322e14e319a,2326457.411688,-167218.415302,-0.0920480962,138707.638576,0.0790744256,1630268.765117,2.3417054747,11586540.93
2026-09-11,0x5aa13316231716ea438eb243feabc296a9094b2b,1496072.490177,-60375.390815,-0.0387904995,-269659.712004,-0.152718352,1059991.370572,2.4307206226,35784878.81
2026-09-11,0xe46aae69cf2607b68c03ecdf6d94e776287e73b0,339683.121702,-350.46565,-0.0016598473,-42581.218531,-0.1680567378,452505.375439,2.4175169563,1345744.6
2026-09-11,0x0f83a7bf2ea16c7d8c90e3aa4ca0c8e58a83c9ea,329069.680453,8452.060832,0.0263618102,7785.093491,0.0242311452,229671.057943,2.3105967458,10985334.16
2026-09-11,0x03ba951f72e59899ac8dab30cb5624dbe5d52bb8,477386.428165,-5470.965697,-0.0113303964,10194.027796,0.0168923595,427059.148165,2.288577572,11128175.75
2026-09-11,0x9e2cbb5d800181c1ef21b25010dc4ea80eeb5508,3860816.29584,336600.313721,0.1040005431,340567.407029,0.1023896221,3834922.051588,2.2224918359,1116728750.04
2026-09-11,0xe2823659be02e0f48a4660e4da008b5e1abfdf29,2291895.296932,34365.949672,0.0652460719,178067.001229,0.2288184986,6840165.294079,2.1634244511,39217022.20999999
2026-09-11,0x1bfaa967c21ddf88dc0da624f983cd7565e00c76,263350.129642,565.670539,0.0370479496,30702.209249,0.1319685523,183429.993802,2.2121017994,2911375.57
2026-09-11,0x68f33dd18add8ad4830d78ae66faa98d58f2310e,478065.50293,6794.990854,0.0144184511,65646.358781,0.1591738883,328208.128867,2.1901366611,7038497.89
2026-09-11,0x8a3cf3c4b300be69429cce5beb2ef14d7200b6b7,2811089.488717,-71620.49654,-0.089327738,-544733.50825,-0.427280437,2096502.420426,2.4970637348,2220884.38
2026-09-11,0x2c6f7831be3fe15cc7025672f27623a921553725,4373479.679881,120022.476365,0.048990076,-356474.28665,-0.0753652761,3044177.719088,2.290057345,11003707.82
2026-09-11,0xb48e45c76e7442d9944790085399e26b7d89b1ed,436428.815707,320578.381614,2.7671746258,298047.816424,2.1538203797,179182.586929,0.6965411613,526188211.6
2026-09-11,0xb7e0b9fbc9479330d70bcc82a7d4325a20e8d1aa,5474201.971109,223747.00007,0.0426147832,745580.522727,0.1450934906,4584417.084303,2.1444707048,284322742.1
2026-09-11,0x5740affc8faf8913f9f2d5fbb9bdc6e8119ea9da,2233259.715037,-25841.789155,-0.0114389677,-54020.15955,-0.0785575296,760176.828567,2.2210649054,3568621.59
2026-09-11,0x47818abc02d61af1e586d3ceb035591aeae4548f,671207.587024,132159.007579,0.2571980529,128733.13278,0.248871597,447854.626922,2.0051430109,5325091.11
2026-09-11,0xf78c5d8d4b604a140d43a46209fade655536c581,4105374.115704,307410.651091,0.2196562209,305935.672139,0.0805212867,2779016.95814,2.0952252131,15662475.4
2026-09-11,0x736850ee773ac6170fcaeda596514269b863ee56,398482.898069,61878.591646,0.2017010567,77223.458263,0.2403772425,399168.48093,2.0026974665,15617776.56
2026-09-11,0xee16198171b3cf5c96af82e538d489f78935fb67,257099.357725,0.0,0.0,29690.80092,0.130561494,176286.562574,2.0653629081,18248474.91
2026-09-11,0x1e08253f267b5e985859b5cf469972326f191584,627967.659835,-1925.640426,-0.0051200098,-107835.677396,-0.2237203833,433954.705425,2.2367305665,29828386.74
2026-09-11,0x66466428990e0f42a4c54f64bee0db6bf2336de5,10266376.027596,534598.190551,0.0549332506,424023.388644,0.0411084399,8672815.179684,2.0386128181,36901195.43
2026-09-11,0xe77cdee1aa1affa10231654fe438b63ab0ab15db,726451.324883,401452.124883,1.2352403479,401452.124883,1.2352403479,401452.124883,1.2352403479,42233120.1
2026-09-11,0xeb0f432beecf10dcc828fc1e36a3386caf634637,909822.555092,81959.214389,0.0990008983,274295.947617,0.2823349824,1048308.125092,1.8908040451,61239299.28
2026-09-11,0x9b864dde6ed1c21608b1665a0ac0faa4f7e36e6e,2038084.991129,15546.884378,0.0102677094,222949.897264,0.126243221,1787533.798535,1.9795568012,12550758.7
2026-09-11,0x3c66b4d46004afaf5a8a1ab7399c1f5aff89eab6,1203233.741584,27952.728505,0.023783868,104879.456726,0.0954878204,803632.759146,1.9879422077,98626352.25
2026-09-11,0xb6161198798dc08e3ba5bc2756820848fc51173b,419146.151066,6736.898732,0.0163354694,48912.331625,0.1321120034,507262.960628,1.9369566032,51655598.32
2026-09-11,0x734531e87f8c1643321355f7143fcc6169c4b404,1775527.609092,-362851.054152,-0.1696851266,-628203.002097,-0.2613450106,1212848.854163,2.1554907548,119142320.63
2026-09-11,0x2e2b6070bec9be9f50887cfe306ac6ca93002fab,2526988.376126,142813.101221,0.146462883,-211646.172945,-0.1154297263,2390709.066744,2.0143007548,3897138.64
2026-09-11,0x6dc903ab5fe0d286cbef6c5042dd2684b7fd78d7,1167053.890949,34699.733133,0.0306438872,-28674.707672,-0.0239809499,767723.148174,1.922524529,14125394.99
2026-09-11,0x93ab7dbdeb996806454de19c35c8247f4b2511f8,9211335.503913,-86584.065561,-0.0093121977,-944103.086161,-0.2570603729,4246101.809541,2.0431352699,55539966.2
2026-09-11,0x5c42b895c1a7f42fe0f72ed2ba1fe442376fb61d,288542.804959,-4589.877243,-0.0157015668,27711.72,0.1065761191,187465.414633,1.8546720887,13052069.05
2026-09-11,0x1338a67b37aeaf796357d78501a0c3695c51c48e,1314041.455782,76880.842852,0.0621429765,304683.867129,0.301859193,834656.326518,1.7410976594,8361924.2
2026-09-11,0x41c684cbde3e449cc67c70aacb6132e3eb25b06d,346678.55373,28579.189048,0.0921653809,57784.238142,0.2057250579,375946.084272,1.779944105,40671684.18
2026-09-11,0xec0b9ebf2a304c99cafe85c548c14dd7783cb078,13458416.833856,278287.309333,0.0211141559,597048.068781,0.0409652304,10122758.439365,1.857796473,37709830.05
2026-09-11,0x98e8118481aa01872142a7c447dbccd0528df831,413578.390528,126461.423023,0.4404526285,358418.598971,1.4619795387,318719.921586,1.0629011837,40137209.67
2026-09-11,0x54fc13e72548503e13eea8b4cfdb4524be39d7d2,480430.225904,5887.097094,0.0313616418,64423.06202,0.340236209,323624.559621,1.6872435452,13252518.72
2026-09-11,0x422d82d5e532fccfadc6a72d8c6b64727892239e,1131623.800822,-41880.304437,-0.0644730625,-14044.540257,-0.0196679654,1076256.323665,1.8702248262,4122217.27
2026-09-11,0xb2662fca65f6446b8b1898340118d44d680a4449,1471318.947849,124688.003852,0.1208249956,-15351.633048,-0.0130985337,951770.243756,1.8319172702,8838756.49
2026-09-11,0xc98ed10256c47ba49317056ceb2918bb245a3f19,292333.535437,-29744.667344,-0.0922091738,-76376.744976,-0.2068651768,193831.156325,1.9578438926,1858729.89
2026-09-11,0x470a5f416a0f380e228cb8f5439c91b0c98c81a6,1555255.911912,0.0,0.0,0.0,0.0,1070530.638444,1.8308260976,7652187.24
2026-09-11,0x9cd0a696c7cbb9d44de99268194cb08e5684e5fe,1298510.921548,109212.204219,0.0918290779,528389.780791,0.6861125549,5245307.652725,1.4415215982,1006836.52
2026-09-11,0x0ca4109c94438dde8d7386da27180f414de80fa8,389564.795114,-8268.933293,-0.0465915538,16105.317354,0.0716733455,248683.286564,1.7651946598,6425440.88
2026-09-11,0x783ee3148b797b6174e8204f8f224e25b8836682,2121474.571664,-26904.405146,-0.0270760949,-311563.108639,-0.2437290121,1387080.234952,1.8879717022,1492014.36
2026-09-11,0x5d6f7c1e9f7a7dca19b01edbd59ebb9223356f8a,755396.851574,-121174.61,-0.2741604644,150113.913774,0.4097647841,347971.7361,1.6000343661,28675907.81
2026-09-11,0x42fd5648cf21c158d15e4f58785760755b3f6623,2847142.46451,80148.682096,0.0289659784,-43845.767804,-0.0487146488,745881.5358739999,1.774228238,93472930.92
2026-09-11,0x9b220c39d91cabb77132d1e7a4f30c6501aa3aaa,370684.595889,6749.691743,0.0185464259,41647.938607,0.126575376,232401.748583,1.6806260003,15676607.53
2026-09-11,0xec4a6f59960fb55a7fa49262e2628687b322cf62,6839597.391616,-350445.52788,-0.0487403944,-1085871.827041,-0.1372657334,4414132.013187,1.8199113673,1272098306.07
2026-09-11,0x32b1223d162056db0fb94ab244d1ef821421b95c,514035.469305,3648.746412,0.0071489838,161799.46484,0.4321730186,333841.353463,1.4962034158,46821503.74
2026-09-11,0x9137bd9347f07990a8ce22869f8b93d190479c5a,2661334.535927,-788643.447768,-0.3683856057,-500101.28,-0.2699940983,1745518.260765,1.905969907,118418985.73
2026-09-11,0xd5d29dbf880eea93d4ed2ccb79c642bde0a48480,593003.366483,31509.830884,0.1495083025,-365.04813,-0.0006152133,371473.552535,1.6768557961,16421289.87
2026-09-11,0x31fe86dadaf5fe01b3a411770338e09ef49553ba,324414.648986,-32297.945693,-0.1770269155,-61085.911451,-0.2891853079,289634.488004,1.8706217738,35058605.37
2026-09-11,0x9386b9538884d849943d77f1c5412de9e72b021f,939466.077902,-29355.03952,-0.0538291272,-42620.764935,-0.0754240563,600023.040106,1.7415038886,80570119.71000001
2026-09-11,0x72a7837428320ec3c0c072b0c0fc192d6df0c83f,1009345.510548,0.0,0.0,53370.36,0.5720146839,589502.61171,1.4020991039,8904663.13
2026-09-11,0xb34519875ef21a74a3a5025b40b96288d1717f20,514118.934348,-6024.472021,-0.0308364747,-124911.024621,-0.3974831027,336085.061968,1.8877590959,3584070.92
2026-09-11,0xd7b8209d95d4c05faaa505671211058d51529f55,2266164.642004,-18602.944306,-0.0101848662,483580.806469,0.2823142475,1507209.454567,1.539610264,177819836.5
2026-09-11,0xdd97539fe9a912166f037d81dcf35b3f0ce5c610,3170461.977652,-24569.18,-0.2131692682,455209.850689,0.1332873339,2424141.825671,1.6364754646,47557360.69
2026-09-11,0x53969485d7422b35c7fe5a4025498f9b69268b79,1523930.120689,-26748.824031,-0.0172497499,-1052211.837021,-0.4084448195,1188882.478433,1.8647742731,51170382.0
2026-09-11,0xde8a6d588f8067e761bac811a102e0146c721e41,593793.643358,-39046.333808,-0.3173808035,165041.498097,0.6110963172,520859.470452,1.3966523812,9113640.47
2026-09-11,0xa0b31efd7c2b988efb0fedad43144a621ee96839,1147621.353468,0.0,0.0,8590.1,0.1370804533,703537.773598,1.5806513628,26583337.98
2026-09-11,0x71b117d68974aa4c5615669ae70e8e13ce7479c8,736857.455501,50199.205094,0.2136825433,137906.398233,0.3239060277,436246.370463,1.4511985491,26420114.52
2026-09-11,0xeadc152ac1014ace57c6b353f89adf5faffe9d55,8488128.632615,-508467.839249,-0.0729101731,-2449783.500015,-0.2592358312,6968658.430543,1.78441961,35534771.78
2026-09-11,0x843f31e5cd9a6572d235a05cb78ec5ac2ffcc24f,777119.137464,72659.513265,0.1031421969,-80798.435905,-0.0941797189,568568.936693,1.6690697243,70756894.27
2026-09-11,0xbb34960afec64f3f1cc78b0c9c342c4657021696,3891737.379552,203076.39347,0.0545411514,118470.987759,0.060810117,3432004.588566,1.5970479535,48181031.27
2026-09-11,0xc786b3302e681745813f8011e816336bb5baeb75,489647.950023,-16104.806806,-0.0332959895,69224.02279,0.1626254603,310885.458622,1.549115994,58746981.88
2026-09-11,0x874226b22939904f436ff0434e1fd0ab257c8427,720283.446531,67709.424675,0.1037574626,214661.929582,0.4245506221,418441.139453,1.3862905552,41949215.46
2026-09-11,0x04febde8d852931b73fd81c09904bb29d3a0e964,821253.414386,3506.00911,0.0100157054,45772.699561,0.1487167372,527832.854528,1.53695991,4188506.44
2026-09-11,0x4bdf1130109e9c1bc921d8979ea66284d9c92f37,281392.770767,2873.774613,0.0173718555,-2475.698838,-0.0144967174,175634.340474,1.614903231,1709384.72
2026-09-11,0x7583b5364597736a6a72c4ba61ede0a4a37ef4de,2762394.167699,0.0,0.0,0.0,0.0,1703082.347832,1.6077252381,4911581.85
2026-09-11,0x17f0361771a9042d816cd007c731be15f05b094f,440932.614063,14155.454964,0.0447791725,-64055.577899,-0.1260871588,277136.565623,1.6611512148,20740818.87
2026-09-11,0x54a7240cea67b8c41b7c7f2b485360f37331aef4,339962.865744,-3096.059412,-0.0265697899,-12355.65179,-0.0982282283,237861.713266,1.6578216171,4900989.26
2026-09-11,0x666073af75b8d2e6e9efea414db566494e61aafe,7972399.942952,-139751.13404,-0.0318524537,-1368781.01314,-0.243707871,5048437.246638,1.7265737531,8930942.74
2026-09-11,0x2e32935bfd5b2718f99bc8fdf8b37c16811f7d97,1179216.058662,6179.912947,0.030034554,-15847.602826,-0.0521417797,958723.613327,1.5953876577,27695871.6
2026-09-11,0x09d0dbed3ef5cb17eb60097b1baf31d9916a1a52,661612.284415,20317.444117,0.0316873915,118817.912749,0.2189451786,392104.540043,1.4548915504,1008712.11
2026-09-11,0x05b5a0ae689c17cad8155932782a5c29426abe75,3565823.3569889995,117375.784589,0.0340372826,95817.294182,0.0276130048,2167901.029955,1.5441744805,66422371.13000001
2026-09-11,0x37e5ee046fb8e9a41e0bf35d2d37fd6f64fdff10,672479.838787,-13749.481932,-0.0808617572,-151356.203009,-0.1817795476,437937.615711,1.6629980965,3085830.06
2026-09-11,0x005a09b498f2a28b54652a70d7812e63414161fe,528947.060049,-29066.507909,-0.0520892494,229060.081922,0.7638213681,286472.866733,1.1814571391,1652427.65
2026-09-11,0xc2d3a0c560b91a363c6954cba05cc1ac0e9c91e1,293827.800324,1942.8121,0.0066538082,-5495.132555,-0.0636302796,194162.134342,1.5815670675,3102918.51
2026-09-11,0x5b676c5b03f38557e6f21257732608d019cec66a,374983.490683,-29084.229138,-0.0719786009,102808.075199,0.3015257375,471791.030034,1.4120849233,44696297.12
2026-09-11,0x615f9484c8f46ca4fd4d2c0291c42661043a3d87,773302.010279,51533.593853,0.1270506403,-35224.698789,-0.0476165145,469121.526723,1.5422472909,65534684.34
2026-09-11,0x75d2ba3da5a598ea48d499bc172fb6b4713229a3,2160193.221044,23985.399231,0.3227919783,101210.191025,1.0422958075,1060687.986952,0.964607983,2397128.84
2026-09-11,0xc619b01f1a4f894c5e83338c42f98dcb82b710f5,4742090.42068,198052.198496,0.1062758388,112961.787759,0.0579690194,3584851.945701,1.4888412175,49061937.94
2026-09-11,0x43753b1ae949c13ecc02529adee1c2658ab6f43c,627637.276415,-6801.754767,-0.0213101614,108339.138116,0.2760564373,366064.903405,1.3994784663,1053946.87
2026-09-11,0xcbbc60df1f1b062e5ce90715e1400a4acfe3985f,274084.501699,-18712.07199,-0.0639080975,-65837.702863,-0.1779771586,188336.575171,1.627126989,8076814.58
2026-09-11,0x9c6a5b4662c722d2c47f43d6c9813cb080ffa4ed,20158018.075643,1163807.39771,0.4206400623,179801.122218,0.0479372525,11838610.185893,1.4230111497,44409932.83
2026-09-11,0x1c814c8068ddd68bcc79bd9d28a1698ba099072d,434709.883594,6028.806699,0.0140636175,57416.043166,0.1488163032,303860.345341,1.4282908811,5502933.36
2026-09-11,0x76fe28b803eeba445c34afc2f914e6bcb71112fd,621622.95514,-146271.920255,-0.2199962659,-485541.681153,-0.4801372083,397990.300487,1.7788654996,192902298.57
2026-09-11,0xdbe0780a5c5a0e3b345101bbc01ac2218196d6d5,5141205.207491,39452.997981,0.0108071572,208118.247996,0.04697539,3520344.499269,1.4693443874,2024717.57
2026-09-11,0xab59fb979ae9042ae23bfbe5bd1eb89b7f5659b5,754364.181438,-41351.805817,-0.0578454822,-92232.074448,-0.1206822634,478219.32097,1.5620311511,38929490.37
2026-09-11,0x724b4d225c3df786dff7a4d362dd8710c7cd3a95,484946.860314,3194.362712,0.0066307133,13347.196881,0.0964392508,286710.338683,1.4349411352,7970636.13
2026-09-11,0x118c6cb819f6a585885241d582f992840fd73de5,587120.72136,4573.125709,0.0546346461,37553.36011,0.5352448755,374178.437314,1.1956787446,2470610.98
2026-09-11,0x7688b399c3237d098be4688d222d586ab5236451,261319.354331,-1297.182792,-0.0186714288,11716.132037,0.0910525012,291287.071574,1.4201500778,10942735.2
2026-09-11,0x152e41f0b83e6cad4b5dc730c1d6279b7d67c9dc,20706779.144761,884421.225412,0.0446173573,-871506.108251,-0.0403881077,12300942.464639,1.4633810925,258213598.51
2026-09-11,0x9757fe365ef60247665e9e312deb6cc8fa04d75c,525753.617477,-5197.625621,-0.0098411247,38235.160139,0.0784281283,307300.510025,1.4067115529,43406710.88
2026-09-11,0xcf218b31732a91c751fe484bc303525783a88a36,349311.963039,26027.992638,0.1008329557,-22337.635182,-0.0728808059,242719.310729,1.4482692315,4009227.24
2026-09-11,0xde8d9e530b0528ffa7b1190f862536c055dd9524,23921470.897967,1530256.268187,0.2547817969,1559339.46808,0.2608873174,13292605.162677,1.2506137055,209292012.82
2026-09-11,0xfe7e0a8b33061f13fa1f72774b164667c3b911b4,671456.677879,-25558.155085,-0.0366680218,93883.511564,0.1625482574,382640.404605,1.324857496,4784311.02
2026-09-11,0x15e9233b5b42d0b72b1c04a984c1498ee6bbd016,638907.829684,10999.848752,0.0656851553,158352.847575,0.7421749344,320475.567807,1.0064167679,45674348.92
2026-09-11,0xd28e005c992b168d0b20fca312958e105bb260ab,864229.767546,141558.188805,0.6193977781,206386.959389,0.689609578,441978.622513,0.9381462517,33700579.0
2026-09-11,0x73045e207623eed9e09f647fec7d3f3c0b4a37a1,712550.151475,28636.806177,0.1974585088,28710.004796,0.1857463875,402529.695484,1.2577816585,2793405.57
2026-09-11,0xedeaa967b0100a4df613533df634ffe6cb5fd773,534587.442973,26751.2462,0.1322299903,112484.782816,0.7031362543,326114.669927,1.0070976869,66236137.57
2026-09-11,0x4b85bf981916936249a62b7e77f30e567997a395,430727.086099,50071.668091,0.131402588,96065.614183,0.2867104166,283404.450971,1.2139828617,7299759.85
2026-09-11,0xcb5c2f378860437fad512c3aec09efce1c470283,537617.312563,0.0,0.0,32262.638476,0.9214813293,257199.347672,0.9171999653,5944680.45
2026-09-11,0xb14d1598dbfeaec11bae2a382b29adfcab9e8560,792814.249923,10614.799737,0.0357409681,-146367.647324,-0.1558293072,506235.2078,1.4478465145,289603148.07
2026-09-11,0xe83b5e3644b50e802a25b34b38b91a061a0d3ca8,4358468.554593,144801.157609,0.0840801872,796979.125897,0.7448393804,2166055.862834,0.9879331011,59685314.61
2026-09-11,0xb28bdcb4c7db9370b73f6dbd57671416a0a57dd6,553118.1341499999,14013.185193,0.0522595322,73230.723811,0.1726179427,431578.170471,1.2632543287,49416941.95
2026-09-11,0x9471f70f2518846f7a076636d64e5a22787da105,706069.73126,-3660.762282,-0.3291892554,-21230.721423,-0.2840000464,598203.844781,1.5500474644,5601891.4
2026-09-11,0x684c11fc0db0a657bf8f5bc67eca999c6dd835d1,308087.017584,100823.457617,0.486450477,63448.249867,0.2593548432,166052.39,1.1374993227,39709981.94
2026-09-11,0x54dbc1fbf6b1cd59807db61109b1d9eb91fd1a04,3557099.006821,-10831.020903,-0.0042571422,-181207.48718,-0.0667535037,1617419.893161,1.3761063028,55882011.42
2026-09-11,0xb70c32dc4a02dd77086248e5b3e6c47f764cac90,457555.771735,-1474.294195,-0.0032117595,-4224.924591,-0.0091492014,261799.884635,1.3373793683,7622832.1
2026-09-11,0x5986347c1d0133d02d307f08bb1efd44c2eb89d9,4246694.68912,268394.478236,0.0674646115,47929.153535,0.037230593,2459753.425417,1.2966945643,205304824.07
2026-09-11,0xde5a8068836a16f92813104d7faf602bb0cbdf62,886572.772931,1781.462685,0.0049711954,-59294.241976,-0.1413677108,523956.623208,1.3802201596,4139590.16
2026-09-11,0x4025d75db7a13e25dc6305ac00cc1c849f26b7c9,325937.322996,19853.244003,0.0848066263,-12283.338715,-0.0461369044,337212.470351,1.309158893,321688914.27
2026-09-11,0x64bddab5f13a99576fca6747f0aa205422c5f708,2275875.412746,0.0,0.0,57746.884616,1.4561257993,820251.909695,0.5634668326,3267429.8200000003
2026-09-11,0xe18841048abece66a04643582adb1998ed09c7b8,267281.98468,18795.966611,0.0756419486,34476.816813,0.1480930047,145978.336836,1.2034125884,87366035.92
2026-09-11,0x40857f8196d95d605f5580ca26211dd005bcabab,292418.783227,0.0,0.0,245090.977721,0.4358111922,413547.487663,1.0498199577,8779465.78
2026-09-11,0xbbfb6566ad064c233af6314aeb1eee4c26a5f921,1678962.3661220002,-25597.803106,-0.0150172482,-195660.973122,-0.3091749988,1038864.952672,1.4196389303,23581998.39
2026-09-11,0x14c624428f50785e26d94779769e3b0f3340b280,1642066.813628,44628.500775,0.0656673535,-395462.378572,-0.1940891841,942860.967008,1.3484740889,4448262.91
2026-09-11,0xe6a90b07af76c504c1dba4cc45a12c4dc6b1ea68,301015.721261,-5567.464682,-0.0181597196,19130.154799,0.1243576264,185615.782382,1.197135476,3632087.53
2026-09-11,0x07423f74354aedab79af49892ba88c5ec73e57c2,454749.81521,5150.269979,0.041410346,111363.517902,0.3244271871,245922.759288,1.0833887784,129352528.58
2026-09-11,0x81d3ffbfd90252f5260c942c3e4930bef1155a10,273438.737322,-2104.696214,-0.013733188,-2104.686214,-0.0137331237,163024.618487,1.2500534447,6682800.93
2026-09-11,0x718cc7ee2ae2493ebf7d454316df6b61f4e1a868,931434.221114,-3586.305839,-0.0049305379,142309.224219,0.2262427557,533017.538338,1.1256861719,7330714.07
2026-09-11,0x2ab7c8c121bba1b6b744664237ae00ded55ec2f8,1075267.105777,28272.579765,0.0270035603,183157.967377,0.2084240398,583917.489845,1.1033193098,7332180.97
2026-09-11,0xb37f083bad343a76361cd8f39afe7ecd6a0a66ca,5810100.534897,265735.935892,0.0479290153,1251031.25185,0.2744049661,2989995.023197,1.0602422536,298054713.35
2026-09-11,0x866d4903b256ce7e7caac46a91e83128bb0fd6e1,3103279.348931,-30715.368433,-0.0098007084,-7948.434122,-0.002554758,1736764.019558,1.2083009324,11114839.44
2026-09-11,0xa19ed0ae46e89461e56063f1ed268a0dc225745f,337125.752775,14010.038049,0.053859919,-57041.27498,-0.1707554726,189057.217597,1.2768223672,7293864.98
2026-09-11,0x2e2e76c5e1d91a78ec41672da4640620d88a1c50,431780.78586,-3752.416734,-0.0158378623,5880.539692,0.0258719514,234220.305798,1.1855625463,47707014.27
2026-09-11,0xfd6a531508649697c6e133adcb82efcd0c737737,3066268.421619,88933.597646,0.031985107,95194.845312,0.0320405547,1654460.834453,1.1718741629,6699931.01
2026-09-11,0x59629e23c52a0d7c092436870ef2db1dc382ddf8,2709773.797886,56578.788804,0.0213247758,118219.796749,0.0456173387,1772277.656293,1.1639642186,60961233.87
2026-09-11,0x8434b7844fd17fad52f0aceae50a834cd4896577,381025.896576,33309.098246,2.3429817759,46298.43,0.4841090773,136274.85196,0.5567896643,136840544.76
2026-09-11,0xa685e0303482ece79b16dc5c1a52bd9dae623dfa,270775.872845,2068.831256,0.0234326398,33731.822726,0.3227234763,147715.544597,1.0185702033,6127879.03
2026-09-11,0x5371c4517b448006941ae335e5cafd54af573c11,1287224.514553,-263521.892916,-0.169932293,-406468.172068,-0.2399893294,551181.475528,1.3226986011,10308651.94
2026-09-11,0xd129d392e5db2bb3bd6db5c2580c9634ac570aa6,499240.319949,112199.614907,0.2898161145,61164.345378,0.1174710345,442157.343138,1.0661915296,86014417.87
2026-09-11,0x0c1f6941fdcde9488dfd36ca16fed6b3bc49672b,458581.280884,-7752.612455,-0.0325212204,87856.834428,0.2369868922,234823.492437,1.0494539389,74588225.4
2026-09-11,0x9546b9d4103be41ce13483a8f299d0df0eeb181c,1609920.973903,-184314.490382,-0.0661546277,-1270378.439532,-0.3412995434,2363697.179231,1.341742969,4125083339.31
2026-09-12,0x634fe24f2f7396f5d967ec3936df04f49a3e6951,3204875.273693,-411612.014611,-0.2038638296,1105490.124797,0.5267535548,3125803.469271,38.5919365509,138309624.53
2026-09-12,0x020ca66c30bec2c4fe3861a94e4db4a498a35872,7069815.551988,481791.84462,0.0731314741,-1383821.334339,-0.1636953945,6817369.167232,27.0052160732,3277578893.63
2026-09-12,0xe21be5bb37a3af716174cdc5d095ab224b3ef9de,406570.795764,662.111952,0.0016311845,5071.06,50.7106,53982.043689,0.1448836402,4068019.6
2026-09-12,0xbf732ea04197942783e34730ed6e0f6099575d58,2801206.356897,209.438403,7.47701e-05,3401369.200397,0.988669619,6702244.0765,23.7085112298,345296714.52
2026-09-12,0x991e044d97b946fe549e92ac9bfa5119592a0e54,744587.578515,-122748.060285,-0.1987785884,-9236.564525,-0.0122529434,708934.613408,11.688375204,4393041.64
2026-09-12,0x4cae5bed586f6e73ae54ebd40a4ac4ed2c477c34,1818678.807355,-241916.426834,-0.1174012357,-199765.314699,-0.1493398521,1680297.205027,10.1950181449,11330454.56
2026-09-12,0xc6a7757dfed3b596a5b5865d1dd92dff7f12d9ec,254949.956686,-214.639311,-0.0008411798,20168.366261,0.0859026733,228505.778082,8.6085081588,19307828.55
2026-09-12,0x5ad79acbe4a9961ca921e5f28687119913e3e9ba,746857.062538,23210.367223,0.0320741701,293533.632327,0.6475130905,664005.504956,8.0142837044,13120265.27
2026-09-12,0xa516541e599129095d14f7faf8b11ae670c837b0,1932932.10968,-252437.386174,-0.2343407588,370580.718296,0.2203984891,1898098.742688,8.0827472135,50595182.03
2026-09-12,0x9df6bda43fd897bf1be8b87841f6e6f89c9f5490,843051.719739,0.0,0.0,44649.080391,0.055923012,740939.845759,7.2561575543,74743434.16
2026-09-12,0xfd2f37d266d4e7c04e9e33421f2513bf49d32d11,339724.656059,-843.807361,-0.0029531942,245233.748269,2.5953153038,290909.826059,5.9594558879,186304431.76
2026-09-12,0x7e1ad5e2bbe30d6d202e7c41036ea0a07c560be9,2589869.737424,233357.953828,0.0990268563,-287889.460778,-0.1000382946,2604349.850215,6.8375775472,305959815.3
2026-09-12,0x3e470a0bf8460c3a8320327cf5db7deed3a3aaf6,667681.028636,-43885.848358,-0.0616749455,-969.34589,-0.0014497051,567530.815961,5.6667959139,12334014.51
2026-09-12,0xbb1ac608e3bf90b73fa782007878205644c890a7,569357.334951,10778.680016,0.0192971463,-371023.259016,-0.3945522409,558888.668632,5.4868073977,9630371.99
2026-09-12,0x558afca8d68f6a7335837b06ce218a234978225b,346958.102032,4035.763247,0.0117687383,-42206.594163,-0.1513391168,439551.124924,5.0893124212,2825030.04
2026-09-12,0x5b5f798b94f54d33ba316c8b1c837e930c90c052,557567.454484,0.0,0.0,699237.955199,2.9541844501,835328.121479,3.4933497315,91538439.96
2026-09-12,0xdd7a372377fc633f74ab6e20963803d52f448830,3431115.91135,-154062.645082,-0.0429720982,-116313.600546,-0.0327881358,2794928.96228,4.393251019,38826693.2
2026-09-12,0x40f20b734d7d25ba0b6219e921382fa992a56a9e,4732411.539755,-229486.837847,-0.046248874,1564441.227404,0.8342123644,4012504.49802,3.7391784096,1022578315.64
2026-09-12,0x9dcde9fd7566fe92fc7419cf1c1441c73badc0e9,288102.128367,2197.641262,0.0076866274,750.45,7.5045,45667.965521,0.184509553,15952666.21
2026-09-12,0xb64460b8f4a2f521b815a209f053d35fb1977d51,700266.933216,-22425.015466,-0.0310363408,-62237.870971,-0.0816391303,555770.454932,3.8462560578,4461211.29
2026-09-12,0x7ca519838f6d8dbbd8488b63f5f2cc461b89028c,315643.916439,8709.927171,0.0283771999,-990177.294266,-0.7582793771,279491.565193,4.1620518121,227785628.73
2026-09-12,0x5ccaf678b74464fac20f6cae8cbaa9b402010c45,859535.864561,-21436.086255,-0.0323549431,237527.446577,0.5885723619,662671.980918,3.366142985,2211517.33
2026-09-12,0xb5b3f3caf9d778b1293e5cd29f32e84b04c67a08,3457016.715056,-242570.329706,-0.0949762277,-890593.726202,-0.2634957798,5869859.121028,3.8014654969,158416743.71
2026-09-12,0x91867345424fb158888ff9c5f1b1b2e7cd7d65d5,344931.383234,21511.100472,0.1245892034,-69645.752746,-0.2639965974,232991.395854,3.7594373294,7139181.62
2026-09-12,0x0e1cdcd958d002d98528c973f1397b7784abce6d,718857.920254,-30049.845298,-0.0711095589,21654.10101,0.051662369,559334.686542,3.5062897957,6750297.64
2026-09-12,0x6741bc2e53e9816213f4e785fad8b971048adba1,285417.892482,-4363.05047,-0.0150563747,153944.488476,1.1709173398,211475.456841,2.8600012294,10828377.86
2026-09-12,0x6d092dd825d74303114eae27988bc5ce029b957d,943044.740942,-18253.050636,-0.0189879253,223960.920548,0.5864138596,795996.835628,3.0436097855,76308308.06
2026-09-12,0x5242739cf086d71d65b0c557d2531769156369ab,291660.186389,5027.78521,0.0635475337,79680.631525,0.3358595941,271619.911602,3.130691573,1369474.29
2026-09-12,0x953c5152e2f8b5ed9d92976cad478a837749182a,275750.714291,-10463.168154,-0.0365571651,147472.24453,1.1496258476,198903.848827,2.5883144046,17363679.24
2026-09-12,0x9e2cbb5d800181c1ef21b25010dc4ea80eeb5508,3858651.528085,0.0,0.0,225795.258431,0.06561979,4209894.834363,3.1222149742,1114090325.48
2026-09-12,0x41c684cbde3e449cc67c70aacb6132e3eb25b06d,325369.118709,-6410.572675,-0.0264197865,71886.07021,0.2777197007,426673.277429,2.7969402704,39910312.01
2026-09-12,0xcb5c89e9679fb5b09d1be72f3a9dd789d1e9f6c9,353481.582239,-590.66013,-0.001668191,14931.750616,0.5218150377,257023.974484,2.6646314424,1725184.1
2026-09-12,0xea0027b6ea9b6d7d401b5266979cc3b3ca87a918,18805940.110037,-821906.68911,-0.0742093645,638719.295486,0.0517156766,17711576.995516,2.9062224263,38222795.26
2026-09-12,0xc30b98af41c61b9aaafb304b49f04c0f9bdc2185,285229.308484,-16157.761946,-0.0536113308,150081.118532,1.1104929972,199942.262459,2.3443450298,14598682.56
2026-09-12,0x58a722b5f37435cab8957a17fc575bb136e0b48b,477262.242892,-5018.557583,-0.0928279393,-27932.495615,-0.3027240229,193735.568968,3.023986974,1699668.28
2026-09-12,0x341892ca9af16ff90c91bb4a119655dfffb0e5d3,462074.390256,-128.43625,-0.000509347,427032.310343,0.7874215688,738834.920865,2.4308299486,465044595.25
2026-09-12,0xec4a6f59960fb55a7fa49262e2628687b322cf62,6925327.839143,113672.356076,0.0167239969,-1346284.824218,-0.1630493097,5142847.184734,2.8852190749,1115425208.02
2026-09-12,0x9bd30e1bf7c4fe28180b01f33f07c7b277fb7026,297751.593807,-6572.313065,-0.0415456266,156066.519289,1.1015028917,206068.158742,2.2476051273,10281680.13
2026-09-12,0x795cfd1b03eafc11c4ec958b8a94cfc9aa64a242,6985277.498731,-103337.572934,-0.0468303126,-987312.95414,-0.3194552852,5212157.583921,2.9395403776,86337337.07
2026-09-12,0xbd334a55db91617545e8d1b09941e036ad8e4200,6328097.015641,-105855.81014,-0.0164526867,-605542.946406,-0.131053697,3483534.003616,2.7809892771,7645906.48
2026-09-12,0xc46e57114835d392ce1aef7b3c884d953bffc761,739543.372425,-10530.576332,-0.0140393842,-157762.775195,-0.4305444545,547042.990927,2.8417761392,1559415.99
2026-09-12,0x597568694fe6ee1b701ec8578bd57102c9a29abd,2304311.035526,-224580.445189,-0.2239370359,-304459.864683,-0.2321659136,1876474.618021,2.7683295992,30268137.6
2026-09-12,0x15b325660a1c4a9582a7d834c31119c0cb9e3a42,8093444.154314,-218880.831261,-0.0496096415,-2214614.861598,-0.3137056101,5935072.458267,2.7497916458,14338615.45
2026-09-12,0xd58c2f5be892836b38241ba554078928a78a2d11,253814.53801,4378.895243,0.0813428607,31965.366645,0.2873795917,103475.646328,2.4199073332,131690104.93
2026-09-12,0xdc5289909be4f3ce2604806bdd1448fd307f19f5,257145.347488,4076.152886,0.0812057683,51542.701195,1.3210866362,181595.255657,1.8942741271,20297278.57
2026-09-12,0xa2ce501d9c0c5e23d34272f84402cfb7835b3126,14559397.074957,-441379.11316,-0.0523465606,-1640582.261244,-0.1703427177,14202675.60899,2.6513741453,44740245.96
2026-09-12,0x230963164d9637a4c536270a06b4e3636d44a2d9,1650580.028239,-62481.081886,-0.2021109979,242036.086108,0.373984642,1164677.066294,2.3969334569,1286511.63
2026-09-12,0x4372812cde0110f75a110f8fed7f3a77d34dddc0,728041.657371,0.0,0.0,32861.743797,0.6736254467,237000.97,2.1725030983,8670536.89
2026-09-12,0x1f1690074a8744e8d38cdca1ab2b75fafe5d6d07,2039152.793409,18434.791237,0.0091228916,-40457.546478,-0.0416105192,835779.400077,2.5005777474,72069885.95
2026-09-12,0x85e14c3f5f5151f7d8acac2d001ef050fab63de4,262871.132454,-38483.685224,-0.1277022399,-38053.577546,-0.1264554763,371582.652869,2.5495512223,221513999.92
2026-09-12,0x75ec3ba266176e733f1b1fdaa15052f5eff724b8,2725085.698352,-39025.34837,-0.1421337256,-19898.011411,-0.0072488632,1935772.129802,2.452474804,81147478.9
2026-09-12,0xb7e0b9fbc9479330d70bcc82a7d4325a20e8d1aa,5474201.971109,0.0,0.0,893796.939354,0.1791030856,4697591.850297,2.3202451567,283393211.56
2026-09-12,0x153c8444380512cabdc34f6cea09c322e14e319a,2397743.938456,-87727.43046,-0.0485101367,-212644.134936,-0.0976876355,1701555.291885,2.4441008917,11586540.93
2026-09-12,0xae9e202cdf7826ff7428e4f10835b754818920db,386594.911379,-15263.91751,-0.0357587017,11942.989153,0.0298834773,310828.571379,2.3769327446,1333396.71
2026-09-12,0x0c44471cc8516125ead11e09446302ae20540ed4,559486.978363,-32648.169229,-0.0886394361,-154254.527161,-0.2033031356,691377.074112,2.4861862261,60398924.25
2026-09-12,0x5740affc8faf8913f9f2d5fbb9bdc6e8119ea9da,2225370.373422,-7510.197974,-0.0158046143,-139306.216883,-0.1815861876,779603.615383,2.4588745192,3604138.31
2026-09-12,0xe46aae69cf2607b68c03ecdf6d94e776287e73b0,335798.912243,-18477.680582,-0.0819822635,-59636.989104,-0.2237402643,452531.905269,2.4692491722,1345744.6
2026-09-12,0x66466428990e0f42a4c54f64bee0db6bf2336de5,10378555.277486,110645.255767,0.0107758303,280295.410077,0.0265163588,8876026.933562,2.3276861959,36901195.43
2026-09-12,0x92b75a5bfb7be7911747276ad335b8f5da3ce0f4,7404656.959709,-25.15734,-3.3975e-06,-345.656274,-4.66788e-05,5182141.443613,2.3316559124,85234086.2
2026-09-12,0x3b9e9c9f82eb1c321535fd2bc48d8db9e8e8c503,370267.982231,0.0,0.0,16254.700645,0.1854708315,352570.107063,2.2357315004,23718179.13
2026-09-12,0x03ba951f72e59899ac8dab30cb5624dbe5d52bb8,481206.608976,-3925.769537,-0.0080921615,14101.48599,0.0233707256,430879.328976,2.3090496311,11128175.75
2026-09-12,0xb01d0612743a3401b16bef157bd69a909e3cd1dd,369764.442986,-6971.728485,-0.074519851,-23215.198827,-0.208754943,163225.314837,2.4269738255,42788358.12
2026-09-12,0xe2823659be02e0f48a4660e4da008b5e1abfdf29,2163829.191632,-26503.842002,-0.0740959297,166965.074653,0.2164684158,6861013.027268,2.2041172181,39217022.20999999
2026-09-12,0x53969485d7422b35c7fe5a4025498f9b69268b79,1708903.809338,221198.823649,0.148684602,-1102210.644181,-0.3920902768,1417579.053703,2.4596878594,50323496.65
2026-09-12,0x613ead0ea5af374af0ccfc117ef116a8e8d133fe,550347.750604,-15211.624192,-0.1064606797,2620.65847,0.0090186792,424300.002173,2.3003090307,7291390.69
2026-09-12,0x456f1049c0f2ec990091bbd3f30af62aca3fcdf1,1886142.493704,-222423.061461,-0.1054854856,181075.015039,0.1061981519,1302029.47187,2.229071127,35027765.28
2026-09-12,0x53f81d22b16ff1718ab8ee52bff0592685325f92,405151.582664,-21121.313329,-0.0749988844,-98723.640025,-0.274824713,286082.839881,2.4026695268,40281539.86
2026-09-12,0xd129d392e5db2bb3bd6db5c2580c9634ac570aa6,302480.482376,-144610.185908,-0.3095976771,-11235.741862,-0.0334082659,474735.096035,2.311612765,93651664.04
2026-09-12,0x5aa13316231716ea438eb243feabc296a9094b2b,1523459.545059,-59192.718508,-0.0374009628,-362572.112613,-0.1922407353,1063471.496997,2.311954629,35784878.81
2026-09-12,0x1e08253f267b5e985859b5cf469972326f191584,633446.994754,5989.335519,0.016028611,-118664.160073,-0.2381290141,441714.932719,2.3038136034,29538146.34
2026-09-12,0xe6e3355646051ff76174dd36f6e0fbe2b2cb67f7,252086.39041,-27022.90137,-0.096818351,13455.606967,0.0563867192,227417.037603,2.1727182769,7119192.08
2026-09-12,0x47818abc02d61af1e586d3ceb035591aeae4548f,691309.450209,18101.863185,0.0279349565,94677.943462,0.1656876316,467956.490107,2.0951434442,5325091.11
2026-09-12,0xf78c5d8d4b604a140d43a46209fade655536c581,4110891.066135,-79632.835301,-0.0190030739,190093.005466,0.0484832431,2793147.970112,2.1196453076,15662475.4
2026-09-12,0x32b1223d162056db0fb94ab244d1ef821421b95c,523142.610702,3547.24414,0.0068269357,110756.161142,0.2633837925,367162.304774,1.9855141704,45455408.9
2026-09-12,0x93ab7dbdeb996806454de19c35c8247f4b2511f8,9271794.07803,-62129.632229,-0.0066563253,-948008.573701,-0.2536780397,4416800.901102,2.2443231827,55539966.2
2026-09-12,0xa2710511e1dac83973de2b394f669183a175a3f7,819038.456117,-31572.314083,-0.046007236,-170261.898907,-0.180959624,691830.392409,2.1136915201,1068922.35
2026-09-12,0x64702807a1f0f9888ea22b858099d7f481227b55,2262430.045123,-46161.897771,-0.0199956939,-217243.635902,-0.084213611,1709505.778207,2.033639658,55329453.71
2026-09-12,0xd74916aecd93ca55deb392dfad4c3ae43951ea49,1043649.360566,-24934.014958,-0.0691258013,-153769.44753,-0.2665135486,709068.40571,2.1192730651,17735424.34
2026-09-12,0x266b5569ed3017e74dd48059c6db804e016eefcb,1900677.545973,-120429.893943,-0.059583144,-68329.091678,-0.0756578013,1710868.367227,1.9911379626,11969116.34
2026-09-12,0x68f33dd18add8ad4830d78ae66faa98d58f2310e,459311.201429,-4567.160777,-0.1468005765,47320.502321,0.1148581811,301402.60273,1.9087155811,7042165.14
2026-09-12,0x734531e87f8c1643321355f7143fcc6169c4b404,1688370.322508,-204630.756465,-0.1093440789,-413151.207295,-0.1965962287,1130052.278271,2.0240296547,124128512.45
2026-09-12,0x9b864dde6ed1c21608b1665a0ac0faa4f7e36e6e,1936573.214223,-208526.292837,-0.1271906491,127874.663585,0.0725586939,1690933.385308,1.8828198209,12410367.92
2026-09-12,0x2c6f7831be3fe15cc7025672f27623a921553725,4323029.990729,-181114.694089,-0.0402106741,-589468.574451,-0.119993638,2864354.526274,1.9636681332,11003707.82
2026-09-12,0x0f83a7bf2ea16c7d8c90e3aa4ca0c8e58a83c9ea,320332.976029,-23556.451377,-0.0685000744,-11200.455056,-0.0337837877,210804.164135,1.9246387378,10940465.33
2026-09-12,0x76fe28b803eeba445c34afc2f914e6bcb71112fd,655060.622328,42132.471846,0.0825163712,-389350.951913,-0.4101965583,442959.584911,2.0874524946,195148998.91
2026-09-12,0x7583b5364597736a6a72c4ba61ede0a4a37ef4de,2762394.166452,0.0,0.0,0.0,0.0,1805247.808019,1.8860729,4911581.85
2026-09-12,0xa1be71b903206120fa2b2245e145a5d7be09d8f7,374341.524979,-82262.554623,-0.1801616724,32667.682707,0.0910593386,256627.354979,1.8672641492,12677878.91
2026-09-12,0x5d6f7c1e9f7a7dca19b01edbd59ebb9223356f8a,737863.855913,-24227.388128,-0.073973815,116147.236799,0.3783725006,344822.062618,1.6887668957,29015484.0
2026-09-12,0xb48e45c76e7442d9944790085399e26b7d89b1ed,471276.541609,21619.331652,0.0480836804,316353.975438,2.0420135249,214029.637175,0.8320008268,533269566.4
2026-09-12,0x2e2b6070bec9be9f50887cfe306ac6ca93002fab,2512874.373493,-143465.725569,-0.1150255848,-383133.0691,-0.1924394284,2364761.666278,1.9727696249,3897138.64
2026-09-12,0xec0b9ebf2a304c99cafe85c548c14dd7783cb078,13505770.70345,32713.689744,0.0024280822,301524.783522,0.0228354414,10118848.267732,1.8397697092,37709830.05
2026-09-12,0x1c814c8068ddd68bcc79bd9d28a1698ba099072d,468357.26012,7666.564902,0.0166414581,64645.328582,0.1568162248,351383.224563,1.7669131462,5452928.48
2026-09-12,0x6dc903ab5fe0d286cbef6c5042dd2684b7fd78d7,1167140.537481,88.206458,7.55806e-05,14026.087519,0.012163656,755811.604809,1.8374870931,13292547.36
2026-09-12,0x470a5f416a0f380e228cb8f5439c91b0c98c81a6,1555255.911912,0.0,0.0,0.0,0.0,1070525.141682,1.8307994864,7652187.24
2026-09-12,0xde8a6d588f8067e761bac811a102e0146c721e41,589919.478336,-10577.229813,-0.1169952135,154375.636699,0.5581388623,540219.909831,1.5448112644,8712551.13
2026-09-12,0x54fc13e72548503e13eea8b4cfdb4524be39d7d2,480390.032662,0.0,0.0,68009.544644,0.3661120346,317170.652838,1.6000910356,13152423.14
2026-09-12,0x8a3cf3c4b300be69429cce5beb2ef14d7200b6b7,2775567.799364,-125148.247929,-0.1525875704,-654835.292377,-0.4851133714,1941244.924153,2.0235574219,2220884.38
2026-09-12,0xeb0f432beecf10dcc828fc1e36a3386caf634637,798505.496577,-190477.148031,-0.1925990805,163309.200994,0.172595477,936991.066577,1.69002458,62376308.81
2026-09-12,0x3c66b4d46004afaf5a8a1ab7399c1f5aff89eab6,1183343.816804,0.0,0.0,113060.351397,0.1056358946,745478.566852,1.6846293702,97797261.57
2026-09-12,0x9137bd9347f07990a8ce22869f8b93d190479c5a,2661320.479603,0.0,0.0,-500101.28,-0.2699940983,1728043.191557,1.8515860331,118418985.73
2026-09-12,0x25e9e31168d7ec59b0bfd54ebde8f3f6b9b1a5ea,453250.557802,-17491.474251,-0.0789260763,-76823.13,-0.2420500495,309021.262693,1.8335511885,47873738.81
2026-09-12,0x146c7c66d5045344e1bf6731849622d2edd450d0,267435.303123,15956.164786,0.0634492582,21468.867574,0.0872837285,166247.004041,1.6429469173,60613661.71
2026-09-12,0x0ca4109c94438dde8d7386da27180f414de80fa8,380183.121466,-1572.013332,-0.0097185241,43143.399798,0.2287069902,232261.103412,1.5701591046,6158427.32
2026-09-12,0x843f31e5cd9a6572d235a05cb78ec5ac2ffcc24f,774151.945942,-2996.677064,-0.0038559897,-91566.993054,-0.1057698855,574694.600512,1.7333188615,69653845.39
2026-09-12,0xd7b8209d95d4c05faaa505671211058d51529f55,2220908.228866,117815.478788,0.0717208324,528844.541316,0.32639915,1458217.297021,1.4839022624,174027815.17
2026-09-12,0x9b220c39d91cabb77132d1e7a4f30c6501aa3aaa,361235.027449,0.0,0.0,40273.923518,0.1254791407,220973.064625,1.5754311445,15225194.0
2026-09-12,0x9cd0a696c7cbb9d44de99268194cb08e5684e5fe,1313157.295716,17419.754291,0.0134438911,529799.205101,0.6763180391,5017008.695836,1.2924854544,1006836.52
2026-09-12,0x9386b9538884d849943d77f1c5412de9e72b021f,936075.042898,-29182.449502,-0.0901105476,-96028.195309,-0.1556043542,595355.07829,1.7215752103,82424660.81
2026-09-12,0x05b5a0ae689c17cad8155932782a5c29426abe75,3607129.557019,-48243.569682,-0.0422297165,61567.94336,0.017364793,2223660.030139,1.6003661737,66422371.13000001
2026-09-12,0xdd97539fe9a912166f037d81dcf35b3f0ce5c610,3169584.017707,0.0,0.0,476253.134545,0.1403497481,2362117.905033,1.53139184,47557360.69
2026-09-12,0x783ee3148b797b6174e8204f8f224e25b8836682,2139726.627346,-57428.197083,-0.0550904432,-367767.029371,-0.2718614639,1356493.444268,1.7312543142,1492014.36
2026-09-12,0xffb285456daa57d757b9c9020a6302afe5a95ed6,263661.681919,6887.279666,0.0268222985,-36004.288438,-0.1201480715,163661.005724,1.6365989906,5670960.8
2026-09-12,0x52e6c32f0eb44f707e9c159052fc5039fc7b7725,284211.318003,-28703.454567,-0.0982166888,-100286.072189,-0.1633785388,716380.387181,1.674447394,154331123.93
2026-09-12,0xc786b3302e681745813f8011e816336bb5baeb75,479918.599301,-6806.905422,-0.0139851012,54931.499935,0.1292545118,301156.098442,1.5006354136,59520945.31
2026-09-12,0xeadc152ac1014ace57c6b353f89adf5faffe9d55,8870805.137868,456739.87618,0.0542829015,-3834609.736005,-0.355608867,7105493.532368,1.7202397098,35534771.78
2026-09-12,0xcbbc60df1f1b062e5ce90715e1400a4acfe3985f,267501.231394,-31527.684752,-0.1054335653,-124041.537761,-0.2942561155,187524.061745,1.7051180926,8076814.58
2026-09-12,0x42fd5648cf21c158d15e4f58785760755b3f6623,2848490.9174320004,2102.995711,0.0007388296,-41415.405714,-0.0460697841,709340.217468,1.5478061526,91724409.62
2026-09-12,0xab59fb979ae9042ae23bfbe5bd1eb89b7f5659b5,783953.040597,-36944.34798,-0.0614072789,-59549.732747,-0.0781425518,494900.413087,1.5511202186,38700891.9
2026-09-12,0xbb34960afec64f3f1cc78b0c9c342c4657021696,3931060.096946,26980.729938,0.0147014187,72599.094927,0.0357031895,3353398.833747,1.4792908306,48408528.33
2026-09-12,0xc98ed10256c47ba49317056ceb2918bb245a3f19,276214.191706,-20473.206867,-0.1022978929,-103014.559016,-0.2712846086,171791.465034,1.6373145244,1858729.89
2026-09-12,0x5986347c1d0133d02d307f08bb1efd44c2eb89d9,4185550.226143,-121036.541618,-0.0867363883,-148661.466849,-0.1044647508,2610306.410579,1.5489191454,58228024.02
2026-09-12,0x1338a67b37aeaf796357d78501a0c3695c51c48e,1205753.990573,-134779.438209,-0.1005414358,149843.69716,0.141909118,708483.900992,1.4247466635,8185017.14
2026-09-12,0x9c6a5b4662c722d2c47f43d6c9813cb080ffa4ed,19953463.346741,-497507.826957,-0.0243268558,-1030154.267555,-0.0490932634,11972220.534166,1.5000446441,44409932.83
2026-09-12,0xcf218b31732a91c751fe484bc303525783a88a36,349689.122795,-9348.412379,-0.0302592857,-26712.297772,-0.081862353,239989.755642,1.5074791426,4009227.24
2026-09-12,0xa0b31efd7c2b988efb0fedad43144a621ee96839,1147621.353468,0.0,0.0,8590.1,0.1370804533,665365.847569,1.3768122066,26230745.49
2026-09-12,0x72a7837428320ec3c0c072b0c0fc192d6df0c83f,1008006.905682,0.0,0.0,44075.4,0.4295957236,555967.250096,1.2282778215,8904663.13
2026-09-12,0xfe7e0a8b33061f13fa1f72774b164667c3b911b4,668592.20602,-10623.183556,-0.0156403752,59022.201404,0.096825961,389443.791552,1.3951137508,4468335.34
2026-09-12,0x54a7240cea67b8c41b7c7f2b485360f37331aef4,337982.342375,-778.611375,-0.0068055984,-18390.036418,-0.1392985056,228131.950847,1.5085327189,5131127.28
2026-09-12,0x43753b1ae949c13ecc02529adee1c2658ab6f43c,620728.571031,-6292.278515,-0.0160740414,80372.660996,0.2636976439,351606.11726,1.3064911988,1301015.83
2026-09-12,0xb34519875ef21a74a3a5025b40b96288d1717f20,508143.228053,-14743.852713,-0.0739077687,-134300.16771,-0.4209426885,316687.425507,1.6541019979,3584070.92
2026-09-12,0x04febde8d852931b73fd81c09904bb29d3a0e964,793656.607286,-43845.557746,-0.1189646392,31046.817295,0.1057210901,491568.707724,1.3961295789,4341550.22
2026-09-12,0x4bdf1130109e9c1bc921d8979ea66284d9c92f37,276032.08169,-9533.979384,-0.0552351751,-7811.778904,-0.045713707,165534.290281,1.4584802772,1738875.62
2026-09-12,0x9757fe365ef60247665e9e312deb6cc8fa04d75c,524180.236522,180.13163,0.0003437626,-21879.305072,-0.0400676179,309570.660115,1.4424829744,42568763.75
2026-09-12,0xb70c32dc4a02dd77086248e5b3e6c47f764cac90,452054.009404,-3160.007018,-0.047726484,-4478.512075,-0.0098098424,265537.819764,1.4236716945,7525531.08
2026-09-12,0xc619b01f1a4f894c5e83338c42f98dcb82b710f5,4781328.991185,26895.759938,0.0146644568,66888.344927,0.0328856248,3502817.715729,1.3850131368,49289653.67
2026-09-12,0xd5d29dbf880eea93d4ed2ccb79c642bde0a48480,584699.280059,-23754.963188,-0.0390414948,-52093.908148,-0.0818066354,345769.17376,1.4471561542,16421289.87
2026-09-12,0xb2662fca65f6446b8b1898340118d44d680a4449,1313817.741327,-296095.893709,-0.2500651891,-209979.551731,-0.1736714914,794091.502255,1.5279034279,8838756.49
2026-09-12,0x15e9233b5b42d0b72b1c04a984c1498ee6bbd016,638673.133404,-3754.254173,-0.0391527951,163007.553016,0.7808626442,320867.538777,1.0096346452,41584764.75
2026-09-12,0x09d0dbed3ef5cb17eb60097b1baf31d9916a1a52,627875.145088,-44717.197372,-0.0664848446,86150.226703,0.1590620553,357386.592738,1.3212632832,1008712.11
2026-09-12,0xde8d9e530b0528ffa7b1190f862536c055dd9524,24164963.990719,-350239.004173,-0.0142866043,1870139.328587,0.3164495824,13318857.553141,1.2279851419,209292012.82
2026-09-12,0xc2d3a0c560b91a363c6954cba05cc1ac0e9c91e1,286555.960734,-9930.487284,-0.1910070966,-9514.739709,-0.1107880421,183676.787279,1.4579932718,3052902.99
2026-09-12,0xdbe0780a5c5a0e3b345101bbc01ac2218196d6d5,4968591.794578,-165388.181753,-0.0448844886,87997.04952,0.0200917378,3308612.460296,1.3587846107,2024717.57
2026-09-12,0xd28e005c992b168d0b20fca312958e105bb260ab,872737.748852,7839.536645,0.0339386116,212532.31229,0.7042211682,461232.650342,1.0018671636,35791844.06
2026-09-12,0x874226b22939904f436ff0434e1fd0ab257c8427,668251.642693,-58173.14564,-0.1110704143,170398.885597,0.3422676347,364494.831984,1.1999560804,42826927.89
2026-09-12,0x422d82d5e532fccfadc6a72d8c6b64727892239e,1078521.361462,-126457.260594,-0.1049369893,-52368.545282,-0.0859497392,935925.836935,1.4122983089,3685228.99
2026-09-12,0x724b4d225c3df786dff7a4d362dd8710c7cd3a95,485939.236407,1128.241093,0.0023271772,15170.065075,0.1105412911,274969.480615,1.2937330828,7970636.13
2026-09-12,0x40857f8196d95d605f5580ca26211dd005bcabab,292418.783227,0.0,0.0,341369.899764,0.7323964495,399352.134408,0.9785220893,8428275.7
2026-09-12,0xaecfe4eff84a1cd9a24accc1914ac537af7f6e1b,981905.286137,77241.378412,0.1418597386,-231019.678027,-0.1904649379,1017279.51873,1.4154562049,14106623.06
2026-09-12,0xe18841048abece66a04643582adb1998ed09c7b8,267281.98468,0.0,0.0,35546.986177,0.1533949831,149238.448612,1.2642661647,87366035.92
2026-09-12,0x37e5ee046fb8e9a41e0bf35d2d37fd6f64fdff10,668737.578342,-12530.077904,-0.0183922982,-211893.745968,-0.2382350837,413459.677201,1.4554447056,3085830.06
2026-09-12,0xdfaf7cd4ab0fc1d7f5ccf3216769f26bcd041a61,258222.695234,12736.962385,0.0841493675,-45409.940493,-0.1402698878,172519.334568,1.382329239,2172611.32
2026-09-12,0xb6161198798dc08e3ba5bc2756820848fc51173b,301006.760582,-17750.928528,-0.1051431249,35224.128904,0.096297981,423848.473052,1.2955321152,52106821.16
2026-09-12,0x2e32935bfd5b2718f99bc8fdf8b37c16811f7d97,1185225.561313,-4142.918063,-0.0234842727,-120709.627826,-0.2894755495,932706.374538,1.4735598208,27322123.43
2026-09-12,0xa19ed0ae46e89461e56063f1ed268a0dc225745f,336268.648356,-6201.642007,-0.0181085548,-69841.148771,-0.2018558508,197005.562954,1.4146287394,7293864.98
2026-09-12,0x152e41f0b83e6cad4b5dc730c1d6279b7d67c9dc,20310543.453189,-909205.844546,-0.107202731,-1504639.313831,-0.0689721159,11661209.447889,1.3482205035,255187935.35
2026-09-12,0x666073af75b8d2e6e9efea414db566494e61aafe,7919516.504814,-284610.863912,-0.0636976659,-1565019.956351,-0.2711383359,4671404.18687,1.4381904718,8930942.74
2026-09-12,0x04a97ae7f350a22cd0cdb6b1875e8905b76495aa,423428.56924,-6212.963222,-0.0144608069,-17508.449178,-0.0586230038,240860.402838,1.3192902552,10137344.06
2026-09-12,0x684c11fc0db0a657bf8f5bc67eca999c6dd835d1,308087.017584,0.0,0.0,63448.25,0.2593548439,166052.39,1.1374993227,39709981.94
2026-09-12,0x118c6cb819f6a585885241d582f992840fd73de5,572402.498527,-19405.914022,-0.1574061492,26980.798481,0.3508606411,354296.167526,1.1137664768,2886684.59
2026-09-12,0xf4f7cebbd2c7b6dee34ab29fa55a116eff25239f,4169062.610131,31280.394756,0.0075597006,1406.389153,0.7241254218,2773401.883241,0.8983463364,1127347.85
2026-09-12,0x5b676c5b03f38557e6f21257732608d019cec66a,345838.30163,-68345.570091,-0.1753791423,-34368.338635,-0.0966149926,443517.133085,1.3325341359,44217865.37
2026-09-12,0x4025d75db7a13e25dc6305ac00cc1c849f26b7c9,321160.248336,-8202.04371,-0.0248952427,-31122.141435,-0.1112387736,335000.828121,1.3136563567,317601423.38
2026-09-12,0x736850ee773ac6170fcaeda596514269b863ee56,417473.410497,18402.15553,0.0461124556,74870.174989,0.2185331813,326821.00366,1.1244354822,15781921.41
2026-09-12,0xb14d1598dbfeaec11bae2a382b29adfcab9e8560,782683.339634,-1347.757413,-0.0017187909,-142218.211285,-0.1537491598,480288.07789,1.3141898724,290005015.97
2026-09-12,0xb37f083bad343a76361cd8f39afe7ecd6a0a66ca,5810460.17163,264.576268,4.55366e-05,1417410.245671,0.3226483353,2990354.65993,1.0603697796,298054713.35
2026-09-12,0x0c1f6941fdcde9488dfd36ca16fed6b3bc49672b,465759.167041,7081.292508,0.0234547454,-62842.734421,-0.1188848058,260661.734676,1.2709166159,72810386.96
2026-09-12,0x81d3ffbfd90252f5260c942c3e4930bef1155a10,273812.179875,-1628.00491,-0.0263293362,-1695.198134,-0.011061205,161387.326239,1.2187087379,6682800.93
2026-09-12,0x75d2ba3da5a598ea48d499bc172fb6b4713229a3,2122079.380571,-36456.698279,-0.3165360189,55654.775941,0.7400924783,994403.011163,0.8817377613,2510827.04
2026-09-12,0xde5a8068836a16f92813104d7faf602bb0cbdf62,871381.855842,-33694.062504,-0.0884701744,-65116.955618,-0.1579453943,499881.239536,1.2866869322,4139590.16
2026-09-12,0xe83b5e3644b50e802a25b34b38b91a061a0d3ca8,4144662.878294,-338786.683377,-0.2114861448,650807.239644,0.6492700678,1952250.185835,0.8904168229,59685314.61
2026-09-12,0xe676708ea7611c93ee106b1d7a2c6f721fc10c18,464517.119785,2534.202396,0.0299042367,-9479.355239,-0.0979702549,255595.006979,1.2233985362,1324826.99
2026-09-12,0xbbfb6566ad064c233af6314aeb1eee4c26a5f921,1699435.2447020002,-43668.688072,-0.0250522572,-202798.253451,-0.3107977924,1025234.994007,1.3386296936,22832741.35
2026-09-12,0x9546b9d4103be41ce13483a8f299d0df0eeb181c,1515120.2575,-124256.391568,-0.076170837,-2159439.933651,-0.478125689,2371663.10155,1.4296643464,4067820146.5
2026-09-12,0x17f0361771a9042d816cd007c731be15f05b094f,397326.751661,-60468.556586,-0.1320864489,-93122.928563,-0.188703658,225776.957904,1.2932002059,20740818.87
2026-09-12,0x0a506b1e47726e769949086ea60b5b01cbaf956a,268700.74806,11276.856749,0.0438065662,22332.622748,0.094778634,139082.124559,1.1221427502,21705456.69
2026-09-12,0xe77cdee1aa1affa10231654fe438b63ab0ab15db,716056.46841,-83756.182347,-0.1047197519,316057.68841,0.790146631,316057.68841,0.790146631,43792777.77
2026-09-12,0x05d95d21b9680b1ceab8fb1f1509fee72ca6d6a9,272800.036171,-9997.550961,-0.0353523206,69928.577961,0.4837386849,176534.982823,0.9313861619,150985209.38
2026-09-12,0xedeaa967b0100a4df613533df634ffe6cb5fd773,512501.655287,-21752.4438,-0.125917481,92987.394151,0.5895698495,294428.834266,0.8830665194,70857793.55
2026-09-12,0x866d4903b256ce7e7caac46a91e83128bb0fd6e1,3055746.086615,-60336.860299,-0.0435784564,-35181.808315,-0.0258803559,1688551.493483,1.1742036267,9278755.52
2026-09-12,0x7688b399c3237d098be4688d222d586ab5236451,262171.352385,385.5003,0.0014721289,15856.496371,0.1270052722,259127.506386,1.0882149208,10963330.86
2026-09-12,0x3d0acf9d5e0175444e389ba6a16b6b83f1933df5,266783.724635,-15442.839232,-0.0704194875,-44903.962008,-0.1658821095,147729.948346,1.2398348381,7615075.15
2026-09-12,0xaeaab54bbf65bfd6efed7d2eb68372298e3c2416,3885691.6098,221.913158,5.71136e-05,912057.127261,0.3023426048,2032610.123093,0.981566592,336789212.0
2026-09-12,0x73ce82fb75868af2a687e9889fcf058dd1cf8ce9,1289544.258304,-51816.181917,-0.0386295737,-157744.864902,-0.1089933327,961081.405615,1.1919848086,3935015.41
2026-09-12,0xeebf6f8dca9af660748e895282fc780954771740,253170.369609,25582.148557,0.1124054155,116022.897692,0.8459707806,103295.969609,0.6892169017,12671209.37
2026-09-12,0x14c624428f50785e26d94779769e3b0f3340b280,1610825.271814,-26374.741814,-0.0161096638,-432998.588125,-0.2118570962,888286.785509,1.2293971911,4448262.91
2026-09-12,0xf220c9b7b4c0e5e785ebe4b40b17576ce24473e0,1305071.780462,0.0,0.0,232314.176649,0.2069139178,825397.419596,1.0069771495,125063569.27
2026-09-12,0x54dbc1fbf6b1cd59807db61109b1d9eb91fd1a04,3517966.322195,-59136.16821,-0.0234889671,-246128.65298,-0.0900848326,1472575.103344,1.1568713835,55885215.62
2026-09-12,0xefbc83ac5abc720aca40a9f5d541fb1659a2d4ea,298219.28713,4385.090105,0.1362543507,37741.03,1.8315669273,42353.195099,0.1655287528,5280289.84
2026-09-12,0x718cc7ee2ae2493ebf7d454316df6b61f4e1a868,891678.594711,-40704.451403,-0.0436563616,93733.062897,0.1529731517,491050.694047,1.0322354529,7330714.07
2026-09-12,0xfbd2daa8ca624eff75cdba752a5b918ab23cbc1a,387942.671073,76185.073845,0.24437279,162494.062903,0.7207587761,174687.061073,0.6987488033,16981903.91
2026-09-12,0x59629e23c52a0d7c092436870ef2db1dc382ddf8,2638456.781111,-44635.485149,-0.0961404631,62359.237809,0.024206862,1687161.704911,1.0981115555,64616861.54
2026-09-12,0x07423f74354aedab79af49892ba88c5ec73e57c2,436274.802531,-17501.906245,-0.0903565956,104029.192968,0.3132264924,221564.421472,0.9514210809,126148784.36
2026-09-12,0x51588c3acf60dffb5a6fe181e485a2946f7b8266,635694.642862,3499.606585,0.1410503353,290.994694,0.0004579682,124723.224194,1.0670878571,12776049.32
2026-09-12,0x0e41eb80e9a39ae7b887a94f6a88f6c791e26359,7297449.628936999,5410.848162,0.0411043176,69735.046514,1.0359852396,2637074.599083,0.5658381565,2358267.58
2026-09-12,0x2ed2bdcd9a550564242a8ef31c17a1bff1d5a75d,281815.541711,1432.700318,0.0175973563,4749.008363,0.0166010624,94324.682333,1.0720192234,14725594.93
2026-09-12,0x186db447f4de2f258ec100aa194b6e9974a46482,1148930.041593,59.993674,5.22197e-05,-885292.571708,-0.4351994545,648920.441593,1.2978159651,168120244.87
2026-09-12,0x926a8a1bc7fa22e2fdd4459c443158aa38adaf36,772427.366635,34792.031014,0.2014026387,-350547.159739,-0.3121594938,268368.848429,1.2021575713,51448164.68
2026-09-12,0xc9450ce362e78ade76a0ca88be50ced2c6435799,482990.941887,0.0,0.0,0.0,0.0,152386.98406,1.0746708869,1116829.82
2026-09-12,0xc05b532d9b4eff8c140ad5477dc87d5803b98951,734090.384938,-4600.166344,-0.0062274607,112959.765214,0.1818615306,363378.539598,0.9802183129,59593275.98
2026-09-12,0x7178cc2d79160d524858c843e350ed8207de0854,1928952.320969,-17746.892024,-0.0091164017,72537.552377,0.0390740009,988709.685384,1.0515473857,21611471.06
2026-09-13,0x634fe24f2f7396f5d967ec3936df04f49a3e6951,3189788.558841,-26187.410854,-0.0128581496,-172258.752665,-0.0512467415,3110702.153051,38.398569806,147580621.09
2026-09-13,0xbf732ea04197942783e34730ed6e0f6099575d58,2751150.160064,-50039.7947,-0.0178631276,1027106.604812,0.1781761843,6678690.662751,26.0692053215,345903271.04
2026-09-13,0xe21be5bb37a3af716174cdc5d095ab224b3ef9de,397912.238552,0.0,0.0,5071.06,50.7106,45323.483643,0.1216447322,4068019.6
2026-09-13,0x020ca66c30bec2c4fe3861a94e4db4a498a35872,4505457.274341,-2401458.71285,-0.3476890271,-4067356.175745,-0.4744482607,4246744.240617,16.4148832376,3356533280.99
2026-09-13,0x991e044d97b946fe549e92ac9bfa5119592a0e54,634001.646282,-114251.07477,-0.2292225626,-479947.783017,-0.4308523981,606857.741615,11.6381338431,4383536.99
2026-09-13,0xc6a7757dfed3b596a5b5865d1dd92dff7f12d9ec,256249.468721,1301.003203,0.0051030046,21467.878296,0.091437656,233999.906706,10.4699996603,19537958.07
2026-09-13,0xfd2f37d266d4e7c04e9e33421f2513bf49d32d11,337413.719725,-2020.61319,-0.0059528839,257043.336427,3.1982345471,288598.889725,5.9121150217,199537005.56
2026-09-13,0x9df6bda43fd897bf1be8b87841f6e6f89c9f5490,843051.719739,0.0,0.0,44558.171832,0.0558027951,739694.390882,7.1566709305,74743434.16
2026-09-13,0xa516541e599129095d14f7faf8b11ae670c837b0,1781721.705164,-155836.266938,-0.1878838528,-735398.19307,-0.4588816142,1746874.944084,7.4383608105,50595182.03
2026-09-13,0x4cae5bed586f6e73ae54ebd40a4ac4ed2c477c34,1522493.057733,-293629.714811,-0.2765682159,-1037036.376364,-0.5516762471,1361514.311364,7.2242985539,10912243.33
2026-09-13,0x3d643dabed5e1675ffc6a4608d095c11943ef551,859283.576344,0.0,0.0,1041.26,10.4126,284558.164549,0.4599094936,4878657.15
2026-09-13,0x558afca8d68f6a7335837b06ce218a234978225b,328253.830211,-23391.381354,-0.0968154718,-77048.915245,-0.2609479822,430736.772206,5.6321975638,2722626.23
2026-09-13,0x7e1ad5e2bbe30d6d202e7c41036ea0a07c560be9,1958842.127811,-626284.434,-0.2422645155,-724868.665804,-0.2700960381,1994588.526512,5.5463548866,318812117.9
2026-09-13,0x6741bc2e53e9816213f4e785fad8b971048adba1,378250.581681,94940.050666,0.6286190817,242056.179952,1.7772843588,304308.14604,4.1154736573,10828377.86
2026-09-13,0x40f20b734d7d25ba0b6219e921382fa992a56a9e,6128806.605405,1355043.256165,0.5546649252,2997094.384047,1.6151730889,5211276.159407999,4.101037846,993164579.87
2026-09-13,0xc30b98af41c61b9aaafb304b49f04c0f9bdc2185,366544.868171,83580.434714,0.5810169602,231017.576163,1.7045834292,292218.654903,3.9315692547,14598682.56
2026-09-13,0x9bd30e1bf7c4fe28180b01f33f07c7b277fb7026,388432.858652,91620.796875,0.6080358351,244862.731407,1.7055270209,308610.877343,3.8662392524,10281680.13
2026-09-13,0x58a722b5f37435cab8957a17fc575bb136e0b48b,468872.067593,-6905.708114,-0.1240340366,-43377.053832,-0.4319585252,187490.639075,4.7963696132,1720474.87
2026-09-13,0x3e470a0bf8460c3a8320327cf5db7deed3a3aaf6,570477.485003,-100711.020352,-0.1500487859,-310259.686409,-0.3522727284,470327.272328,4.696218408,12334014.51
2026-09-13,0x953c5152e2f8b5ed9d92976cad478a837749182a,313226.83107,38969.076779,0.238288206,185043.578746,1.443586236,246252.602478,3.6768262607,17363679.24
2026-09-13,0x7ca519838f6d8dbbd8488b63f5f2cc461b89028c,256301.591715,-39359.495239,-0.1331236912,-1062706.154176,-0.8056860602,234854.619409,4.4779442756,227076616.12
2026-09-13,0x91867345424fb158888ff9c5f1b1b2e7cd7d65d5,338951.087865,-5513.485314,-0.0160059575,-73850.507935,-0.2818892181,233235.897724,4.1875923151,7139181.62
2026-09-13,0x9dcde9fd7566fe92fc7419cf1c1441c73badc0e9,276483.001084,0.0,0.0,750.45,7.5045,33629.871396,0.1356431536,15952666.21
2026-09-13,0xbd334a55db91617545e8d1b09941e036ad8e4200,5956630.019085,-358392.637189,-0.0567523914,-1250825.218747,-0.2555632272,2898745.447257,3.8918953714,7608076.53
2026-09-13,0x5b5f798b94f54d33ba316c8b1c837e930c90c052,557567.454478,0.0,0.0,276880.112312,0.427083304,835328.121403,3.4933497301,91538439.96
2026-09-13,0xbb1ac608e3bf90b73fa782007878205644c890a7,403714.813307,-166763.526731,-0.3000728514,-496629.88495,-0.551608981,393246.270358,3.8606374873,13571656.99
2026-09-13,0xdd7a372377fc633f74ab6e20963803d52f448830,3012920.604945,-403398.414936,-0.1914012882,-1568582.01975,-0.3423728301,2376733.655875,3.7359044528,38826693.2
2026-09-13,0x5242739cf086d71d65b0c557d2531769156369ab,261996.637096,-17591.62156,-0.232927581,46681.323984,0.8426021894,241956.362309,2.7887894523,1369474.29
2026-09-13,0x0e1cdcd958d002d98528c973f1397b7784abce6d,697367.425318,-16876.910532,-0.0351130324,-12138.946191,-0.0255069586,530043.268482,3.1677629728,6213565.27
2026-09-13,0xb5b3f3caf9d778b1293e5cd29f32e84b04c67a08,3349121.048151,-94062.875724,-0.0562598864,-968252.564334,-0.2889693086,5604331.94001,3.2913089893,158363700.84
2026-09-13,0x341892ca9af16ff90c91bb4a119655dfffb0e5d3,494261.975447,39480.448927,0.0887657324,634651.141815,1.7166733131,742055.887157,2.2103261595,472224669.47
2026-09-13,0x41c684cbde3e449cc67c70aacb6132e3eb25b06d,286347.507748,-2183.644706,-0.0092669817,70024.094817,0.2714879293,429756.853166,2.9297423369,40071363.36
2026-09-13,0xcb5c89e9679fb5b09d1be72f3a9dd789d1e9f6c9,355818.974952,1654.124746,0.0373982125,16987.159793,0.5878517479,259988.500569,2.71300442,1725184.1
2026-09-13,0x92b75a5bfb7be7911747276ad335b8f5da3ce0f4,7404599.02661,-61.518009,-8.308e-06,-428.540347,-5.78715e-05,5538737.045284,2.9684602081,85234086.2
2026-09-13,0x15b325660a1c4a9582a7d834c31119c0cb9e3a42,7361193.608975,-736061.996878,-0.1753784193,-3476870.735675,-0.458113647,5619318.418578,3.2260166799,14338615.45
2026-09-13,0x0c44471cc8516125ead11e09446302ae20540ed4,533190.900686,-26338.961551,-0.0784550827,-247754.860367,-0.2999650486,714840.924956,3.1307704983,64511219.29
2026-09-13,0xb64460b8f4a2f521b815a209f053d35fb1977d51,652886.848871,-48205.914058,-0.0687726551,-155447.776367,-0.192341154,492091.492377,3.0603588506,4461211.29
2026-09-13,0x6d092dd825d74303114eae27988bc5ce029b957d,908497.996397,-37393.563804,-0.0395326117,-19550.382272,-0.0244209686,761450.091083,2.9115152783,86919533.28
2026-09-13,0x9e2cbb5d800181c1ef21b25010dc4ea80eeb5508,3926397.991047,113072.53,0.0983307778,450082.439312,0.1351701134,4144333.535972,2.7970582888,1112716072.48
2026-09-13,0x5d6f7c1e9f7a7dca19b01edbd59ebb9223356f8a,795894.286707,60882.373706,0.2291771189,139025.323144,0.4046836765,428807.898244,2.3868626857,29412302.59
2026-09-13,0x470a5f416a0f380e228cb8f5439c91b0c98c81a6,1555255.911912,0.0,0.0,0.0,0.0,1070485.04,2.6117083019,7652187.24
2026-09-13,0x5ccaf678b74464fac20f6cae8cbaa9b402010c45,771866.642699,-87620.419447,-0.1366839276,35223.867361,0.0679735295,556409.998137,2.582468502,2211517.33
2026-09-13,0xd129d392e5db2bb3bd6db5c2580c9634ac570aa6,296707.549668,-6481.588328,-0.0213639433,-24034.499049,-0.0699608655,486595.536544,2.5891517824,95294719.15
2026-09-13,0x85e14c3f5f5151f7d8acac2d001ef050fab63de4,262871.132454,0.0,0.0,-38053.577546,-0.1264554763,373805.633762,2.604529692,221513999.92
2026-09-13,0x4372812cde0110f75a110f8fed7f3a77d34dddc0,706402.129655,0.0,0.0,32861.743797,0.6736254467,237000.97,2.1725030983,8670536.89
2026-09-13,0x613ead0ea5af374af0ccfc117ef116a8e8d133fe,520938.764934,-30559.282265,-0.2371975598,-98294.04336,-0.271456984,421972.61019,2.681372285,7291390.69
2026-09-13,0xdc5289909be4f3ce2604806bdd1448fd307f19f5,255266.111807,68.940361,0.0032337066,51083.922753,1.3721626183,177772.745477,1.8175569185,20102828.95
2026-09-13,0x48d603762adf3aa0be6f8c05f621451070a3487c,458556.640681,0.0,0.0,-4439.06585,-0.0519128782,146578.074478,2.5243484628,2617804.4
2026-09-13,0x597568694fe6ee1b701ec8578bd57102c9a29abd,2251678.949211,-27685.361065,-0.0366491985,-626026.046936,-0.3956199658,1824867.498165,2.6962716061,30268137.6
2026-09-13,0x75ec3ba266176e733f1b1fdaa15052f5eff724b8,2628439.071903,0.0,0.0,-159689.542806,-0.2986534652,1894345.383552,2.5805219382,81049637.94
2026-09-13,0x3b9e9c9f82eb1c321535fd2bc48d8db9e8e8c503,370267.982231,0.0,0.0,11161.929966,0.2762673419,352570.107063,2.2357315004,23718179.13
2026-09-13,0x03ba951f72e59899ac8dab30cb5624dbe5d52bb8,483228.671994,4007.034316,0.0105664706,46769.22157,0.0816591886,432901.391994,2.3198857134,11128175.75
2026-09-13,0x734531e87f8c1643321355f7143fcc6169c4b404,1705036.310651,16888.637859,0.0135886524,-447848.454749,-0.2080224924,1202225.819284,2.3910118025,110592963.39
2026-09-13,0xea0027b6ea9b6d7d401b5266979cc3b3ca87a918,17905618.448182,-847949.258777,-0.0831196602,-1968265.361505,-0.1497307648,16055366.536015,2.3437626728,38222795.26
2026-09-13,0x66466428990e0f42a4c54f64bee0db6bf2336de5,10032304.534353,-308122.42896,-0.0786289896,96448.500362,0.0274460172,8447404.842067,2.2344016015,36901195.43
2026-09-13,0x32b1223d162056db0fb94ab244d1ef821421b95c,554943.271958,22011.525684,0.0413027106,81551.825678,0.172271439,390208.80603,2.110143399,45532903.83
2026-09-13,0x5740affc8faf8913f9f2d5fbb9bdc6e8119ea9da,2229131.793496,3722.775455,0.0079415099,-187650.879347,-0.2287519386,769119.908922,2.3141320389,3604138.31
2026-09-13,0xa2ce501d9c0c5e23d34272f84402cfb7835b3126,13835104.985618,-642319.432466,-0.0807952983,-2596359.110311,-0.2621525703,13149582.339154,2.3128181357,44740245.96
2026-09-13,0x4860d039cbc7cffb0267f86e63f4b4442b71505e,1460385.728982,-21736.163228,-0.1064867761,-36787.367377,-0.1594956868,196940.994865,2.2615012261,5883188.37
2026-09-13,0x0ca4109c94438dde8d7386da27180f414de80fa8,390877.074326,12152.138341,0.0750350113,68658.379799,0.3877947442,257676.039408,1.93448977,6126656.32
2026-09-13,0x795cfd1b03eafc11c4ec958b8a94cfc9aa64a242,6709049.481257,-265957.737633,-0.0950482227,-1445318.69888,-0.3633740408,4683474.679508,2.3121706863,90338066.56
2026-09-13,0xe46aae69cf2607b68c03ecdf6d94e776287e73b0,327406.415308,-8222.180336,-0.0397709529,-117101.368009,-0.3710230322,437294.011091,2.3001866338,1345744.6
2026-09-13,0x1f1690074a8744e8d38cdca1ab2b75fafe5d6d07,1930833.091984,-108602.47194,-0.163224099,-234780.903043,-0.2212559048,732764.91336,2.2087023383,71509636.12
2026-09-13,0x93ab7dbdeb996806454de19c35c8247f4b2511f8,9303795.455077,63415.736822,0.022996453,-888217.934582,-0.2394592888,4384379.583302,2.1572312021,55539966.2
2026-09-13,0xd7b8209d95d4c05faaa505671211058d51529f55,2488241.3532740003,307086.059502,0.1776914503,884878.395862,0.60236651,1707338.6257230002,1.7057987542,176708605.19
2026-09-13,0xae9e202cdf7826ff7428e4f10835b754818920db,355517.43089,-31296.720424,-0.0809089334,-83565.203084,-0.1800653525,279751.09089,2.1392805858,1333396.71
2026-09-13,0x230963164d9637a4c536270a06b4e3636d44a2d9,1564870.454914,-78703.712564,-0.315642327,-242911.132976,-0.2300058129,1074198.475019,2.18923949,1286511.63
2026-09-13,0xec4a6f59960fb55a7fa49262e2628687b322cf62,5678306.542917,-1153193.160887,-0.1691608723,-2388558.841706,-0.2966230967,3895825.888508,2.1856202921,1274871110.1
2026-09-13,0x6dc903ab5fe0d286cbef6c5042dd2684b7fd78d7,1167224.687018,87.106779,7.46328e-05,14010.802436,0.0121493529,778466.422818,2.0024434064,13292547.36
2026-09-13,0xde8a6d588f8067e761bac811a102e0146c721e41,616154.291053,28804.203053,0.3602398208,95534.666351,0.783694548,554292.439253,1.5317789369,8717550.65
2026-09-13,0x25e9e31168d7ec59b0bfd54ebde8f3f6b9b1a5ea,453962.915423,1659.58,0.009024419,-22374.29,-0.0845601815,319328.735428,2.0090908398,48939184.5
2026-09-13,0xb7e0b9fbc9479330d70bcc82a7d4325a20e8d1aa,5474201.971109,0.0,0.0,788659.615736,0.1547744206,4391452.888428,1.8841379805,283393211.56
2026-09-13,0x7583b5364597736a6a72c4ba61ede0a4a37ef4de,2762394.148891,0.0,0.0,0.0,0.0,1808990.95418,1.897403915,4911581.85
2026-09-13,0xec0b9ebf2a304c99cafe85c548c14dd7783cb078,13202288.690442,-314980.4738,-0.0898592327,-137694.729905,-0.0413748693,10086056.191554,1.9287316392,37709830.05
2026-09-13,0xe2823659be02e0f48a4660e4da008b5e1abfdf29,2056118.853724,-53844.961058,-0.1638552545,-143008.682267,-0.1395393072,6541771.834897,1.967836275,39217022.20999999
2026-09-13,0x456f1049c0f2ec990091bbd3f30af62aca3fcdf1,1697165.404344,-194512.732299,-0.2616685901,-27660.686465,-0.0160367973,1112863.114865,1.9046016675,35250903.93
2026-09-13,0x5aa13316231716ea438eb243feabc296a9094b2b,1407007.472894,-116117.609734,-0.0762364241,-542191.432529,-0.278161162,936540.799395,1.9906634245,35784878.81
2026-09-13,0xf78c5d8d4b604a140d43a46209fade655536c581,3891016.717493,-224379.575167,-0.0545219851,-92237.321433,-0.0231562739,2523399.899959,1.8451073924,16085692.35
2026-09-13,0xb01d0612743a3401b16bef157bd69a909e3cd1dd,348957.339193,-18394.410968,-0.195012914,-37645.178969,-0.3314570459,142434.813315,2.007855646,40880274.86
2026-09-13,0x1e08253f267b5e985859b5cf469972326f191584,610152.101256,-18545.300631,-0.0494666617,-158114.765481,-0.3073325597,404300.830223,1.9640433998,25066892.0
2026-09-13,0x53969485d7422b35c7fe5a4025498f9b69268b79,1433621.416747,-281357.483591,-0.1640588602,-1597911.882906,-0.5270969259,1158948.170401,2.0707584944,69990044.78
2026-09-13,0x9137bd9347f07990a8ce22869f8b93d190479c5a,2613575.374827,-47618.27511,-0.0243235659,-547719.55511,-0.2228492935,1683539.389067,1.8101873635,130254985.62
2026-09-13,0x53f81d22b16ff1718ab8ee52bff0592685325f92,349074.545816,-52405.956007,-0.2034501439,-159757.668245,-0.4377666688,230005.803033,1.9317059848,40281539.86
2026-09-13,0x54fc13e72548503e13eea8b4cfdb4524be39d7d2,480283.464442,0.0,0.0,18900.128313,0.0804702572,319979.7922,1.6383621985,12755679.13
2026-09-13,0xd74916aecd93ca55deb392dfad4c3ae43951ea49,976577.660582,-75150.02804,-0.1663304112,-278154.613118,-0.4247826662,641094.477523,1.910958611,17381999.64
2026-09-13,0x1249351002268a45594b9c429a328a35e6981488,999849.157433,23935.931037,0.1567071936,105027.27425,1.4658033043,84217.817624,0.9108455468,1788654.04
2026-09-13,0xac1b1cc2fee62d8dc215821a7afc1d8594ff2f92,591024.478321,1020.17,10.2017,-456137.287034,-0.5092818475,107666.826712,0.2227477446,174671028.37
2026-09-13,0x2e2b6070bec9be9f50887cfe306ac6ca93002fab,2356161.285416,-151456.74849,-0.1378593675,-814286.275651,-0.4622787059,2228015.491626,1.8901759133,3897138.64
2026-09-13,0x0f83a7bf2ea16c7d8c90e3aa4ca0c8e58a83c9ea,291942.846686,-26863.440282,-0.0842625801,-115835.848993,-0.2840654753,184355.660436,1.7135402593,10925974.84
2026-09-13,0x2c6f7831be3fe15cc7025672f27623a921553725,3959665.406556,-352582.992262,-0.1405426638,-1119399.553068,-0.3417448059,2514322.95617,1.7396036182,16461127.41
2026-09-13,0x5986347c1d0133d02d307f08bb1efd44c2eb89d9,4217769.538509,51762.778734,0.0124250347,-338335.165284,-0.1397789863,2667537.178621,1.6067252049,65656375.46
2026-09-13,0xcf218b31732a91c751fe484bc303525783a88a36,340518.445445,-8245.499345,-0.0236420635,-39605.049168,-0.1032393733,239523.747209,1.591575771,3969724.17
2026-09-13,0x47818abc02d61af1e586d3ceb035591aeae4548f,584260.289105,-112378.036416,-0.1613147487,-63016.411394,-0.0973562177,359320.35089,1.5974057508,5325091.11
2026-09-13,0x9cd0a696c7cbb9d44de99268194cb08e5684e5fe,1347178.966726,35838.774394,0.0273298834,548703.213115,0.6871883251,4810218.931825,1.1668246359,1006836.52
2026-09-13,0xb8f0d3255ae6f936a100d674b1d22265d812075f,420660.553498,23543.894486,0.1642388567,47906.698616,0.1884110217,175860.603884,1.3922598712,18489151.71
2026-09-13,0x9b864dde6ed1c21608b1665a0ac0faa4f7e36e6e,1771647.071559,-158126.395613,-0.1227446473,-579933.217206,-0.3134752864,1519978.722099,1.6811801437,12050359.94
2026-09-13,0x5371c4517b448006941ae335e5cafd54af573c11,1280336.427197,-74487.518046,-0.1529779503,-571472.987385,-0.5808229799,619908.530154,1.8164571239,10308651.94
2026-09-13,0x783ee3148b797b6174e8204f8f224e25b8836682,1967119.942034,-169585.608589,-0.1726966361,-619134.46502,-0.4324970771,1250683.548046,1.7449724864,1492014.36
2026-09-13,0x05b5a0ae689c17cad8155932782a5c29426abe75,3513800.3132240004,-81606.078504,-0.0758226479,-75913.967993,-0.070006946,2124144.492556,1.5219687126,66422371.13000001
2026-09-13,0x9386b9538884d849943d77f1c5412de9e72b021f,909494.90958,207.252236,0.0046284966,-103415.357867,-0.165711716,552913.9670160001,1.5287340359,82334647.19
2026-09-13,0xbb34960afec64f3f1cc78b0c9c342c4657021696,3733607.72472,-205072.274499,-0.1096732716,-193252.791772,-0.0919664149,3257605.326232,1.5045026246,47329380.81
2026-09-13,0x9b220c39d91cabb77132d1e7a4f30c6501aa3aaa,352510.425901,0.0,0.0,-15125.679226,-0.2452307305,214422.038315,1.5527883413,14831863.47
2026-09-13,0x153c8444380512cabdc34f6cea09c322e14e319a,2128970.462423,-310696.11516,-0.1762670695,-921173.783378,-0.3520571153,1320953.30522,1.6348084857,11586540.93
2026-09-13,0x40857f8196d95d605f5580ca26211dd005bcabab,292418.783227,0.0,0.0,341369.899764,0.7323964495,415671.462396,1.0609322202,8428275.7
2026-09-13,0xdd97539fe9a912166f037d81dcf35b3f0ce5c610,3110795.994525,-55316.1,-0.108072241,-63598.29366,-0.0168499337,2271542.328997,1.4429341154,57591857.34
2026-09-13,0xa1be71b903206120fa2b2245e145a5d7be09d8f7,318584.66053,-34676.447699,-0.0976083419,-217412.946679,-0.3780581833,222873.14053,1.6216627614,13235279.99
2026-09-13,0xb70c32dc4a02dd77086248e5b3e6c47f764cac90,448589.138755,118.511928,0.0019076263,-5746.795148,-0.0361476727,263941.698288,1.4294359977,7575282.5
2026-09-13,0x9c6a5b4662c722d2c47f43d6c9813cb080ffa4ed,19153895.185449,-647150.349798,-0.0326826353,-3006582.42123,-0.1356731779,11390316.896527,1.4671478116,44409932.83
2026-09-13,0x8a3cf3c4b300be69429cce5beb2ef14d7200b6b7,2670472.905069,-113063.104933,-0.10271705,-922565.480513,-0.4829613775,1740880.879375,1.6507624152,2220884.38
2026-09-13,0x68f33dd18add8ad4830d78ae66faa98d58f2310e,412117.881124,-11179.090052,-0.3044283852,-55539.650569,-0.5467140501,272578.530298,1.7076626458,7154273.81
2026-09-13,0xa0b31efd7c2b988efb0fedad43144a621ee96839,1147621.353468,0.0,0.0,8590.1,0.1370804533,645930.130065,1.284918556,25980684.25
2026-09-13,0xe18841048abece66a04643582adb1998ed09c7b8,270074.832069,2792.847389,0.0104490671,32912.183987,0.1387747365,151332.332164,1.2744580271,87749660.82
2026-09-13,0xc619b01f1a4f894c5e83338c42f98dcb82b710f5,4568871.606669,-205072.282648,-0.1097468476,-198392.799921,-0.0943919497,3411382.744323,1.4078798324,48210743.63
2026-09-13,0x15e9233b5b42d0b72b1c04a984c1498ee6bbd016,616086.109197,-18756.702019,-0.1613785819,154822.455716,0.7921080874,303465.339731,0.9707139428,41194143.51
2026-09-13,0x72a7837428320ec3c0c072b0c0fc192d6df0c83f,984053.045055,0.0,0.0,48814.63,0.5304818842,509024.261955,1.0702133261,8904663.13
2026-09-13,0x7688b399c3237d098be4688d222d586ab5236451,257146.43025,-2543.685338,-0.0413884475,27156.766479,0.2445492458,270204.285049,1.2170271871,11117140.43
2026-09-13,0x0c1f6941fdcde9488dfd36ca16fed6b3bc49672b,486232.515503,23100.359752,0.0498785486,-61149.515375,-0.1410060102,282668.611499,1.3885988917,75505150.81
2026-09-13,0xfe7e0a8b33061f13fa1f72774b164667c3b911b4,646099.362643,-23731.036724,-0.035428426,7694.613046,0.0120528756,367192.799109,1.3165441303,4467404.0
2026-09-13,0x43753b1ae949c13ecc02529adee1c2658ab6f43c,611135.822707,-8611.330984,-0.0217651742,70784.46319,0.2238233695,334314.219998,1.2076883333,1319545.57
2026-09-13,0x64702807a1f0f9888ea22b858099d7f481227b55,1978195.433273,-283314.687361,-0.1252767718,-598246.909039,-0.2235231821,1313162.521183,1.4466562698,55641453.5
2026-09-13,0x4bdf1130109e9c1bc921d8979ea66284d9c92f37,266782.903914,-7078.627473,-0.0434120445,-40155.278859,-0.2047345113,157205.48892,1.3964211998,1714737.49
2026-09-13,0x3c66b4d46004afaf5a8a1ab7399c1f5aff89eab6,1147332.445369,0.0,0.0,-18837.774772,-0.1028884331,659144.991579,1.3374420088,97618065.44
2026-09-13,0x152e41f0b83e6cad4b5dc730c1d6279b7d67c9dc,19331149.00981,-997788.50148,-0.0490821766,-2879975.606902,-0.1296636553,11126189.137375,1.3560321209,285316818.7
2026-09-13,0x30a7a78ada9aaada13ef7290ce2d18554c9cbd80,638963.638122,53480.252091,0.0993954956,227760.905703,0.5498778445,316789.401083,0.9742143288,45019884.67
2026-09-13,0x684c11fc0db0a657bf8f5bc67eca999c6dd835d1,308087.017584,0.0,0.0,52890.927801,0.2072560255,166052.39,1.1374993227,39709981.94
2026-09-13,0x04a97ae7f350a22cd0cdb6b1875e8905b76495aa,426628.706944,6341.573682,0.0228104422,-13845.15711,-0.0464293162,236489.276777,1.2437676739,10137344.06
2026-09-13,0x42fd5648cf21c158d15e4f58785760755b3f6623,2777781.547253,-59178.38962,-0.0664944692,-110652.37196,-0.1162291088,617936.902178,1.2901060622,93818122.06
2026-09-13,0xed48b856556a69c7c40229c9c4c829b909257c9b,2221940.912191,40797.541772,0.1157805789,158887.212387,0.6781942346,218894.076447,0.8546709184,5876812.97
2026-09-13,0x724b4d225c3df786dff7a4d362dd8710c7cd3a95,479824.190444,-4054.66188,-0.0969989414,11563.261,0.0848242659,259377.340379,1.1682786716,7970636.13
2026-09-13,0xeb0f432beecf10dcc828fc1e36a3386caf634637,1050302.869818,-135653.279405,-0.1143830482,-551327.31123,-0.3442288474,786756.838603,1.381903811,59875843.73
2026-09-13,0x2e2e76c5e1d91a78ec41672da4640620d88a1c50,433908.068055,4924.602148,0.0211352098,-266.626099,-0.0011193565,235325.388088,1.1850247369,48868886.69
2026-09-13,0xb34519875ef21a74a3a5025b40b96288d1717f20,467077.800459,-24650.233748,-0.125100374,-178119.149627,-0.5081676643,276764.150075,1.4542527534,3584070.92
2026-09-13,0x0a506b1e47726e769949086ea60b5b01cbaf956a,265122.711143,-2515.916644,-0.0114884028,29537.955209,0.1311093906,136911.635378,1.1132627913,21270263.95
2026-09-13,0x91fd6db0942ae997db40f0b42049714adb359841,314543.135002,62266.910334,0.2468203669,106334.457158,0.4617034827,159837.61757,0.9040291767,183379432.01
2026-09-13,0xc05b532d9b4eff8c140ad5477dc87d5803b98951,713798.688576,-20947.218106,-0.0285094723,93669.110718,0.1510476424,374206.896395,1.1019315102,64886604.54
2026-09-13,0x422f1f07f40f11bac71db4f520dd0ea1ff20f2c4,764848.581828,54352.224478,0.1398353575,123519.586952,0.3226356189,379848.618328,0.9866198814,1054006.85
2026-09-13,0x4efdb6c6813c648ed775ce7f3ff6e08bca83fc7a,797274.8115930001,13437.462347,0.2909194172,68274.203732,1.4907410298,213014.287292,0.3645878481,3158061.18
2026-09-13,0x38f9715251bd7b9962a51b6e56b547fedb11709a,379097.146991,62863.782364,0.1987892152,177524.711118,0.8806993394,153675.494185,0.6817246359,86279944.0
2026-09-13,0x04febde8d852931b73fd81c09904bb29d3a0e964,744526.236695,-40944.038613,-0.124577728,-115146.589042,-0.285819193,451228.624968,1.3143719132,4341550.22
2026-09-13,0xdf86c7c9069e9bd5bac9d97e21f9aa10f728fb86,423409.544972,44454.701265,0.3626527486,65429.636894,0.3586178316,392349.529979,0.9080903494,55512559.76
2026-09-13,0xde8d9e530b0528ffa7b1190f862536c055dd9524,22868281.634314,-1385456.74017,-0.0571234306,-763315.359057,-0.0323006253,12284523.790703,1.1606958485,209292012.82
2026-09-13,0x843f31e5cd9a6572d235a05cb78ec5ac2ffcc24f,770180.509285,-3627.53365,-0.0046878986,-132894.729894,-0.1471579821,493411.843185,1.2067734314,69661838.64
2026-09-13,0xfbd2daa8ca624eff75cdba752a5b918ab23cbc1a,392012.420758,6155.354831,0.0935382107,174623.593806,0.8032776857,178756.810758,0.7150278151,16981903.91
2026-09-13,0x9757fe365ef60247665e9e312deb6cc8fa04d75c,477162.855269,-50414.785468,-0.1147196395,-156440.162816,-0.2469056465,266573.350246,1.2658434722,42231974.0
2026-09-13,0xb14d1598dbfeaec11bae2a382b29adfcab9e8560,798873.986065,13439.548868,0.0501758459,-139042.88173,-0.1482306838,467138.323019,1.1832168803,289316216.51
2026-09-13,0xf220c9b7b4c0e5e785ebe4b40b17576ce24473e0,1305071.780462,0.0,0.0,239784.589181,0.2149980641,826214.466699,1.00897968,116738490.89
2026-09-13,0xe676708ea7611c93ee106b1d7a2c6f721fc10c18,463222.394429,-2271.169171,-0.0257342886,-11527.227055,-0.1182150558,250672.156205,1.1793548589,1324826.99
2026-09-13,0xdbe0780a5c5a0e3b345101bbc01ac2218196d6d5,4757423.890968,-180655.224723,-0.0513804713,-591238.69079,-0.1505722052,3014385.455255,1.1971165335,2024717.57
2026-09-13,0x422d82d5e532fccfadc6a72d8c6b64727892239e,975098.391515,-102924.500714,-0.218399994,-132089.679135,-0.2167918436,832502.868058,1.2562345715,3685228.99
2026-09-13,0x266b5569ed3017e74dd48059c6db804e016eefcb,1715276.476035,-175141.411043,-0.092642028,-720241.620511,-0.5258601059,1381709.951887,1.3775788077,10748563.04
2026-09-13,0x5f3df357144f748d7d53f30719a6e4040e2c7d04,597593.553459,1541.28,0.2585979524,11937.09,1.433907076,151053.525252,0.3380465432,6159950.16
2026-09-13,0x9cbf099ff424979439dfba03f00b5961784c06ce,2521679.880189,-45100.456775,-0.1029834321,-191904.727841,-0.2839946605,1403441.118793,1.2550460306,2162786.13
2026-09-13,0x37e5ee046fb8e9a41e0bf35d2d37fd6f64fdff10,658718.297903,-10891.322573,-0.143016135,-232522.164122,-0.2583463455,381720.642071,1.2482785096,3085830.06
2026-09-13,0x5461e3a694004602961722522e70f62beb05ae65,321441.320935,-111.011592,-0.0513367394,16651.118408,0.5524754516,145303.850682,0.8180839073,15068458.8
2026-09-13,0x2e32935bfd5b2718f99bc8fdf8b37c16811f7d97,1107941.590948,-34963.340542,-0.1428166047,-119688.720585,-0.3158723876,830764.875768,1.2656347077,25931622.77
2026-09-13,0xede2ec4ce1881d4e86df2a9f280fed72b80bf971,708672.258707,0.0,0.0,0.0,0.0,610861.203269,1.0834501852,2523591.49
2026-09-13,0xc9450ce362e78ade76a0ca88be50ced2c6435799,481768.090742,0.0,0.0,0.0,0.0,152494.892199,1.0762509035,1116829.82
2026-09-13,0x7178cc2d79160d524858c843e350ed8207de0854,1882459.668682,-41566.464677,-0.0216038982,26044.90009,0.0140296773,973237.03982,1.0704056509,22111470.98
2026-09-13,0x09d0dbed3ef5cb17eb60097b1baf31d9916a1a52,585396.385226,-43727.329291,-0.0695051359,-129932.471947,-0.1816401934,314898.12382,1.1641410269,1008712.11
2026-09-13,0x186db447f4de2f258ec100aa194b6e9974a46482,1000039.907528,48.753172,4.24337e-05,-1052842.703122,-0.4781698531,648965.097528,1.2979052753,168120244.87
2026-09-13,0x77746ff04a7014752ab12d81d531aa5e50775343,8233103.705557,35408.45637,0.2143669791,172156.277187,1.2802984282,2277592.221001,0.3824343597,6054322.56
2026-09-13,0x59629e23c52a0d7c092436870ef2db1dc382ddf8,2654612.434303,88150.47213,0.1813687179,-158236.149169,-0.2160469085,1722176.995932,1.1348318338,66745425.24
2026-09-13,0x51588c3acf60dffb5a6fe181e485a2946f7b8266,634503.982573,-715.985086,-0.0011271451,-884.418174,-0.0013919331,123532.563905,1.0569009882,12776049.32
2026-09-13,0x81d3ffbfd90252f5260c942c3e4930bef1155a10,261669.277383,-7505.917632,-0.0501931106,-10221.333133,-0.0666944228,147287.42508,1.0960365746,7107813.51
2026-09-13,0xc2d3a0c560b91a363c6954cba05cc1ac0e9c91e1,276165.332552,-7378.548484,-0.1472443952,-54843.635193,-0.4391154019,168973.316332,1.2968815836,3075649.29
2026-09-13,0x4025d75db7a13e25dc6305ac00cc1c849f26b7c9,279331.389276,-37242.700953,-0.1559763106,-77181.654815,-0.2695304783,300346.556674,1.211859296,329342171.48
2026-09-13,0xaeb0791ac2f5fa62891babf69d1445ef094fc176,1179030.146253,0.0,0.0,77970.470498,1.4395815278,313303.471953,0.3309888957,13103858.88
2026-09-13,0xf206eca70396a5d9989509630a0b6b1dbba529f9,308750.544881,6134.951187,0.1711781051,40942.17,1.0353879578,27517.071174,0.5038972278,1256276.73
2026-09-13,0x3ed4033676d0bdb3938728ca4ac673d00e74bd06,8284211.506976,565.635367,6.82834e-05,1908490.432998,0.2993371904,3914925.430168,0.8960103233,136128006.65
2026-09-13,0x05d95d21b9680b1ceab8fb1f1509fee72ca6d6a9,259184.927731,-11306.856042,-0.2534647467,59068.723802,0.4112365117,164850.5426,0.8786902771,145633382.36
2026-09-13,0x3de9a354243a94e10060a198c7179b8e5393b9a1,350369.789436,-5935.483171,-0.0526302087,-47111.438587,-0.305007131,197055.626796,1.2015868615,7414468.24
2026-09-13,0xe2ad376800c2da03d611700ffc1d013090733c8c,13362955.744833,659477.711532,0.0519131619,3923312.419759,0.4156208328,5152957.595226,0.8182647343,304619074.28
2026-09-13,0xaecfe4eff84a1cd9a24accc1914ac537af7f6e1b,878365.5438,-111623.308791,-0.1772309168,-403388.620115,-0.3147160598,863938.255741,1.219394722,14106623.06
2026-09-13,0x5a733b25a17dc0f26b862ca9e32b439801b1a8c7,763065.02237,-4597.948047,-0.00598954,5435.205608,0.0071394858,392690.532019,1.0295098986,1744698.79
2026-09-13,0x1c814c8068ddd68bcc79bd9d28a1698ba099072d,398696.576207,-74125.652546,-0.1567727743,-55950.022417,-0.1207978576,253428.194028,1.1156250082,5511761.96
2026-09-13,0xa19ed0ae46e89461e56063f1ed268a0dc225745f,329641.096927,-5228.627827,-0.0156139162,-80754.365462,-0.230541777,175975.386583,1.1451831784,7293864.98
2026-09-13,0x6891ed9ee6a9d0649ffac2bcee814e6899a0e075,3463353.472781,96969.08,0.2879462883,425485.815,1.0539800176,1075570.320912,0.450447236,3349875.72
2026-09-13,0x9546b9d4103be41ce13483a8f299d0df0eeb181c,1311408.934687,-215748.290384,-0.142016536,-2546042.171593,-0.5250143992,2167951.778737,1.3068649424,4079173129.08
2026-09-13,0x17f0361771a9042d816cd007c731be15f05b094f,374146.751572,-22702.056817,-0.0572058082,-182908.429959,-0.3265678627,205029.577108,1.1909580392,20740818.87
2026-09-13,0xcb5c2f378860437fad512c3aec09efce1c470283,531540.595798,-6076.716765,-0.0113030526,-6076.716765,-0.0113030526,268760.629272,1.0227592035,6351937.41
2026-09-13,0x30428a743e2a2f8d1c3fea017e0d76440435fa8d,539145.023343,1971.612274,0.003670346,-146584.072784,-0.1900754896,327874.314031,1.1049572007,23640766.99
2026-09-13,0x54a7240cea67b8c41b7c7f2b485360f37331aef4,306750.222838,-25364.520609,-0.2180853173,-85042.448464,-0.4832412478,195771.116093,1.2849547622,6356010.82
2026-09-13,0x736850ee773ac6170fcaeda596514269b863ee56,386731.89984,-28558.233069,-0.0687669434,44380.573312,0.1296345884,286012.116624,0.9510886264,15300627.6
2026-09-13,0x2ed2bdcd9a550564242a8ef31c17a1bff1d5a75d,278023.068769,-3799.770424,-0.0134828335,-14122.790932,-0.0468968458,90532.186182,1.0289167323,15298527.16
2026-09-13,0xde5a8068836a16f92813104d7faf602bb0cbdf62,854194.685058,-15920.163004,-0.0456463495,-166676.555055,-0.3336679131,469851.559646,1.1706920799,3758458.21
2026-09-13,0xa243ecc646b1ce99c8c2810b6581cce76ec6f989,699069.988445,10122.417204,0.0146925799,-27422.029587,-0.0377458099,378421.241849,1.0106007652,71186260.81
2026-09-13,0x0e41eb80e9a39ae7b887a94f6a88f6c791e26359,7121783.638266,17672.479987,0.1297808864,75863.839784,0.9728589175,2326665.974875,0.4852054981,2358267.58
2026-09-13,0xa61c57d0d1a83c02542092b431999b9870dd66b9,6009022.488538,755543.641844,0.1440341523,1999146.739364,0.4995389561,2503291.757627,0.7140570539,75583845.39
2026-09-13,0x73045e207623eed9e09f647fec7d3f3c0b4a37a1,651321.408807,-38660.105928,-0.1518794061,-121531.611418,-0.360183033,359744.536238,1.1928348881,2793405.57
2026-09-13,0xc98ed10256c47ba49317056ceb2918bb245a3f19,257088.465653,-23481.223716,-0.1276045878,-158755.606878,-0.3689062355,147748.968886,1.1930944708,1858730.48
2026-09-13,0x54dbc1fbf6b1cd59807db61109b1d9eb91fd1a04,3454566.284212,-66910.929736,-0.0253625084,-349676.266343,-0.1197132803,1334222.713599,1.0497363388,56136073.32
2026-09-13,0xd5d29dbf880eea93d4ed2ccb79c642bde0a48480,537703.533282,-48952.47477,-0.0834432344,-135840.549477,-0.2016802656,281336.588857,1.0973980654,16421289.87
2026-09-13,0xf00eabc409c51cf884ec7861cb839524af6afe3d,307485.41592,19870.190546,0.0792605734,95638.454169,0.451451883,255985.177883,0.7430513473,10938931.77
2026-09-13,0xb4a9964201c213af0c9c7f62af561813c9a2f1f7,5842146.872283,0.0,0.0,-0.000455,-2.2e-09,212741.87346,0.9813098757,7416981.12
2026-09-13,0x607c7fbcfda3b2ae0b474c1b72d6e03763028472,295090.116853,562.200104,0.0019088177,36058.656362,0.0860523845,220192.908717,0.9374011316,2863913.76
2026-09-13,0x767a1e1f1796b9c8def2f1e8ed08a7596e930ace,2373917.246274,-23221.36,-0.0569424276,-161762.21,-0.2960806837,2060910.839503,1.1211189549,15383446.02
2026-09-13,0x92bff72e6c943a1348aedf15d68e758e811dec64,391693.928588,-8642.858659,-0.0253414777,-163963.37649,-0.235703591,276131.330395,1.0805836578,134052304.56
2026-09-13,0x14c624428f50785e26d94779769e3b0f3340b280,1569284.71433,-25460.124734,-0.0159650147,-286067.673177,-0.1541850891,797608.478527,1.0336050814,4448262.91
2026-09-13,0x15e5b76a758af6b14ce6f134374e32dcb5450cd6,354209.045448,5743.776767,0.1683895998,7645.420324,0.158532009,163879.181882,0.8364231874,1988413.35
2026-09-13,0x0dd73d2b71efb30daf8cd48c9dfa8dc35868fe65,2460939.3979990003,11360.35166,0.2561999218,59168.518298,1.0792133571,648972.6844120001,0.3580803612,1724488.34
2026-09-14,0x634fe24f2f7396f5d967ec3936df04f49a3e6951,3881135.867204,714537.754018,0.2256341353,926154.072978,0.31349677,3800944.072739,46.2873419125,161486478.12
2026-09-14,0x020ca66c30bec2c4fe3861a94e4db4a498a35872,8153086.192369,2971446.301946,0.5734567366,367316.633987,0.0471779517,7911323.0162,32.7234409374,3458180260.93
2026-09-14,0xbf732ea04197942783e34730ed6e0f6099575d58,3505545.7807340003,737952.784744,0.2666310404,2575446.807774,0.5181348036,7433086.283421,29.0138684781,395416622.47
2026-09-14,0xe21be5bb37a3af716174cdc5d095ab224b3ef9de,409232.01007,5967.169077,0.0147971469,5071.06,50.7106,56643.254995,0.1520261248,4068019.6
2026-09-14,0x991e044d97b946fe549e92ac9bfa5119592a0e54,878661.417022,181790.837337,0.2608674302,-70914.78153,-0.0746804539,851517.512355,16.3301447752,4383536.99
2026-09-14,0x9df6bda43fd897bf1be8b87841f6e6f89c9f5490,1042994.416892,199942.7,0.2371654047,254293.58,0.3224208266,965293.320149,12.4231620995,105098127.12
2026-09-14,0x4cae5bed586f6e73ae54ebd40a4ac4ed2c477c34,2054380.165597,549881.826328,0.3630785271,-284456.495657,-0.1708118734,1932823.207637,12.4487080014,10199668.93
2026-09-14,0x7e1ad5e2bbe30d6d202e7c41036ea0a07c560be9,1875925.234125,719408.892714,0.3367205196,-282704.193237,-0.0900715528,2921579.380148,11.6143100075,350612287.34
2026-09-14,0xc6a7757dfed3b596a5b5865d1dd92dff7f12d9ec,261362.382158,5112.913437,0.0199528743,26087.23229,0.1108796756,239112.820143,10.6987698454,19784313.68
2026-09-14,0xfd2f37d266d4e7c04e9e33421f2513bf49d32d11,448509.216213,107864.506488,0.3166481094,333331.636095,2.8940665177,399694.386213,8.1879704633,229728969.05
2026-09-14,0x7ca519838f6d8dbbd8488b63f5f2cc461b89028c,378593.05815,97359.601149,0.3422930698,-1125922.007973,-0.7467737328,374131.826889,9.677183439,228147341.75
2026-09-14,0xa516541e599129095d14f7faf8b11ae670c837b0,2191121.601603,342411.225288,0.1852062438,28912.344895,0.0231734231,2151020.007158,8.9587910157,49294991.89
2026-09-14,0x3e470a0bf8460c3a8320327cf5db7deed3a3aaf6,768928.146189,160293.111186,0.26336491,9040.642141,0.0118973428,691106.789235,8.8806828393,12391209.4
2026-09-14,0x91867345424fb158888ff9c5f1b1b2e7cd7d65d5,362918.265378,22603.176274,0.0664183781,-34250.217612,-0.0862359907,281300.544878,8.9130391157,7111981.62
2026-09-14,0xab7fb756330e3983e676f44c03dabda9120aa273,293751.030349,69259.82936,0.3073201482,28385.354758,0.10537206,495732.769597,7.4868326684,15898475.56
2026-09-14,0xbd334a55db91617545e8d1b09941e036ad8e4200,6306466.309723,249164.069944,0.2853538295,-664045.411121,-0.3717257431,3448606.907154,6.3301500663,7608076.53
2026-09-14,0x3d643dabed5e1675ffc6a4608d095c11943ef551,890426.327555,27469.402259,0.0318317189,1041.26,10.4126,315700.91576,0.5102431292,4878657.15
2026-09-14,0x558afca8d68f6a7335837b06ce218a234978225b,373362.643476,18361.718758,0.0517230167,-25183.620903,-0.0873840353,469362.096608,5.6576195426,2652170.02
2026-09-14,0x58a722b5f37435cab8957a17fc575bb136e0b48b,484190.479693,12690.439354,0.0269150334,-19543.509174,-0.2167054749,201089.354138,5.1442507875,1781809.08
2026-09-14,0xb64460b8f4a2f521b815a209f053d35fb1977d51,745182.821012,47960.27097,0.0687876073,-19217.348374,-0.0251454547,607563.855843,4.414826511,4461211.29
2026-09-14,0x5b5f798b94f54d33ba316c8b1c837e930c90c052,679223.725336,88309.36,0.3098536309,482916.7,0.9101718925,923637.442323,3.8626601069,111441049.93
2026-09-14,0x6aaace278e10ff05cb9c06cc8486f8ca4d249962,259999.922137,73149.628129,0.3914878942,-24361.791969,-0.0881879639,385567.268686,4.2192556218,20102891.59
2026-09-14,0xbb1ac608e3bf90b73fa782007878205644c890a7,373715.12132,0.328013,8.125e-07,-505980.045844,-0.5562177768,404544.654371,4.467043144,13571656.99
2026-09-14,0x953c5152e2f8b5ed9d92976cad478a837749182a,328300.30285,10807.87178,0.0340413526,190284.057816,1.378707686,252020.364664,3.3038878984,17425576.33
2026-09-14,0x53969485d7422b35c7fe5a4025498f9b69268b79,1645686.723131,349638.384074,0.2416217722,-1155331.202167,-0.391369982,1675677.630067,4.1271921643,75072438.75
2026-09-14,0x9dcde9fd7566fe92fc7419cf1c1441c73badc0e9,286807.763959,7063.766926,0.0252508258,750.45,7.5045,43954.634271,0.1772871843,15952666.21
2026-09-14,0x15b325660a1c4a9582a7d834c31119c0cb9e3a42,8633258.2073,1211909.679046,0.1633004668,-1560365.053075,-0.2246714733,6891383.016903,3.9563012637,14338615.45
2026-09-14,0x0e1cdcd958d002d98528c973f1397b7784abce6d,754441.001026,49656.945396,0.0704569648,29234.968701,0.0403126386,597901.362951,3.8194885992,6598498.73
2026-09-14,0x6741bc2e53e9816213f4e785fad8b971048adba1,339489.815453,-27503.240428,-0.0749421276,195697.571002,1.3609744514,255926.847765,3.0626826075,10910868.43
2026-09-14,0xc30b98af41c61b9aaafb304b49f04c0f9bdc2185,339050.84681,10555.508033,0.0321329005,195664.155623,1.364590772,254835.122854,3.0259803144,14660558.48
2026-09-14,0x6d092dd825d74303114eae27988bc5ce029b957d,1070532.952151,119538.573812,0.1256985073,190884.49651,0.2177927742,926181.676024,3.5782860192,92929114.75
2026-09-14,0x41c684cbde3e449cc67c70aacb6132e3eb25b06d,309038.739327,21890.656883,0.0734769537,95484.784405,0.3594695062,473585.534693,3.4817489393,41797830.77
2026-09-14,0x9bd30e1bf7c4fe28180b01f33f07c7b277fb7026,355343.255377,-26778.296075,-0.0700779529,204427.068615,1.3545735087,264772.282812,2.9233679987,10343556.1
2026-09-14,0x85e14c3f5f5151f7d8acac2d001ef050fab63de4,376076.867311,113205.774406,0.4618742063,75152.157311,0.2497374088,484970.997281,3.3317196326,223346658.84
2026-09-14,0x1e7127c81c8a58661a0811f026b6be66533934be,301680.43574,83130.115075,0.380370593,-19096.864291,-0.0634860333,233044.440776,3.395401261,36112455.99
2026-09-14,0xd129d392e5db2bb3bd6db5c2580c9634ac570aa6,332933.245067,36225.695399,0.1220922603,170043.86675,0.9157436375,528095.361955,2.8911045987,103236714.82
2026-09-14,0x597568694fe6ee1b701ec8578bd57102c9a29abd,2516328.314417,233840.866154,0.1024500119,-233235.113416,-0.1608373975,2136477.23708,3.3920355366,31784702.6
2026-09-14,0x613ead0ea5af374af0ccfc117ef116a8e8d133fe,570355.707275,31094.440812,0.0576504891,11917.565048,0.0673396563,481568.857345,3.2716924832,8183418.32
2026-09-14,0x40f20b734d7d25ba0b6219e921382fa992a56a9e,4864078.311826999,-577891.138448,-0.1061895928,1536718.998963,0.4358806213,3946547.86583,3.1057540732,1072755299.12
2026-09-14,0xec4a6f59960fb55a7fa49262e2628687b322cf62,7571436.367261,1286041.492571,0.2046079074,-114723.6032,-0.0149552094,5772095.21442,3.2078937367,1253953944.71
2026-09-14,0xb5b3f3caf9d778b1293e5cd29f32e84b04c67a08,3497154.242441,148755.698105,0.0444259237,-670895.486027,-0.1653450938,5691843.11485,3.2317482676,181643176.0
2026-09-14,0x341892ca9af16ff90c91bb4a119655dfffb0e5d3,496390.477022,5194.761036,0.0105757458,505164.246796,1.0087450024,783290.113425,2.6454652774,492280761.24
2026-09-14,0x1e08253f267b5e985859b5cf469972326f191584,696857.549757,64224.577086,0.1015194905,-33225.06427,-0.0609007643,526736.040288,3.0962342265,21172708.26
2026-09-14,0x5242739cf086d71d65b0c557d2531769156369ab,276586.744081,15242.049995,0.0583216355,46213.671334,0.1891111439,256637.322815,2.9611030301,1369474.29
2026-09-14,0x5ccaf678b74464fac20f6cae8cbaa9b402010c45,836927.921745,55341.278343,0.0708063256,92036.520977,0.1748253437,621471.277183,2.8844377413,2211517.33
2026-09-14,0x92b75a5bfb7be7911747276ad335b8f5da3ce0f4,7404829.875428,221.841538,0.0001756115,-100.46796,-1.35677e-05,5538967.894102,2.9685839304,85234086.2
2026-09-14,0x75ec3ba266176e733f1b1fdaa15052f5eff724b8,2899061.414333,265549.348405,0.1008346807,-67940.749568,-0.1270721992,2164967.725982,2.9491700726,82226642.5
2026-09-14,0xcb5c89e9679fb5b09d1be72f3a9dd789d1e9f6c9,345601.385026,-7749.279619,-0.0219308477,3006.067339,0.0920398524,255732.838358,2.8456322912,1725184.1
2026-09-14,0x93ab7dbdeb996806454de19c35c8247f4b2511f8,9866515.194803,556733.029727,0.1969318707,-155977.166267,-0.0440645346,5178226.319017,2.8747423664,55539966.2
2026-09-14,0xe46aae69cf2607b68c03ecdf6d94e776287e73b0,374026.633083,42198.911969,0.1271711472,-42160.022545,-0.1467474925,501784.818654,2.9132578539,1345744.6
2026-09-14,0xa2ce501d9c0c5e23d34272f84402cfb7835b3126,15307529.100368,1000951.04367,0.0699643926,-812121.319658,-0.0849729986,15044386.221778,2.8584409618,44740245.96
2026-09-14,0x5740affc8faf8913f9f2d5fbb9bdc6e8119ea9da,2278601.416208,47921.564249,0.0912974545,-86083.464641,-0.1120346988,852222.821369,2.8515607125,3604138.31
2026-09-14,0x795cfd1b03eafc11c4ec958b8a94cfc9aa64a242,7240597.33845,555779.670934,0.0831405879,-785518.182854,-0.1852940514,5371359.127051,2.8735551704,101359317.61
2026-09-14,0xcbbc60df1f1b062e5ce90715e1400a4acfe3985f,336765.7972,100420.824855,0.4248908867,-46788.519375,-0.1131375432,268649.908287,2.7380876967,6611674.94
2026-09-14,0x9e2cbb5d800181c1ef21b25010dc4ea80eeb5508,3730285.022154,-151940.562085,-0.0384912217,100881.43142,0.0290177063,4013403.127079,2.7086918525,1134349381.98
2026-09-14,0xdd7a372377fc633f74ab6e20963803d52f448830,4195776.193043,591651.055626,0.1641594099,-424809.208428,-0.0919383956,3070040.024801,2.7271399031,37974807.23
2026-09-14,0x1f1690074a8744e8d38cdca1ab2b75fafe5d6d07,2076632.495623,138724.509052,0.0715846728,-21878.113181,-0.0248078884,874988.97576,2.6373945606,71531890.61
2026-09-14,0x53f81d22b16ff1718ab8ee52bff0592685325f92,434053.626654,59314.224021,0.1582812579,-62647.903479,-0.1606799706,315719.566831,2.6680362974,41050203.36
2026-09-14,0x456f1049c0f2ec990091bbd3f30af62aca3fcdf1,2083861.240243,323862.115577,0.1840126572,67664.621956,0.0335605275,1499384.789463,2.5653467945,36067585.64
2026-09-14,0x470a5f416a0f380e228cb8f5439c91b0c98c81a6,1555255.911912,0.0,0.0,0.0,0.0,1070485.04,2.6117083019,7652187.24
2026-09-14,0x66466428990e0f42a4c54f64bee0db6bf2336de5,10531454.480599,264540.809373,0.025766342,499149.514857,0.0475167572,9054863.428827,2.5425703097,36901195.43
2026-09-14,0x230963164d9637a4c536270a06b4e3636d44a2d9,1736865.598758,126715.167568,0.0786977199,67012.81544,0.0740055265,1239875.795128,2.494771092,1286511.63
2026-09-14,0xe0d28485398e3fd59bd29f5dfe93614a4b6745fe,541387.166271,15165.394799,0.0288193982,14203.658476,0.0396987756,266225.624941,2.5171705474,1286702.77
2026-09-14,0x03ba951f72e59899ac8dab30cb5624dbe5d52bb8,518785.103519,35178.150777,0.0917036309,14756.132243,0.0230454268,468457.823519,2.5104299321,11128175.75
2026-09-14,0xb01d0612743a3401b16bef157bd69a909e3cd1dd,354897.390009,6102.536047,0.1191432949,-20801.218719,-0.2007135925,159105.550018,2.6008907563,41338701.12
2026-09-14,0x47818abc02d61af1e586d3ceb035591aeae4548f,747448.933483,170613.644378,0.3092910629,122716.613606,0.2046896874,525178.980301,2.3627979076,5325091.11
2026-09-14,0x1add90cfe379ad9c56c36522a3a4d33e89032671,254636.338088,42838.212629,0.1922741195,-300444.261573,-0.541904356,452136.547075,2.7165789987,56270838.15
2026-09-14,0xae9e202cdf7826ff7428e4f10835b754818920db,396815.892478,24240.682166,0.1968641671,-24748.820303,-0.0554204566,321049.552478,2.4550934637,1333396.71
2026-09-14,0x32b1223d162056db0fb94ab244d1ef821421b95c,554790.689957,5194.151698,0.0094367554,43422.195248,0.0849137084,401473.066253,2.4150752757,45309424.43
2026-09-14,0xea0027b6ea9b6d7d401b5266979cc3b3ca87a918,18722609.41498,816423.727898,0.0455945081,-819917.277071,-0.0639892988,16909862.251516,2.4820912819,38222795.26
2026-09-14,0x7583b5364597736a6a72c4ba61ede0a4a37ef4de,2762394.171403,0.016022,5.8e-09,0.0,0.0,1962433.79246,2.4531637368,4911581.85
2026-09-14,0x5d6f7c1e9f7a7dca19b01edbd59ebb9223356f8a,847434.559308,46168.349103,0.0576192388,191747.721242,0.5649585019,446465.405808,2.1201805901,27136585.71
2026-09-14,0x734531e87f8c1643321355f7143fcc6169c4b404,1732477.52384,54752.660824,0.0326350655,-267838.007921,-0.1338978794,1229667.032473,2.4455874601,117559555.79
2026-09-14,0x4372812cde0110f75a110f8fed7f3a77d34dddc0,734243.787961,19827.483477,0.0277534028,22389.922154,0.3810200477,237000.97,2.1725030983,8670536.89
2026-09-14,0x0c44471cc8516125ead11e09446302ae20540ed4,486370.412013,-37354.251698,-0.0713242173,-239697.924176,-0.3128936582,642007.011554,2.5241988622,68148998.27
2026-09-14,0x6faf4312b8b5bb032f76dffe100c52c810f056a0,314335.977975,68551.744965,0.2789104771,-53355.685992,-0.1451098603,219540.600627,2.3159420509,98999638.81
2026-09-14,0x9466140c8781e253fe426c87ac17ccba500140ff,278590.255065,54473.918705,0.2429542285,-54503.058843,-0.2122361778,226304.735686,2.3499304344,2153974.11
2026-09-14,0xf78c5d8d4b604a140d43a46209fade655536c581,4224161.146458,150759.24647,0.1088276889,250704.25889,0.0630947475,2917385.034559,2.2325056358,16085692.35
2026-09-14,0x153c8444380512cabdc34f6cea09c322e14e319a,2491005.892455,378625.388314,0.179241092,-653772.197877,-0.2411409456,1750015.624161,2.3617255166,11586540.93
2026-09-14,0x0f83a7bf2ea16c7d8c90e3aa4ca0c8e58a83c9ea,350034.560282,45086.104842,0.1478482807,-5866.628843,-0.0164838697,242447.374032,2.2534883669,11151812.9
2026-09-14,0xdc5289909be4f3ce2604806bdd1448fd307f19f5,253443.243794,-2210.048493,-0.0086447097,38891.068088,0.9183290421,176026.406214,1.8011115137,22258913.67
2026-09-14,0xd74916aecd93ca55deb392dfad4c3ae43951ea49,1110445.304736,94403.464757,0.0929129698,-83201.845233,-0.1401340843,774962.121677,2.3099879839,18035424.67
2026-09-14,0x5aa13316231716ea438eb243feabc296a9094b2b,1554621.42224,76234.368361,0.0515659063,-275571.634823,-0.1505697083,1080499.551121,2.2789489727,36051087.62
2026-09-14,0x3b9e9c9f82eb1c321535fd2bc48d8db9e8e8c503,366543.298743,-3724.683488,-0.0100594263,261.223806,0.0007131766,348726.401535,2.2096898856,24618121.98
2026-09-14,0xe2823659be02e0f48a4660e4da008b5e1abfdf29,2230867.798066,157846.192696,0.0761430524,16955.484933,0.0174138237,6884234.764379,2.1808786078,39100832.78
2026-09-14,0xa1be71b903206120fa2b2245e145a5d7be09d8f7,401342.349013,81691.176611,0.2555635132,-57513.614069,-0.1161884989,302697.109013,2.2024754912,14235100.67
2026-09-14,0x9137bd9347f07990a8ce22869f8b93d190479c5a,2972910.453319,302886.552204,0.1134396408,-257185.181927,-0.0797555693,2042874.467559,2.1965542182,134409783.42
2026-09-14,0x2e2b6070bec9be9f50887cfe306ac6ca93002fab,2672547.989399,217970.130034,0.0888014732,-200768.164044,-0.1371210603,2544402.195609,2.1585881076,3897138.64
2026-09-14,0xb7e0b9fbc9479330d70bcc82a7d4325a20e8d1aa,5428901.120791,-35300.812094,-0.0357258497,607511.776236,0.1257426659,4454943.353436,2.0231738316,291995842.34
2026-09-14,0x9b864dde6ed1c21608b1665a0ac0faa4f7e36e6e,2107969.389393,231738.946171,0.122858236,-68013.540567,-0.0311134819,1869446.801767,2.0749305394,12050359.94
2026-09-14,0x68f33dd18add8ad4830d78ae66faa98d58f2310e,465966.705982,55201.593071,0.1343872479,-18025.264565,-0.0357592024,326363.117157,2.0437923192,7396481.68
2026-09-14,0x38f9715251bd7b9962a51b6e56b547fedb11709a,482821.11162,132058.846929,0.3764910317,274299.879542,1.3154529964,273597.821926,1.3076833957,93490082.11
2026-09-14,0x04a97ae7f350a22cd0cdb6b1875e8905b76495aa,495569.968154,68342.59021,0.1599677215,57921.44418,0.1323469428,321101.077904,1.8404489044,11724743.9
2026-09-14,0xec0b9ebf2a304c99cafe85c548c14dd7783cb078,13512085.620912,66111.673306,0.0049168378,54294.004026,0.0040343918,10264689.280255,1.9148623623,37709830.05
2026-09-14,0x31b1ecf848443472e34d204a134812d86ab01434,18275712.036583,3576189.651945,1.3727166393,1514448.192672,0.324506099,11035650.453653,1.5242481472,24114993.7
2026-09-14,0xee16198171b3cf5c96af82e538d489f78935fb67,250919.458919,8193.082886,0.0337543988,23447.21693,0.0984051551,172886.384446,1.8515458967,18567042.76
2026-09-14,0xeb0f432beecf10dcc828fc1e36a3386caf634637,1328714.5536,191070.146027,0.1679524329,-99218.157249,-0.0694837764,1072071.11669,1.9061562372,59875843.73
2026-09-14,0x8a3cf3c4b300be69429cce5beb2ef14d7200b6b7,2876668.779524,175336.750402,0.0649075154,-520620.814472,-0.3040313841,2013183.636554,2.0366351997,2220884.38
2026-09-14,0x0ca4109c94438dde8d7386da27180f414de80fa8,371181.397768,-11158.369705,-0.029184434,33060.28261,0.1897827567,237980.36285,1.7866254793,6262921.51
2026-09-14,0x6dc903ab5fe0d286cbef6c5042dd2684b7fd78d7,1163022.581043,-4199.807351,-0.003598121,9721.947165,0.008429673,754574.353639,1.8474173788,16315812.49
2026-09-14,0xde8a6d588f8067e761bac811a102e0146c721e41,611411.216014,-7171.933707,-0.0115941304,82444.967796,0.6672900003,549549.364214,1.5186715194,8717550.65
2026-09-14,0x05b5a0ae689c17cad8155932782a5c29426abe75,3776409.795627,208399.036551,0.0584076256,194790.171392,0.0543860577,2436887.1496090004,1.8111082387,70775727.08
2026-09-14,0x54fc13e72548503e13eea8b4cfdb4524be39d7d2,475758.163651,-4558.019821,-0.0094896237,39366.642892,0.1877586501,325062.09512,1.7504966432,13205660.32
2026-09-14,0x2c6f7831be3fe15cc7025672f27623a921553725,4249037.39482,223684.004456,0.1264900641,-816041.208901,-0.2501999748,2803694.944434,1.9398136017,16461127.41
2026-09-14,0x9386b9538884d849943d77f1c5412de9e72b021f,980390.032727,60625.689812,0.0659072072,-34349.360907,-0.0560376653,637098.292474,1.8286836881,93417610.4
2026-09-14,0x1338a67b37aeaf796357d78501a0c3695c51c48e,1375469.166458,274504.518031,0.2483251926,54513.585214,0.0412682955,874542.726458,1.7304473239,8038261.42
2026-09-14,0x5986347c1d0133d02d307f08bb1efd44c2eb89d9,4589246.67165,367829.282173,0.0871340709,106872.151442,0.0463222031,2993056.730352,1.7542341904,65656375.46
2026-09-14,0x005a09b498f2a28b54652a70d7812e63414161fe,597413.123527,139574.677695,0.3048557389,149105.188515,0.5306048827,354939.90212,1.4638313462,1652427.65
2026-09-14,0xcf218b31732a91c751fe484bc303525783a88a36,353578.880309,13248.943087,0.0415859067,-18195.88757,-0.0484868399,252344.881652,1.7930624312,4014153.41
2026-09-14,0x121acb29e168cc9e97dbd7b280ee8baf2cb34c6e,263712.050517,32462.186871,0.1403771071,8938.232106,0.0293073774,402880.618526,1.7303964761,3758756.55
2026-09-14,0x9c6a5b4662c722d2c47f43d6c9813cb080ffa4ed,20889304.592967,1312734.258595,0.3919647281,-211467.694523,-0.0100217988,13125726.304045,1.6906799694,44409932.83
2026-09-14,0x9b220c39d91cabb77132d1e7a4f30c6501aa3aaa,375159.391526,20049.084361,0.0564587509,5902.762067,0.0159855277,237071.00394,1.7168062289,14831863.47
2026-09-14,0x783ee3148b797b6174e8204f8f224e25b8836682,2186226.733112,108989.538772,0.0524609665,-276749.25541,-0.2115405987,1413569.640602,1.8287838708,1492014.36
2026-09-14,0x874226b22939904f436ff0434e1fd0ab257c8427,762931.014178,239758.959836,0.4582793707,245322.869427,0.4739548091,447303.69204,1.4171893897,44898604.41
2026-09-14,0x3c66b4d46004afaf5a8a1ab7399c1f5aff89eab6,1215155.223672,55328.563736,0.0477041662,15084.895081,0.0125700092,768648.08572,1.7037160479,97567665.44
2026-09-14,0x3f240a16bb7c34302cab342227207acc3d9e0d4d,390007.445955,95789.428445,0.3253573135,-47846.723596,-0.1092268332,245884.72254,1.7037735679,430249789.76
2026-09-14,0x266b5569ed3017e74dd48059c6db804e016eefcb,1987453.434135,203096.863758,0.2826744037,-302360.183768,-0.1320399955,1680478.746596,1.7210842749,10700853.86
2026-09-14,0xb2662fca65f6446b8b1898340118d44d680a4449,1412727.384519,312096.192573,0.283561101,-201864.929103,-0.147779076,893180.851133,1.7191546738,8838756.49
2026-09-14,0xb34519875ef21a74a3a5025b40b96288d1717f20,538472.347065,63584.374608,0.1338934197,-104188.146549,-0.3213512576,348158.696681,1.8293942446,3584070.92
2026-09-14,0x25e9e31168d7ec59b0bfd54ebde8f3f6b9b1a5ea,414308.950505,-38614.505771,-0.0852561404,-53389.3,-0.2322594055,282184.236374,1.8038728343,57870765.81
2026-09-14,0xbb34960afec64f3f1cc78b0c9c342c4657021696,4076364.47479,188133.757741,0.0911817701,188639.098759,0.0914490888,3543824.883497,1.6102625511,47843660.03
2026-09-14,0x1c814c8068ddd68bcc79bd9d28a1698ba099072d,464823.545775,30270.804107,0.0696596781,-10311.517789,-0.0213198084,341263.380371,1.6610190989,5170387.24
2026-09-14,0x17f0361771a9042d816cd007c731be15f05b094f,456246.45165,74006.207855,0.2725023982,-32415.435172,-0.0659252457,284454.697554,1.6270383454,20740818.87
2026-09-14,0x64702807a1f0f9888ea22b858099d7f481227b55,2140321.213785,94232.41668,0.0460549008,-513885.658206,-0.1865820841,1507477.817368,1.7217829079,56805162.92
2026-09-14,0xe18841048abece66a04643582adb1998ed09c7b8,270790.565312,951.399368,0.0035258016,32710.787312,0.137394228,164810.649296,1.5551120957,88137088.1
2026-09-14,0xc05b532d9b4eff8c140ad5477dc87d5803b98951,833826.806746,115162.329363,0.1602449168,181750.100358,0.2787250312,494235.014565,1.455379741,76130400.67
2026-09-14,0x0c1f6941fdcde9488dfd36ca16fed6b3bc49672b,512608.801693,26047.102323,0.0535329895,9052.119114,0.0232200482,315210.223207,1.5968211404,80383195.15
2026-09-14,0xfe7e0a8b33061f13fa1f72774b164667c3b911b4,677324.109845,22397.529746,0.0341985353,-29979.540895,-0.0423856725,419943.554845,1.6316056047,4252377.82
2026-09-14,0xa19ed0ae46e89461e56063f1ed268a0dc225745f,364173.367205,34260.404164,0.1283559384,-30227.616213,-0.0904243202,225253.934335,1.6214717386,7293864.98
2026-09-14,0x09bc0cfdb1ab43a57a8a4df7ffcdff9a980bbd0c,295465.971295,47726.517555,0.1926480293,-137916.306515,-0.3182324557,186459.761295,1.710542558,19236461.96
2026-09-14,0x5371c4517b448006941ae335e5cafd54af573c11,1230027.86787,-60006.307169,-0.0465152849,-518636.654,-0.4551833839,583889.590643,1.799639547,12848366.19
2026-09-14,0x2e32935bfd5b2718f99bc8fdf8b37c16811f7d97,1255443.5121900002,131460.385099,0.1169386044,33760.075894,0.1045184984,978266.798066,1.490347569,25931622.77
2026-09-14,0x04febde8d852931b73fd81c09904bb29d3a0e964,827741.157743,80749.302435,0.1080993077,-9849.11868,-0.0269501034,534443.546016,1.5567664532,4666597.17
2026-09-14,0xc98ed10256c47ba49317056ceb2918bb245a3f19,297694.05897,47269.155138,0.3208831734,-85112.360117,-0.2142249397,192593.934856,1.6103521871,1858730.48
2026-09-14,0x422d82d5e532fccfadc6a72d8c6b64727892239e,1182709.10957,129809.9246,0.1232764445,-61054.849509,-0.0825583791,1041859.805663,1.5763047019,3453989.5
2026-09-14,0xd5d29dbf880eea93d4ed2ccb79c642bde0a48480,608358.022072,34791.974117,0.1938293593,-31729.581826,-0.0495706863,368562.458972,1.5369861486,16421289.87
2026-09-14,0x4bdf1130109e9c1bc921d8979ea66284d9c92f37,286025.596803,16802.299777,0.0624102742,-12370.712534,-0.0671745391,176448.181809,1.5673497372,1759746.58
2026-09-14,0xc619b01f1a4f894c5e83338c42f98dcb82b710f5,4911287.852043,181509.14743,0.0383758224,184662.026708,0.0895916263,3691869.507699,1.4856657528,48725369.72
2026-09-14,0xb70c32dc4a02dd77086248e5b3e6c47f764cac90,454707.930968,4959.728588,0.0110277897,-3436.823708,-0.0293556115,276261.483262,1.5481478439,8299550.57
2026-09-14,0xdbe0780a5c5a0e3b345101bbc01ac2218196d6d5,5237225.720438,341716.695936,0.0698020766,39795.182368,0.0106394527,3613956.355512,1.5069017656,1906106.28
2026-09-14,0x81d3ffbfd90252f5260c942c3e4930bef1155a10,303141.285437,29708.454619,0.1086499179,26106.47,0.1691135741,189578.156228,1.4193898971,8060346.09
2026-09-14,0x42fd5648cf21c158d15e4f58785760755b3f6623,2882435.8870860003,66213.488958,0.023511456,-60912.617765,-0.0604931586,729519.2057759999,1.5454164671,96434928.61
2026-09-14,0x09d0dbed3ef5cb17eb60097b1baf31d9916a1a52,671292.512426,71876.7372,0.1199335253,16009.845478,0.0244361069,400781.080807,1.4815680003,1008712.11
2026-09-14,0xbcef61fc312646b0e212c007a81d010b5a197931,270599.996513,24739.638502,0.1709475985,-10664.963251,-0.0592086134,181051.362951,1.5094073395,1696417.07
2026-09-14,0xdd97539fe9a912166f037d81dcf35b3f0ce5c610,3141542.578566,30911.878686,0.0099374955,119481.225329,0.0329870794,2309929.572887,1.4744749337,71556464.91
2026-09-14,0xedeaa967b0100a4df613533df634ffe6cb5fd773,629114.204107,87747.843029,0.16208588,107382.5378,0.358305918,418005.874513,1.2804517316,96103700.66
2026-09-14,0x0a506b1e47726e769949086ea60b5b01cbaf956a,284739.41579,20954.532184,0.0794379568,42887.957339,0.1853840767,159826.623597,1.3666638151,21260819.72
2026-09-14,0x8284ab22ddab4fbfbb249b82de28c8efe0996c99,426497.701839,104716.064594,0.3254258555,218481.991847,1.093017595,194574.426846,0.869426158,25472189.5
2026-09-14,0x59629e23c52a0d7c092436870ef2db1dc382ddf8,2975500.160838,301411.42195,0.1127155646,158804.030787,0.266200836,2023621.920649,1.3166014167,73433987.91
2026-09-14,0xc2d3a0c560b91a363c6954cba05cc1ac0e9c91e1,303890.953303,28391.213537,0.1030161116,-23341.780153,-0.2750155073,200529.597188,1.5856986146,3075649.29
2026-09-14,0x3d0acf9d5e0175444e389ba6a16b6b83f1933df5,289998.334827,46352.992248,0.1901704193,-28805.130597,-0.1042341221,173093.548725,1.4793822785,7508075.15
2026-09-14,0x43753b1ae949c13ecc02529adee1c2658ab6f43c,653104.760453,33418.207128,0.0539275977,56674.994281,0.1522195626,377721.817883,1.3716238717,1319545.57
2026-09-14,0xffb285456daa57d757b9c9020a6302afe5a95ed6,259484.399345,18534.847744,0.0769241844,-97826.450147,-0.3229701193,159483.72315,1.5948264474,5670960.8
2026-09-14,0xde8d9e530b0528ffa7b1190f862536c055dd9524,24844979.384558,948266.06761,0.1262394997,1486461.603474,0.2131602178,14103382.929484,1.3129689789,209292012.82
2026-09-14,0x9757fe365ef60247665e9e312deb6cc8fa04d75c,524160.279095,43472.527342,0.090438184,-99241.920327,-0.1591940491,313570.774072,1.4890142509,42673421.71
2026-09-14,0x666073af75b8d2e6e9efea414db566494e61aafe,8128646.104463,683387.077483,0.0917882205,-1333701.332161,-0.2243358116,4870649.553522,1.4949830294,8930942.74
2026-09-14,0x37e5ee046fb8e9a41e0bf35d2d37fd6f64fdff10,679697.081908,18042.922648,0.0272694162,-155204.049532,-0.1839561946,421629.284511,1.4697686124,3889606.38
2026-09-14,0xd7b8209d95d4c05faaa505671211058d51529f55,2052614.575499,-402405.641828,-0.1606396783,328387.6815,0.2030297326,1315558.402882,1.3063406378,226071869.75
2026-09-14,0x152e41f0b83e6cad4b5dc730c1d6279b7d67c9dc,19854205.126886,475044.803797,0.0245131779,-1906933.710442,-0.087630235,11649245.254451,1.419780893,285316818.7
2026-09-14,0xb14d1598dbfeaec11bae2a382b29adfcab9e8560,842378.595662,44180.347444,0.0553431597,-93266.817942,-0.0996711462,530892.109512,1.4173963246,291026487.66
2026-09-14,0x36764af31381057e722a003a69d089d54fe2c61b,254482.15756,13364.653738,0.0554279699,-55610.453921,-0.2402082066,171255.80241,1.4676523753,5786218.77
2026-09-14,0xa0b31efd7c2b988efb0fedad43144a621ee96839,1142446.509828,-5174.843098,-0.0750754781,3415.256902,0.0545005255,655164.48132,1.3417472395,28309846.96
2026-09-14,0x4025d75db7a13e25dc6305ac00cc1c849f26b7c9,322091.417882,43657.281347,0.1567394284,-81594.880971,-0.2469172628,349364.784128,1.4461584425,335376685.31
2026-09-14,0xde5a8068836a16f92813104d7faf602bb0cbdf62,911615.317253,54533.173059,0.063626542,-96827.747904,-0.1895460732,546302.683252,1.4289347952,3787960.73
2026-09-14,0xcb5c2f378860437fad512c3aec09efce1c470283,553608.343775,23059.016603,0.3985574495,15991.031212,0.0297442639,308823.259207,1.2616097903,6464690.95
2026-09-14,0x843f31e5cd9a6572d235a05cb78ec5ac2ffcc24f,771287.741732,6899.560156,0.0089547904,-91248.659335,-0.1050481643,528338.019506,1.3861692366,71965900.57
2026-09-14,0x724b4d225c3df786dff7a4d362dd8710c7cd3a95,492172.023371,9091.865869,0.0188206154,14245.382138,0.1025139863,277019.241114,1.2782203528,8062798.07
2026-09-14,0x14c624428f50785e26d94779769e3b0f3340b280,1595256.308635,-10341.95282,-0.0064411834,-203485.275894,-0.1131264644,927544.547023,1.3891391471,4448262.91
2026-09-14,0x4044570e13b5184f7eb2709de25a4eb766a4794c,3580838.013192,368372.328856,0.1146696541,14287.364252,0.0062691711,2379786.646326,1.3069003487,304016698.98
2026-09-14,0x72a7837428320ec3c0c072b0c0fc192d6df0c83f,1018589.193824,21480.761366,0.021530099,24504.66,0.2821382101,550911.116024,1.1764614705,8904663.13
2026-09-14,0x73045e207623eed9e09f647fec7d3f3c0b4a37a1,727932.869195,49059.772499,0.0722664851,-2700.608051,-0.0092257034,418256.195747,1.3083275662,2793405.57
2026-09-14,0xc786b3302e681745813f8011e816336bb5baeb75,453588.181081,25199.471627,0.0588238239,-72206.91328,-0.137328955,274825.84428,1.3694339801,74738599.58
2026-09-14,0xeadc152ac1014ace57c6b353f89adf5faffe9d55,9061655.890145,515025.095329,0.0602605995,-4995493.181743,-0.3993158981,6870186.475138,1.4994689678,35534771.78
2026-09-14,0x739c52c1009e970ab30ea1f28401df41e18fcfb2,634869.715134,65708.543481,0.1154480391,-168441.5433,-0.2096840264,369394.904356,1.3914496584,10277370.86
2026-09-14,0xa55a9a19f5f5e18cbb6b5892d1659956663a1f35,607246.240075,139516.530182,0.2982845161,-179666.619191,-0.2283183164,350266.052408,1.363008003,10671935.62
2026-09-14,0x7688b399c3237d098be4688d222d586ab5236451,270203.06428,8549.857183,0.0326663066,24944.981823,0.202692837,273944.660847,1.1841842326,11263895.99
2026-09-14,0x15e9233b5b42d0b72b1c04a984c1498ee6bbd016,617113.773028,1403.343908,0.0022792271,118878.692526,0.5163755873,313237.146784,1.0308036872,41269841.54
2026-09-14,0xbbfb6566ad064c233af6314aeb1eee4c26a5f921,1733751.908105,142102.316098,0.0892798998,-186172.310259,-0.2533936862,1059274.2721460003,1.3825733912,21289390.44
2026-09-14,0x54a7240cea67b8c41b7c7f2b485360f37331aef4,324867.602712,9526.417957,0.0302002986,-56265.623067,-0.3646034787,216431.604724,1.4446753308,8251126.99
2026-09-14,0xed48b856556a69c7c40229c9c4c829b909257c9b,2230935.810315,1525.383104,0.0006842092,170197.413754,0.7337219768,227888.922324,0.8897912529,6876728.85
2026-09-14,0x7178cc2d79160d524858c843e350ed8207de0854,2006359.625415,93552.87186,0.0489086896,149944.856823,0.0807712045,1097136.996553,1.2066758588,22111470.98
2026-09-14,0x54dbc1fbf6b1cd59807db61109b1d9eb91fd1a04,3579154.345118,115019.108972,0.0332028345,-166974.352295,-0.0583655562,1528738.940959,1.2749241024,56137670.12
2026-09-14,0x118c6cb819f6a585885241d582f992840fd73de5,593855.97308,37123.663878,0.0666813534,7819.682868,0.0578537887,378430.486823,1.1997460678,3104841.58
2026-09-14,0x91fd6db0942ae997db40f0b42049714adb359841,266018.186448,-6646.777559,-0.0219608423,90132.747152,0.395343794,162365.301279,1.0424525258,199563689.73
2026-09-14,0x4b85bf981916936249a62b7e77f30e567997a395,437841.965338,92161.888366,0.2663022072,-4229.341443,-0.0112917269,284879.976501,1.1915203374,7299759.85
2026-09-14,0x736850ee773ac6170fcaeda596514269b863ee56,430120.340134,40712.763676,0.1045505176,79700.048933,0.2274413067,329000.161795,1.0925839345,15150095.99
2026-09-14,0x2ab7c8c121bba1b6b744664237ae00ded55ec2f8,1106978.910725,154474.87603,0.2357415793,5237.100104,0.0048117052,619327.832108,1.1784630963,7170762.65
2026-09-14,0x5fc26e197e570bbe9ba522944a1937ba19167802,322799.405364,47760.331316,0.1736492587,89657.319491,0.3845608533,185722.573689,0.9981418705,51032019.22
2026-09-14,0x30428a743e2a2f8d1c3fea017e0d76440435fa8d,580056.349025,44850.885723,0.0838012479,-43124.393995,-0.0608551195,367561.627758,1.2336172925,29270776.81
2026-09-14,0x98e8118481aa01872142a7c447dbccd0528df831,333265.181655,48552.387524,0.1705311055,-7282.258396,-0.013597784,353454.924034,1.1789287226,51207163.8
2026-09-14,0xa6181aac4474b43c3ca575ac8b1ad17643ec20b8,2221184.602663,378540.258831,0.2054331646,222353.446551,0.1112417354,1156374.426325,1.0859911512,280680593.21
2026-09-14,0xdfaf7cd4ab0fc1d7f5ccf3216769f26bcd041a61,257116.08156,16544.397912,0.1129716773,-56809.895646,-0.2584598815,166450.894396,1.2827083907,2172611.32
2026-09-14,0x7451d7dc1570f2be4aa3eca8d482dff117570ab7,388881.050449,37255.572247,0.1646760069,-5323.917666,-0.019602894,363346.949649,1.1531606133,7275012.54
2026-09-14,0x767a1e1f1796b9c8def2f1e8ed08a7596e930ace,2515093.308806,135719.414778,0.0570399697,-37923.94,-0.0734135584,2202086.902035,1.1979175998,15383446.02
2026-09-14,0x2e2e76c5e1d91a78ec41672da4640620d88a1c50,433221.564361,311.774193,0.0007201828,-7402.840624,-0.0304742954,234638.884394,1.18156772,54283005.93
2026-09-14,0x237152b038d88f4156a0cd71090462de7e3f0883,10001401.968239,577199.739726,0.2025570015,-126717.986267,-0.0356602033,5349071.558975,1.1497617513,102373498.95
2026-09-14,0x8ecec0c9367490d2044aaff4030ad0becc33218b,717503.3995,96701.179596,0.237067525,-89901.653365,-0.104466432,704034.478835,1.173155755,23480406.3
2026-09-14,0xe676708ea7611c93ee106b1d7a2c6f721fc10c18,461145.80763,-10981.657191,-0.0232599415,-20371.224111,-0.1953548942,256899.355937,1.2577910353,1324826.99
2026-09-14,0xc9450ce362e78ade76a0ca88be50ced2c6435799,494425.107223,9948.774537,0.0205351095,0.0,0.0,157153.025841,1.1468286115,1116829.82
2026-09-14,0xaecfe4eff84a1cd9a24accc1914ac537af7f6e1b,952623.99651,49996.480579,0.0921666851,-453234.002698,-0.3787049235,938196.738212,1.3242059177,14106623.06
2026-09-15,0xcefd7652228a8619d0af5b95389cd49387cd30e0,2253746.749624,18635.21,186.3521,29111.892344,0.4378903058,407039.725915,0.2048816061,5234052.62
2026-09-15,0xbf732ea04197942783e34730ed6e0f6099575d58,3321138.5079090004,-184406.184757,-0.0526026498,2373986.597902,0.4759715961,7248679.007136,28.2940636626,418514695.13
2026-09-15,0xe21be5bb37a3af716174cdc5d095ab224b3ef9de,395963.501513,0.0,0.0,5071.06,50.7106,43374.745869,0.1164144702,4068019.6
2026-09-15,0x634fe24f2f7396f5d967ec3936df04f49a3e6951,1917365.913994,-2304590.726016,-0.5459444961,-905781.053212,-0.3209165508,1837756.521629,22.5397919702,207222987.35
2026-09-15,0x9df6bda43fd897bf1be8b87841f6e6f89c9f5490,1122938.849511,79944.432619,0.0766489555,334237.993499,0.4237829729,1043894.430293,13.2064279885,195241812.94
2026-09-15,0x991e044d97b946fe549e92ac9bfa5119592a0e54,609536.705864,-266684.941901,-0.3883788319,-334457.134988,-0.4433218799,577957.795628,10.2150747198,4587457.11
2026-09-15,0xc6a7757dfed3b596a5b5865d1dd92dff7f12d9ec,250965.052158,-10281.334,-0.0393549329,17791.365383,0.0763009138,227128.567516,9.4888021743,21394775.26
2026-09-15,0xfd2f37d266d4e7c04e9e33421f2513bf49d32d11,425765.562956,-16606.453257,-0.0375395655,322737.106957,3.1325045477,376950.732956,7.722053584,282643343.9
2026-09-15,0x4cae5bed586f6e73ae54ebd40a4ac4ed2c477c34,1563809.776476,-488873.820519,-0.404564249,-763511.50832,-0.4594443451,1445778.140401,9.0503886777,9708346.0
2026-09-15,0x91867345424fb158888ff9c5f1b1b2e7cd7d65d5,337376.098647,-40278.17644,-0.1775727546,-43405.093882,-0.1139895949,250937.476413,6.892025798,7178108.03
2026-09-15,0xa516541e599129095d14f7faf8b11ae670c837b0,1627875.362598,-665523.325918,-0.3660885139,-438547.559779,-0.2457466241,1587773.7681530002,6.6129247156,71036956.88
2026-09-15,0x7ca519838f6d8dbbd8488b63f5f2cc461b89028c,267850.250794,-111401.84792,-0.2937408871,-1208670.395399,-0.8168233636,263194.081267,6.7735467616,229674307.25
2026-09-15,0x3e470a0bf8460c3a8320327cf5db7deed3a3aaf6,543265.938993,-313885.755467,-0.3661962725,-190880.429335,-0.2600032331,466890.057258,6.1130561985,12391209.4
2026-09-15,0x3d643dabed5e1675ffc6a4608d095c11943ef551,829454.088718,0.0,0.0,1041.26,10.4126,251552.910762,0.3931114905,4871961.39
2026-09-15,0x341892ca9af16ff90c91bb4a119655dfffb0e5d3,479599.961335,456117.098206,1.0036820303,988819.122195,2.2379623268,1186829.446894,3.7409022131,560124474.3
2026-09-15,0x953c5152e2f8b5ed9d92976cad478a837749182a,378840.447243,54295.626209,0.3341034734,213988.78946,1.2980687749,306603.889421,4.244442131,17486588.18
2026-09-15,0x6741bc2e53e9816213f4e785fad8b971048adba1,387728.963033,49720.619791,0.1470987944,219368.374644,1.3029674982,308399.368303,3.8875701981,10992205.48
2026-09-15,0xc30b98af41c61b9aaafb304b49f04c0f9bdc2185,385930.222164,47786.398029,0.3352809756,217543.071019,1.2919220353,300921.50546,3.5398899916,14721600.14
2026-09-15,0x558afca8d68f6a7335837b06ce218a234978225b,271052.3331,-119080.042212,-0.366996157,-101605.101809,-0.3309642222,365327.966232,4.4036079098,2795886.3
2026-09-15,0x9bd30e1bf7c4fe28180b01f33f07c7b277fb7026,406171.712765,51778.194953,0.1461036739,211295.354222,1.0842533994,316756.995419,3.5425599367,10404616.05
2026-09-15,0x7e1ad5e2bbe30d6d202e7c41036ea0a07c560be9,1327874.762572,-1830537.213845,-0.5795751876,-2175939.095722,-0.6210201751,1155911.251422,4.3014735631,396573156.84
2026-09-15,0xb64460b8f4a2f521b815a209f053d35fb1977d51,575315.790989,-188494.964943,-0.246829475,-169605.610638,-0.2277271989,458893.08238,3.9416114593,4461211.29
2026-09-15,0xbb1ac608e3bf90b73fa782007878205644c890a7,361228.952442,-12485.371482,-0.0580495849,-466967.376192,-0.5441357857,385021.558437,3.9885627108,15761688.42
2026-09-15,0x48d603762adf3aa0be6f8c05f621451070a3487c,443873.299207,0.0,0.0,0.0,0.0,161053.753741,3.6947386263,2617804.4
2026-09-15,0x5b5f798b94f54d33ba316c8b1c837e930c90c052,563202.520183,-181768.129438,-0.4139940397,391131.188629,0.7724647499,807616.237136,3.3774583808,123073047.44
2026-09-15,0xbd334a55db91617545e8d1b09941e036ad8e4200,5797622.715875,-547603.196915,-0.355672899,-1083554.211907,-0.5220496621,2789024.364069,4.0099286115,8100321.45
2026-09-15,0x41c684cbde3e449cc67c70aacb6132e3eb25b06d,287071.462784,2741.075352,0.0099114251,97140.864747,0.367179905,463638.485914,3.4047973064,50615473.4
2026-09-15,0x2ea3066037df76826af34fd3be6901fbd05c60a7,1675534.591535,-230306.896561,-0.2867428102,-448189.55785,-0.4389430156,602077.446211,3.8063837363,4557703.05
2026-09-15,0x9e2cbb5d800181c1ef21b25010dc4ea80eeb5508,4295488.820144,697485.781248,0.5376856501,1277971.253169,0.442817432,4596559.365828,3.1403197767,1183757924.08
2026-09-15,0xcb5c89e9679fb5b09d1be72f3a9dd789d1e9f6c9,365189.587422,20483.868627,0.5891089656,18900.770474,0.5199085122,275321.040754,3.0635973426,1725184.1
2026-09-15,0x54a7240cea67b8c41b7c7f2b485360f37331aef4,252848.165822,-34427.203103,-0.4256043658,-88001.719837,-0.5733466317,169474.587282,3.7728860438,10675749.73
2026-09-15,0x58a722b5f37435cab8957a17fc575bb136e0b48b,459330.908569,-25979.490587,-0.3004559527,-35801.299352,-0.3718120748,170735.647882,3.6053130647,2007354.67
2026-09-15,0x40f20b734d7d25ba0b6219e921382fa992a56a9e,4997757.805433,193819.163035,0.0735099768,961727.807772,0.2271321786,4060270.321537,3.1458421434,1107242291.2
2026-09-15,0x5d6f7c1e9f7a7dca19b01edbd59ebb9223356f8a,931169.953525,86571.265437,0.2601993837,252439.669392,0.7862763838,550222.280861,2.8042191512,27847547.04
2026-09-15,0x85e14c3f5f5151f7d8acac2d001ef050fab63de4,250000.003449,-70633.398401,-0.1827957682,14847.983449,0.0493411905,434807.908335,3.210799425,225233648.06
2026-09-15,0x38f9715251bd7b9962a51b6e56b547fedb11709a,614482.138678,134045.388489,0.2790073583,386991.514418,1.701131709,404986.389976,1.9331484886,107424210.5
2026-09-15,0x5242739cf086d71d65b0c557d2531769156369ab,260802.235717,-5739.557369,-0.0945184454,-18213.033192,-0.2351558325,244318.787714,2.9363993761,1369474.29
2026-09-15,0x32b1223d162056db0fb94ab244d1ef821421b95c,633834.402419,44295.652327,0.0751361167,103486.710471,0.1951299346,459941.154564,2.6449627012,44403175.88
2026-09-15,0x5ccaf678b74464fac20f6cae8cbaa9b402010c45,817905.968865,-29307.118671,-0.0345923819,-25679.839929,-0.0304412896,598885.369696,2.7343791952,3334796.16
2026-09-15,0x92b75a5bfb7be7911747276ad335b8f5da3ce0f4,7404444.617416,-390.953792,-5.27971e-05,-368.622952,-4.97815e-05,5403652.173282,2.7007559875,85234086.2
2026-09-15,0xb5b3f3caf9d778b1293e5cd29f32e84b04c67a08,2875025.192405,-644705.32538,-0.1881937404,-1189644.551499,-0.2996063147,5068060.921436,2.8684665329,242123670.26
2026-09-15,0xdc5289909be4f3ce2604806bdd1448fd307f19f5,261294.647472,23839.30185,0.460830954,54749.84535,1.1565609342,187706.493528,1.8855608209,23666999.16
2026-09-15,0x783ee3148b797b6174e8204f8f224e25b8836682,1900561.44571,-317911.694028,-0.2988583928,-516142.264893,-0.4089926585,1127904.47981,2.7853789312,3035339.08
2026-09-15,0xb676a78f19227ffe9a97db93263fce675e547dbf,289692.856759,-46316.214601,-0.2519960919,-63169.096072,-0.1979669417,405626.578334,2.6036312028,197229248.12
2026-09-15,0xb01d0612743a3401b16bef157bd69a909e3cd1dd,344610.543866,-10286.953453,-0.028985703,-27266.65191,-0.2739042929,151198.41045,2.5833973098,41672012.01
2026-09-15,0x613ead0ea5af374af0ccfc117ef116a8e8d133fe,483682.690057,-87706.480871,-0.3854616772,-80618.510447,-0.3657027085,394895.840127,2.6828515426,9220304.49
2026-09-15,0x75ec3ba266176e733f1b1fdaa15052f5eff724b8,2696037.377922,-94315.224496,-0.2826870546,-156639.078062,-0.2925489781,1951947.793965,2.6232691754,88295136.07
2026-09-15,0x0ca4109c94438dde8d7386da27180f414de80fa8,442347.081626,77415.147588,0.5699999471,104422.048779,0.5775733418,295812.049411,2.0187121464,8194033.21
2026-09-15,0x7583b5364597736a6a72c4ba61ede0a4a37ef4de,2762394.144348,0.0,0.0,0.0,0.0,1947819.675344,2.3912113005,4911581.85
2026-09-15,0x597568694fe6ee1b701ec8578bd57102c9a29abd,2154845.581583,-521875.412106,-0.3663942061,-601068.873298,-0.3997668827,1745891.133872,2.6494868347,33210090.63
2026-09-15,0x4372812cde0110f75a110f8fed7f3a77d34dddc0,777646.137465,0.0,0.0,13098.901849,0.4280155615,237000.97,2.1725030983,8670536.89
2026-09-15,0x734531e87f8c1643321355f7143fcc6169c4b404,1717898.12131,-16492.265506,-0.0095089696,-152460.358446,-0.0815139772,1211563.169461,2.3928096708,125413936.54
2026-09-15,0xb8f0d3255ae6f936a100d674b1d22265d812075f,468286.109154,14128.596309,0.6563629824,136429.826856,0.6472377662,225814.535799,1.8600393778,21478462.5
2026-09-15,0xb7e0b9fbc9479330d70bcc82a7d4325a20e8d1aa,5030783.064477,151324.765113,0.0281301121,779393.816249,0.1636904222,4635765.210769,2.1846023495,347034908.33
2026-09-15,0x15b325660a1c4a9582a7d834c31119c0cb9e3a42,6938939.434679,-1729290.870769,-0.3626893011,-3119827.954278,-0.4581083297,4982745.300857,2.547162991,14338615.45
2026-09-15,0x020ca66c30bec2c4fe3861a94e4db4a498a35872,818425.146678,-7556935.881871,-0.9022824463,-6188883.545444,-0.8832048165,605704.647053,2.8474201975,3640623726.92
2026-09-15,0x3b9e9c9f82eb1c321535fd2bc48d8db9e8e8c503,371794.657512,11217.619421,0.0855054112,1526.683546,0.0108365457,353479.461034,2.2327576183,27044078.49
2026-09-15,0x230963164d9637a4c536270a06b4e3636d44a2d9,1624296.46993,-89133.21421,-0.1977389818,-48901.617771,-0.1191181462,1127306.6663,2.268269204,1286511.63
2026-09-15,0xde8a6d588f8067e761bac811a102e0146c721e41,637116.880235,29004.666397,0.2925647404,104065.022412,0.9114159643,579663.143634,1.621644994,8717550.65
2026-09-15,0x456f1049c0f2ec990091bbd3f30af62aca3fcdf1,1839836.027621,-245109.829729,-0.3187902105,-205986.981729,-0.1006866091,1265414.3211,2.2029361125,36829277.04
2026-09-15,0x178f639a89797fab52dd5cfcaddd383a563ffb78,273039.020502,-30265.441395,-0.3083885742,-125410.969345,-0.6190734319,103960.74886,2.457570475,1157060.28
2026-09-15,0x5740affc8faf8913f9f2d5fbb9bdc6e8119ea9da,2136771.887391,-162638.33845,-0.2496461608,-186009.095285,-0.2756318411,700614.94061,2.2283447098,3867963.39
2026-09-15,0x4860d039cbc7cffb0267f86e63f4b4442b71505e,1393827.639795,-59909.071317,-0.2628937657,-58246.333571,-0.2419323432,188644.317806,2.1966297983,6275783.38
2026-09-15,0xe46aae69cf2607b68c03ecdf6d94e776287e73b0,284911.320904,-92283.584311,-0.3716546735,-108662.109039,-0.4105365156,406561.115497,2.2795662868,1345744.6
2026-09-15,0x53f81d22b16ff1718ab8ee52bff0592685325f92,359670.108902,-74777.50777,-0.1995917139,-104795.542212,-0.2920173093,246850.208946,2.1880023741,46765972.75
2026-09-15,0x03ba951f72e59899ac8dab30cb5624dbe5d52bb8,435038.135686,-85288.724533,-0.1639137455,-79404.503392,-0.1543505483,387089.598923,2.1011684445,9531869.35
2026-09-15,0xae9e202cdf7826ff7428e4f10835b754818920db,348936.684597,-54530.321949,-0.1351543523,-68438.049335,-0.1547060537,273170.344597,2.0889570545,1333396.71
2026-09-15,0xee16198171b3cf5c96af82e538d489f78935fb67,256430.678126,5511.229061,0.0219641374,26634.753563,0.1107032615,178397.603653,1.9105689096,19319611.18
2026-09-15,0xe0d28485398e3fd59bd29f5dfe93614a4b6745fe,483871.925016,-62317.238779,-0.1638463461,-34583.254167,-0.0980791615,212258.429242,2.0069092397,3020713.34
2026-09-15,0x795cfd1b03eafc11c4ec958b8a94cfc9aa64a242,6222089.951311,-1186906.459454,-0.3040353618,-1383893.851199,-0.3374666989,4246127.730991,2.1488911515,125983734.91
2026-09-15,0x93ab7dbdeb996806454de19c35c8247f4b2511f8,8541127.073975,-1349788.120828,-0.1364674648,-1267863.83295,-0.1292552766,3776672.841437,2.0115981315,55539966.2
2026-09-15,0x66466428990e0f42a4c54f64bee0db6bf2336de5,8502153.719786,-1591980.977623,-0.385533229,-956707.932087,-0.273812689,7482362.668014,2.1010182336,36901195.43
2026-09-15,0x466669f8f1e45c216517244775c932b70327df9e,361684.6398,1153.883902,0.0032005145,23378.541252,0.0403239754,522345.2498,1.8601902344,9646395.65
2026-09-15,0x1f1690074a8744e8d38cdca1ab2b75fafe5d6d07,1859924.336668,-223140.456271,-0.2997930691,-211054.60829,-0.2458004115,665324.188067,2.0223131581,70966597.03
2026-09-15,0xa2ce501d9c0c5e23d34272f84402cfb7835b3126,11794556.07411,-3458004.030584,-0.3943755138,-3864284.717309,-0.4211945541,11391490.472004,2.1083379467,44740245.96
2026-09-15,0x470a5f416a0f380e228cb8f5439c91b0c98c81a6,1555255.911912,0.0,0.0,0.0,0.0,1070505.877167,1.8307062261,7652187.24
2026-09-15,0x53969485d7422b35c7fe5a4025498f9b69268b79,607498.574664,-873354.090468,-0.4640927032,-1492901.658354,-0.5628493165,990293.6401,2.1802792553,84956319.87
2026-09-15,0x54fc13e72548503e13eea8b4cfdb4524be39d7d2,472456.677082,-3127.710364,-0.0458557791,40406.042348,0.1964006544,320703.866752,1.717254744,13348323.41
2026-09-15,0x0e1cdcd958d002d98528c973f1397b7784abce6d,494285.48649,-338593.475527,-0.4548843487,-220062.597652,-0.3516389158,332474.419149,2.054707534,8569408.94
2026-09-15,0x30a7a78ada9aaada13ef7290ce2d18554c9cbd80,764129.031323,203287.141572,0.3624678279,302691.417229,0.6517375166,447475.681648,1.3998779681,55796824.88
2026-09-15,0x9137bd9347f07990a8ce22869f8b93d190479c5a,2690601.468515,-295127.383715,-0.0990171932,-488939.311724,-0.1540267607,1745161.658171,1.8458728298,150448002.86
2026-09-15,0x6dc903ab5fe0d286cbef6c5042dd2684b7fd78d7,1123781.979108,-47581.056587,-0.0406202476,-37453.502016,-0.0322531499,715333.751704,1.7513449777,21838423.49
2026-09-15,0xea0027b6ea9b6d7d401b5266979cc3b3ca87a918,15602606.749767,-3946992.294743,-0.35887689,-4875443.580843,-0.3908791619,13682125.706544,1.9770481414,38222795.26
2026-09-15,0xe2823659be02e0f48a4660e4da008b5e1abfdf29,1842483.157157,-187858.822591,-0.3790686748,-141962.630138,-0.1430474786,6264267.298368,1.8488391679,39305648.2
2026-09-15,0x0c44471cc8516125ead11e09446302ae20540ed4,341687.734021,-163290.17632,-0.3233610282,-382735.097111,-0.5006850679,502269.708718,2.0139483582,68856908.17
2026-09-15,0x5aa13316231716ea438eb243feabc296a9094b2b,1391115.819085,-191001.947665,-0.1207254932,-398210.598636,-0.222547767,899436.978685,1.8293180523,36051087.62
2026-09-15,0x9b864dde6ed1c21608b1665a0ac0faa4f7e36e6e,1872386.240021,-261421.776074,-0.1688384098,-305913.680925,-0.1816987666,1633314.845781,1.8117401136,12300367.63
2026-09-15,0xfe7e0a8b33061f13fa1f72774b164667c3b911b4,618669.289682,-62451.486496,-0.091689299,-87704.212405,-0.1241612436,390367.298183,1.709872511,4252377.82
2026-09-15,0x1e08253f267b5e985859b5cf469972326f191584,492779.754694,-214945.275589,-0.4108256529,-200875.630072,-0.3945441194,322658.245225,1.8966340366,22402555.59
2026-09-15,0x9b220c39d91cabb77132d1e7a4f30c6501aa3aaa,358035.173586,0.0,0.0,0.0,0.0,221629.176946,1.6247759073,14831863.47
2026-09-15,0xf78c5d8d4b604a140d43a46209fade655536c581,3439494.869365,-797841.975407,-0.1882885418,-509881.583168,-0.1291043255,2153790.216265,1.6751827187,16480301.42
2026-09-15,0xec0b9ebf2a304c99cafe85c548c14dd7783cb078,12615447.879093,-902241.78689,-0.2573592391,-930036.44852,-0.2632007794,9368051.538436,1.7475959387,37709830.05
2026-09-15,0x68f33dd18add8ad4830d78ae66faa98d58f2310e,429353.052689,-23767.614173,-0.5069337888,-41268.392947,-0.4610628119,292113.270259,1.8567945982,7413177.52
2026-09-15,0xec4a6f59960fb55a7fa49262e2628687b322cf62,5184400.583805,-2384160.408428,-0.3156087442,-2059378.379293,-0.2848622761,3280921.122732,1.7236440896,1522381270.87
2026-09-15,0xeb0f432beecf10dcc828fc1e36a3386caf634637,1173518.689637,-174202.438602,-0.1292570362,-172836.900973,-0.1283738874,912755.481813,1.6110897473,59875843.73
2026-09-15,0xd7b8209d95d4c05faaa505671211058d51529f55,2121955.111834,80364.43,0.1299059798,328639.619873,0.1935965555,1384898.939217,1.3751953236,255359934.51
2026-09-15,0x2462812f20b6e704fa0ac16c6e189103f267bb8f,752721.436196,-71563.583154,-0.2303737061,-21915.267837,-0.0839688065,243562.647873,1.5727275119,33924152.3
2026-09-15,0xc05b532d9b4eff8c140ad5477dc87d5803b98951,837955.422609,4109.337673,0.0049281729,157337.694518,0.2311689632,484380.408541,1.3699508994,82966493.04
2026-09-15,0xdd97539fe9a912166f037d81dcf35b3f0ce5c610,3128478.947792,0.0,0.0,121314.317436,0.033631489,2298226.59274,1.4682799304,71556464.91
2026-09-15,0xe18841048abece66a04643582adb1998ed09c7b8,266540.230578,-4250.334734,-0.0156960222,24855.504321,0.1028426773,155832.624096,1.4076053945,91189402.24
2026-09-15,0xa61c57d0d1a83c02542092b431999b9870dd66b9,7001720.42603,2423215.061995,0.5301696774,2947213.926292,0.7283110553,3495898.257848,0.9971693058,132413310.1
2026-09-15,0xdd7a372377fc633f74ab6e20963803d52f448830,2981488.219044,-1172005.359953,-0.2821733891,-1522913.644234,-0.338094533,1855752.050802,1.6484786606,38541230.03
2026-09-15,0xdf86c7c9069e9bd5bac9d97e21f9aa10f728fb86,588012.143668,83465.836004,0.2049717469,156240.936654,0.4408638019,494323.562893,1.1775519369,69837332.48
2026-09-15,0x1249351002268a45594b9c429a328a35e6981488,999957.022983,39760.780281,0.2813303779,81947.193209,0.8265400106,88630.912692,0.9585747341,1788654.04
2026-09-15,0xb70c32dc4a02dd77086248e5b3e6c47f764cac90,446221.042997,-8019.617632,-0.0578728642,-12328.766549,-0.0862862494,265408.065628,1.4678596055,8406360.75
2026-09-15,0x5fc26e197e570bbe9ba522944a1937ba19167802,291842.300079,24185.78487,0.0757328682,125462.663975,0.5753066458,206514.793395,1.1100575569,53806411.44
2026-09-15,0x81d3ffbfd90252f5260c942c3e4930bef1155a10,291418.736385,-3876.093505,-0.0214767141,22230.386108,0.1440049171,177855.607176,1.3316220444,8200354.79
2026-09-15,0x25e9e31168d7ec59b0bfd54ebde8f3f6b9b1a5ea,374631.934343,-35898.5256,-0.1076644672,-99265.788524,-0.250167744,241741.373518,1.537811717,65001110.16
2026-09-15,0x3c66b4d46004afaf5a8a1ab7399c1f5aff89eab6,1143590.410296,0.0,0.0,0.0,0.0,666305.627783,1.3825564315,97620468.73
2026-09-15,0x326b0731cc914cbd222cd160d5022f0e9bde6e51,297033.207723,13939.403885,0.0492395231,-44498.274231,-0.3727595252,93987.461922,1.5124243726,3858249.75
2026-09-15,0x1c814c8068ddd68bcc79bd9d28a1698ba099072d,377640.995363,-104826.599856,-0.2172717938,-106519.057154,-0.2162017688,273183.761958,1.465964818,5318687.52
2026-09-15,0xed48b856556a69c7c40229c9c4c829b909257c9b,2261273.6451,17417.040415,0.0676847866,150717.036488,0.5347419707,258294.119028,1.0085082041,6876728.85
2026-09-15,0xa0b31efd7c2b988efb0fedad43144a621ee96839,1137931.792703,-2993.916599,-0.0152285973,-2667.930097,-0.0135930016,642477.555376,1.2941064171,29409680.86
2026-09-15,0xc786b3302e681745813f8011e816336bb5baeb75,426726.603713,-10638.102689,-0.0232595614,-56764.234598,-0.1127413727,267963.982816,1.3352419037,97639693.47
2026-09-15,0xd74916aecd93ca55deb392dfad4c3ae43951ea49,961302.6867,-159088.470827,-0.3003337508,-217511.951544,-0.369837094,575560.213519,1.4920841067,19099969.09
2026-09-15,0xdbe0780a5c5a0e3b345101bbc01ac2218196d6d5,4813375.32262,-401816.413813,-0.1056279541,-432867.64653,-0.1128692728,3190105.957694,1.330169993,1906106.28
2026-09-15,0xca810f64a0bbc8498dd0d714113c8518feeb8d29,342454.506159,-42125.514022,-0.1095364081,-40405.587184,-0.1055361681,166260.418179,1.324346044,1013817.43
2026-09-15,0x6ea486a3426563e23023125f18867117878f0ea7,3953530.024598,427810.73224,0.7591569402,277565.25185,0.388866964,2381627.889782,0.9296322874,22795677.49
2026-09-15,0x0a506b1e47726e769949086ea60b5b01cbaf956a,266813.337053,-18591.414919,-0.080395012,23435.609422,0.0998843562,141579.934323,1.2064260211,21934077.75
2026-09-15,0x8a3cf3c4b300be69429cce5beb2ef14d7200b6b7,2472864.755408,-412644.390479,-0.3425567681,-811488.740108,-0.5060905234,1578334.765904,1.5481003817,2220884.38
2026-09-15,0x1338a67b37aeaf796357d78501a0c3695c51c48e,1154430.058217,-222610.204641,-0.1612451678,-125178.537361,-0.0975565583,657033.128217,1.3116359524,8051819.66
2026-09-15,0xfbd2daa8ca624eff75cdba752a5b918ab23cbc1a,396967.357747,159294.839892,0.6702282676,173747.607513,0.7783702263,183711.747747,0.7348475789,31621451.25
2026-09-15,0xb14d1598dbfeaec11bae2a382b29adfcab9e8560,744969.46536,-110719.744727,-0.2660870419,-70786.385782,-0.0867633488,460014.348492,1.321792622,353432763.46
2026-09-15,0x59629e23c52a0d7c092436870ef2db1dc382ddf8,2791733.519021,-63396.572455,-0.1546201891,71259.429111,0.1170287297,1839855.278832,1.1970398432,77916982.76
2026-09-15,0x09d0dbed3ef5cb17eb60097b1baf31d9916a1a52,614449.578428,-57102.461133,-0.0850305825,-45536.550303,-0.0689962233,344422.802655,1.2755135178,1008712.11
2026-09-15,0x2e2b6070bec9be9f50887cfe306ac6ca93002fab,1946386.310035,-735752.284606,-0.2995780229,-860429.866796,-0.3334172751,1769292.303406,1.4411641844,3897138.64
2026-09-15,0x43753b1ae949c13ecc02529adee1c2658ab6f43c,613204.689641,-38115.859792,-0.0892178276,8403.965012,0.0220748801,337821.747071,1.2267344663,1319545.57
2026-09-15,0x91fd6db0942ae997db40f0b42049714adb359841,264793.902682,-1187.651826,-0.0044651661,100270.658178,0.4785651103,157064.546158,0.9826996414,202445217.83
2026-09-15,0xa1be71b903206120fa2b2245e145a5d7be09d8f7,293466.020916,-120628.81753,-0.2913072232,-146556.519471,-0.3077824294,194820.780916,1.4175490362,15194915.64
2026-09-15,0x73045e207623eed9e09f647fec7d3f3c0b4a37a1,653907.454941,-80023.228284,-0.2677122069,-66735.23799,-0.2336445998,384241.56021,1.3738766679,2793405.57
2026-09-15,0x14c624428f50785e26d94779769e3b0f3340b280,1525612.755121,-84419.256639,-0.0524332784,-234887.01643,-0.1334206458,857900.993509,1.2848373248,4448262.91
2026-09-15,0x64702807a1f0f9888ea22b858099d7f481227b55,1830665.108721,-342432.619701,-0.1575781039,-714618.869346,-0.2701482621,1197821.712304,1.368105671,59818375.28
2026-09-15,0x2e32935bfd5b2718f99bc8fdf8b37c16811f7d97,1142942.184389,6252.121114,0.0170611981,-63982.472297,-0.146517844,852862.847949,1.2742525586,25938190.5
2026-09-15,0x422f1f07f40f11bac71db4f520dd0ea1ff20f2c4,800544.136281,26229.191216,0.0670036305,144113.592506,0.2195412658,415540.532682,1.0793159565,1147954.14
2026-09-15,0x4bdf1130109e9c1bc921d8979ea66284d9c92f37,262910.434112,-20770.361255,-0.1187626933,-27680.544857,-0.1522583944,150065.287482,1.2953955504,2023007.11
2026-09-15,0x04febde8d852931b73fd81c09904bb29d3a0e964,759087.545585,-55206.894174,-0.204692523,-67385.77793,-0.1816104361,460391.265604,1.3202989829,5006595.91
2026-09-15,0x266b5569ed3017e74dd48059c6db804e016eefcb,1636930.363644,-341735.370491,-0.1727012777,-626005.779806,-0.2766220865,1329955.676105,1.3620914904,10700853.86
2026-09-15,0xf220c9b7b4c0e5e785ebe4b40b17576ce24473e0,1452000.7758,146928.995338,0.1125830759,248999.696941,0.1987226501,929015.583295,1.0765088929,129967096.14
2026-09-15,0xf00eabc409c51cf884ec7861cb839524af6afe3d,337750.971951,22349.0148,0.0888412574,117202.337367,0.5314126636,284810.847986,0.9014563264,12106026.36
2026-09-15,0xeb7f3e17a7c525a90010a9c7d99b85006e0c0c01,474551.137863,58072.399221,0.1394366523,39381.584889,0.0904971081,249516.014855,1.1087869819,4889505.81
2026-09-15,0x0c1f6941fdcde9488dfd36ca16fed6b3bc49672b,450383.549094,-73838.591283,-0.2252080451,-55781.433188,-0.1421367782,252984.970608,1.2815946931,91310751.47
2026-09-15,0xcb5c2f378860437fad512c3aec09efce1c470283,533022.127439,-26074.893816,-0.0466375116,-4595.134659,-0.0085472231,287264.214008,1.1688910033,8072109.64
2026-09-15,0x15e5b76a758af6b14ce6f134374e32dcb5450cd6,351206.480019,7282.832107,0.2139895981,23710.881845,0.7053996817,156484.769361,0.7621491826,3225080.95
2026-09-15,0xc9450ce362e78ade76a0ca88be50ced2c6435799,481090.570153,0.0,0.0,0.0,0.0,157153.025841,1.1468286115,1116829.82
2026-09-15,0x15e9233b5b42d0b72b1c04a984c1498ee6bbd016,601379.77032,-12627.132027,-0.1476093782,101519.059192,0.4301645783,292521.243414,0.9471043145,41423501.05
2026-09-15,0xbb34960afec64f3f1cc78b0c9c342c4657021696,3213284.734836,-738480.682582,-0.2849150216,-497022.531225,-0.2114562106,2830745.143543,1.2862494751,50245653.37
2026-09-15,0x2e2e76c5e1d91a78ec41672da4640620d88a1c50,434668.756868,7041.477071,0.031703757,-1709.566036,-0.0070535645,230295.273234,1.1268353856,57538659.98
2026-09-15,0x04a97ae7f350a22cd0cdb6b1875e8905b76495aa,398825.396713,-97964.56564,-0.2832790594,-36559.144991,-0.0839697819,218802.890291,1.2154196419,13263523.73
2026-09-15,0xa6181aac4474b43c3ca575ac8b1ad17643ec20b8,2221184.602663,4549.683328,0.0020525181,213176.48,0.1061631585,1145446.261881,1.0648000739,280680593.21
2026-09-15,0x30428a743e2a2f8d1c3fea017e0d76440435fa8d,562133.786937,-35708.173841,-0.0597284503,-71475.108981,-0.0993995807,349639.06567,1.1734652504,32537833.35
2026-09-15,0x186db447f4de2f258ec100aa194b6e9974a46482,1009114.809109,22.328375,2.21272e-05,-813998.827153,-0.4127681736,658039.999109,1.31605473,173293896.83
2026-09-15,0x17f0361771a9042d816cd007c731be15f05b094f,378936.067511,-96991.332153,-0.2020868356,-84840.074019,-0.1801904702,213116.280761,1.2327470381,20744816.49
2026-09-15,0xb2662fca65f6446b8b1898340118d44d680a4449,1186147.432848,-293082.007666,-0.2379602155,-382707.472209,-0.2896515841,666531.73146,1.2827397819,10667884.76
2026-09-15,0xaecfe4eff84a1cd9a24accc1914ac537af7f6e1b,859804.95263,-88343.760255,-0.1502490766,-485746.730664,-0.4274068792,888822.157343,1.3364604735,14106623.06
2026-09-15,0x9edc7f0ac907b31bacc00b79f2a41dccb006cee0,1197114.241321,57133.671611,0.4165873647,78258.425931,0.6745127477,78258.425931,0.6745127477,2647884.81
2026-09-15,0x05b5a0ae689c17cad8155932782a5c29426abe75,3154962.902031,-574784.293318,-0.3777856453,-357884.730283,-0.2743343861,1795865.843401,1.278108037,73467647.09000002
2026-09-15,0x7688b399c3237d098be4688d222d586ab5236451,251343.425917,-16773.376739,-0.2553904011,8369.649625,0.0742961858,252530.838772,1.0796974747,11673373.9
2026-09-15,0x9c6a5b4662c722d2c47f43d6c9813cb080ffa4ed,17238427.279818,-3684592.284491,-0.4209697045,-3956288.797101,-0.4384026401,9928219.088816,1.358130826,44409932.83
2026-09-15,0xede2ec4ce1881d4e86df2a9f280fed72b80bf971,708672.258707,0.0,0.0,0.0,0.0,604928.473493,1.0617552636,2523591.49
2026-09-15,0xe676708ea7611c93ee106b1d7a2c6f721fc10c18,438197.582636,-24561.97039,-0.2872049531,-34481.762614,-0.0729495861,233951.130943,1.1454354727,1324826.99
2026-09-15,0x152e41f0b83e6cad4b5dc730c1d6279b7d67c9dc,19149388.307735,-725770.239071,-0.2291078418,-2619506.315422,-0.1203325369,10269074.597304,1.156386467,285316818.7
2026-09-15,0x05afd3fd8ab46d83bec68e248fc3bb5981f24f5d,343797.453229,0.0,0.0,-16790.391871,-0.1174450571,525726.72562,1.112987862,88240362.42
2026-09-15,0x40857f8196d95d605f5580ca26211dd005bcabab,292418.783227,0.0,0.0,58615.734758,0.0782739105,405341.939706,1.0079927223,8428275.7
2026-09-15,0x2ed2bdcd9a550564242a8ef31c17a1bff1d5a75d,270000.847486,-7115.510581,-0.0590569172,9010.018748,0.0333715734,86688.080947,1.034343623,17126388.48
2026-09-15,0xc619b01f1a4f894c5e83338c42f98dcb82b710f5,4198232.669891,-961191.713765,-0.3415816591,-474123.521254,-0.2037596883,2978814.325547,1.198721249,51127111.66
2026-09-15,0x42fd5648cf21c158d15e4f58785760755b3f6623,2692554.1748590004,-195568.386741,-0.1722366205,-248413.93271,-0.2090482646,539637.600065,1.1650092064,109535411.78
2026-09-15,0x718cc7ee2ae2493ebf7d454316df6b61f4e1a868,887166.482601,-66146.598511,-0.0693860179,-50895.932438,-0.0542564457,497123.248185,1.0576117285,7330714.07
2026-09-15,0x9cbf099ff424979439dfba03f00b5961784c06ce,2450590.876671,-141479.336742,-0.3050741914,-234085.762945,-0.4207449108,1375059.482909,1.2784931159,2162786.13
2026-09-15,0x352deb23bebae8b4c57d0ae341d9c1951fd8425a,976576.449325,23830.689066,0.4582016213,47775.221848,0.9194837727,317655.915937,0.4795381482,16868777.6
2026-09-15,0x9386b9538884d849943d77f1c5412de9e72b021f,779929.717034,-166762.394702,-0.2786961857,-182972.439083,-0.2986106318,428577.055131,1.2023393312,93417610.4
2026-09-15,0xa243ecc646b1ce99c8c2810b6581cce76ec6f989,702654.219793,2775.920018,0.0039662896,-1959.452282,-0.0027808888,379589.423141,1.0072216474,75577467.22
2026-09-15,0xab81fef97356d57cd30f8ceb15285b988682c608,1515983.230741,47484.614736,0.2291712033,99465.998879,0.3749537011,214704.833921,0.779603736,75532207.97
2026-09-15,0x51588c3acf60dffb5a6fe181e485a2946f7b8266,626979.56754,-4764.18913,-0.0075413316,7923.510006,0.0127993417,116008.148872,0.9925247506,12776049.32
2026-09-15,0xf206eca70396a5d9989509630a0b6b1dbba529f9,306983.726617,20269.370046,0.5767572706,33816.575,0.6871085223,30513.350268,0.5571360112,1117806.22
2026-09-15,0x118c6cb819f6a585885241d582f992840fd73de5,559041.561255,-30241.316317,-0.22971618,-10429.004938,-0.078545519,341291.908159,1.0740905768,2929574.21
2026-09-15,0x8e6c25f50d4be1e649e61b331a804d11b07a5c08,348019.102503,7819.549308,0.3219368566,13967.859097,0.7699706651,124141.339236,0.5545052372,5079215.19
2026-09-15,0x5a733b25a17dc0f26b862ca9e32b439801b1a8c7,763200.048841,-7974.532855,-0.0103407621,-11141.926696,-0.0143564534,386706.480211,1.0019778343,1744698.79
2026-09-15,0x736850ee773ac6170fcaeda596514269b863ee56,401475.03082,-34941.970196,-0.0800655568,7559.176284,0.0191898249,299696.88795,0.9931000701,15150095.99
2026-09-15,0x6f5c0b5e696ecc523f6287eff09144e080dc18be,300217.022589,-88985.558436,-0.2286355815,-167680.504057,-0.3583701441,170600.868591,1.204660755,1300756.76
2026-09-15,0x724b4d225c3df786dff7a4d362dd8710c7cd3a95,460242.71502,-19044.746407,-0.3643868071,-19162.087524,-0.1701679196,245089.932763,1.1308923491,8149623.76
2026-09-15,0x0b29b5dbcf2f50199af2d9314dd23528dda27ccf,283272.111103,14957.834262,0.3718087628,30722.953427,0.599389645,31205.697485,0.6212564187,5899109.82
2026-09-15,0xb4a9964201c213af0c9c7f62af561813c9a2f1f7,5767059.01445,-0.005179,-2.54e-08,-0.005634,-2.77e-08,212741.868281,0.9813098518,7416981.12
2026-09-15,0x874226b22939904f436ff0434e1fd0ab257c8427,623556.431742,-189804.928807,-0.3220233331,-18323.995321,-0.0296213183,319214.974842,1.0488711531,45807289.73
2026-09-15,0x422d82d5e532fccfadc6a72d8c6b64727892239e,969313.90255,-252911.212944,-0.3585643242,-340226.165623,-0.4079090237,817167.491532,1.2433189557,3680283.02
2026-09-15,0x5986347c1d0133d02d307f08bb1efd44c2eb89d9,3610888.588963,-1059107.789259,-0.4261756158,-632783.16348,-0.3073524374,2032215.010273,1.2034386254,73428295.44
2026-09-15,0x843f31e5cd9a6572d235a05cb78ec5ac2ffcc24f,725207.871899,-50838.220287,-0.0655092794,-110787.754287,-0.1315619638,439715.787499,1.0378192175,76793230.78
2026-09-15,0xedeaa967b0100a4df613533df634ffe6cb5fd773,501975.113334,-120216.2256,-0.4050046405,-16626.680926,-0.0545292191,291368.255313,1.0558718047,113559970.54
2026-09-15,0x3de9a354243a94e10060a198c7179b8e5393b9a1,340938.057763,-17651.176002,-0.2021135445,-41553.523063,-0.2873713531,187728.437717,1.1378468193,9616223.07
2026-09-15,0xb34519875ef21a74a3a5025b40b96288d1717f20,435133.073809,-73598.290771,-0.3162906909,-121891.41632,-0.4338003557,239940.066561,1.2292451966,3584070.92
2026-09-15,0xc2d3a0c560b91a363c6954cba05cc1ac0e9c91e1,265933.959807,-31948.489883,-0.4065822966,-37437.898769,-0.4453310358,160471.328258,1.2481957341,3374875.66
2026-09-15,0x9fb470376f12af151c9ce88bf7b4acaa13bad02b,558894.5276220001,44904.910376,0.5006337335,88813.01895,0.8698528818,58491.253837,0.4340926787,8273127.54
2026-09-15,0x153c8444380512cabdc34f6cea09c322e14e319a,1855279.200957,-665543.13954,-0.3609623119,-1148379.278705,-0.4468292232,1022030.848682,1.2265620999,11586540.93
2026-09-15,0xb7658d7c63b6c1fc7254fe9402a95d044db70dbc,1447195.739235,0.0,0.0,45627.501643,0.7390017126,531257.851237,0.567554137,10620781.55
2026-09-15,0x8434b7844fd17fad52f0aceae50a834cd4896577,261217.402676,6486.91745,0.2644704011,40114.883334,0.8897209997,135716.698815,0.4447662454,132174541.96
2026-09-15,0x54dbc1fbf6b1cd59807db61109b1d9eb91fd1a04,3299248.526515,-306304.295198,-0.1082324114,-370939.465659,-0.1303166026,1247162.824521,1.0153188626,56140649.16
2026-09-15,0x607c7fbcfda3b2ae0b474c1b72d6e03763028472,296183.738427,1979.091609,0.0501689271,14602.562701,0.0330688071,213669.735091,0.8810614321,2993909.67
2026-09-15,0xf929122994e177079c924631ba13fb280f5cd1f9,3996043.590604,1027635.710567,0.9524330843,522983.324615,0.2126244738,1557731.19898,0.6388300865,48286377.2
2026-09-15,0x5c42b895c1a7f42fe0f72ed2ba1fe442376fb61d,287394.960548,-5130.713565,-0.0684925522,29690.299067,0.1141855089,133782.922671,0.8539042734,13575993.82
2026-09-15,0x2c6f7831be3fe15cc7025672f27623a921553725,3330384.107591,-958633.82397,-0.2235089336,-1588509.819334,-0.50989423,1808168.279292,1.1878527642,35677669.81
2026-09-15,0x72a7837428320ec3c0c072b0c0fc192d6df0c83f,956410.639917,-13953.07296,-0.2289092695,-13953.07296,-0.2289092695,488732.562117,1.043680209,9382294.51
2026-09-16,0xcefd7652228a8619d0af5b95389cd49387cd30e0,2274874.768037,20826.528611,0.0092396109,18635.21,186.3521,426284.657682,0.2143652709,5234052.62
2026-09-16,0xf3541e18b5660c9dc4906a5cd396ef1dc9295105,570555.686315,10781.111384,0.0192597375,0.0,0.0,7775.13,77.7513,4667757.19
2026-09-16,0xbf732ea04197942783e34730ed6e0f6099575d58,5003229.524734,1614972.963296,0.4766243086,2667290.638072,1.1418007588,8858781.663505,39.2213958565,439086688.19
2026-09-16,0x634fe24f2f7396f5d967ec3936df04f49a3e6951,3192881.582811,1265897.016662,0.6568634052,-218570.779773,-0.0640826023,3112518.34969,37.824825015,207222987.35
2026-09-16,0x413042415510b6395667abe224505d0894ae67c9,274250.389824,145257.27436,1.1260854801,-215.410943,-0.0007848371,328115.93681,26.6015151537,19688743.28
2026-09-16,0xe21be5bb37a3af716174cdc5d095ab224b3ef9de,401209.641676,5889.080276,0.0148969744,5071.06,50.7106,48620.881385,0.1304946914,4068019.6
2026-09-16,0x4cae5bed586f6e73ae54ebd40a4ac4ed2c477c34,2242198.934753,665530.697419,0.9042953665,-520568.505282,-0.2477898718,2132314.424715,13.7403856976,9487284.39
2026-09-16,0x991e044d97b946fe549e92ac9bfa5119592a0e54,995039.612591,353744.368832,0.5516092194,-74701.214924,-0.0848702825,945258.354385,12.6403109156,4587457.11
2026-09-16,0xc6a7757dfed3b596a5b5865d1dd92dff7f12d9ec,261275.577854,5877.889617,0.0230146547,27027.280967,0.1153787726,239316.963693,10.8491386606,22582211.92
2026-09-16,0xfd2f37d266d4e7c04e9e33421f2513bf49d32d11,534489.329883,101287.522158,0.2338113891,340675.40562,1.7577447385,485674.499883,9.9493227751,302636492.66
2026-09-16,0xa516541e599129095d14f7faf8b11ae670c837b0,2485642.90196,823097.312692,0.4950527749,56758.673333,0.0264363084,2436830.811763,9.7938601369,71036956.88
2026-09-16,0x7e1ad5e2bbe30d6d202e7c41036ea0a07c560be9,1924221.222802,593025.500102,0.4454834916,-1622131.047393,-0.457408387,1698752.580636,6.9458184277,392956935.35
2026-09-16,0x91867345424fb158888ff9c5f1b1b2e7cd7d65d5,353017.231329,15731.861476,0.218757441,7586.708791,0.021849199,265349.09834,6.7222821114,7209208.65
2026-09-16,0x5b5f798b94f54d33ba316c8b1c837e930c90c052,1106849.684016,541547.163833,0.9579776217,689224.244567,1.727848521,1351263.400856,5.6509957154,125870867.65
2026-09-16,0x1e7127c81c8a58661a0811f026b6be66533934be,497853.588087,300886.712885,1.5276005804,71945.431681,0.1755468597,429386.115094,6.2714512083,40905998.66
2026-09-16,0x3e470a0bf8460c3a8320327cf5db7deed3a3aaf6,834569.672358,266455.904102,0.4690185646,33147.563438,0.0413609296,719040.503711,6.2238871112,12453784.32
2026-09-16,0x3d643dabed5e1675ffc6a4608d095c11943ef551,846823.903394,15252.167343,0.0183413729,1041.26,10.4126,268922.725438,0.4202559736,4871961.39
2026-09-16,0x341892ca9af16ff90c91bb4a119655dfffb0e5d3,605232.247962,183661.185326,0.3893015063,920072.50759,1.3450564039,1388856.624608,4.8109792965,597332199.85
2026-09-16,0x3ab38dee6ba252823b3ceba95390726cf1962a73,277162.424602,103896.784523,1.5421874728,26128.531792,0.0888998038,267141.737781,5.0502546348,3678254.99
2026-09-16,0x613ead0ea5af374af0ccfc117ef116a8e8d133fe,562758.474209,75036.781614,0.1538201002,-44693.382215,-0.1695543235,487501.947806,4.8577004932,9101470.91
2026-09-16,0x20438cfdd36d75e185d6601697eb1973f4aee79d,251723.8222,64156.733844,0.3420468612,-78049.758183,-0.3464812625,250684.262194,4.9115678537,8139737.18
2026-09-16,0x558afca8d68f6a7335837b06ce218a234978225b,258902.806643,-24913.226046,-0.087779488,-112844.628336,-0.3581530994,358393.112501,4.6097721001,2777766.05
2026-09-16,0x5ccaf678b74464fac20f6cae8cbaa9b402010c45,1034629.728774,221048.680099,0.2716984134,140324.921285,0.1569095012,829420.545303,4.0418295676,3683775.78
2026-09-16,0xb64460b8f4a2f521b815a209f053d35fb1977d51,594793.40534,19453.125893,0.033811514,-106508.02595,-0.1519040799,478370.696731,4.1089122771,4461211.29
2026-09-16,0x178f639a89797fab52dd5cfcaddd383a563ffb78,282234.243774,3230.990531,0.0451622593,-118971.608854,-0.5794042715,125636.699605,4.2129545754,1150054.37
2026-09-16,0xbb1ac608e3bf90b73fa782007878205644c890a7,410424.89044,29407.739681,0.0771821941,-430200.521524,-0.4941367094,423763.433517,3.9609439086,16016022.44
2026-09-16,0x41c684cbde3e449cc67c70aacb6132e3eb25b06d,309020.978904,-1013.441715,-0.0032688039,79775.879389,0.2797988513,466832.86483,3.4282556971,50691933.4
2026-09-16,0x597568694fe6ee1b701ec8578bd57102c9a29abd,2715563.496842,515767.746971,0.2344616526,-174374.036507,-0.106654134,2301468.571839,3.4655716904,37485547.46
2026-09-16,0xcb5c89e9679fb5b09d1be72f3a9dd789d1e9f6c9,362690.251617,475.57871,0.0090967822,13359.921848,0.3391227004,277693.073222,3.2670857841,1725184.1
2026-09-16,0x6d092dd825d74303114eae27988bc5ce029b957d,650833.210971,-7369.639385,-0.0142089422,138428.010615,0.1579416925,864117.261275,3.2423410871,98185356.39
2026-09-16,0x953c5152e2f8b5ed9d92976cad478a837749182a,312074.943299,-71798.252749,-0.1870363794,89013.611409,0.3990544244,236625.349537,3.1362044212,17486588.18
2026-09-16,0x456f1049c0f2ec990091bbd3f30af62aca3fcdf1,2563126.29297,711600.675061,0.3843320709,307386.583042,0.1362686403,1922345.445037,3.0000045277,38695509.53
2026-09-16,0x5242739cf086d71d65b0c557d2531769156369ab,306335.746488,40761.635543,0.1534849741,14510.236888,0.0487205979,281162.902332,3.0596795663,1369474.29
2026-09-16,0x9e2cbb5d800181c1ef21b25010dc4ea80eeb5508,3799938.864687,-12583.278557,-0.0030242971,894028.713029,0.290403686,4407833.140227,2.9285869377,1235461608.76
2026-09-16,0xa1be71b903206120fa2b2245e145a5d7be09d8f7,515481.350333,209481.519273,0.6845805063,-28679.176506,-0.0506882867,406401.190333,2.9570439712,15480037.28
2026-09-16,0x85e14c3f5f5151f7d8acac2d001ef050fab63de4,479306.256012,-20693.535896,-0.0415165195,-5845.563988,-0.0120489376,414114.372439,3.0579898926,230328750.97
2026-09-16,0x92b75a5bfb7be7911747276ad335b8f5da3ce0f4,7404452.911257,-38.649729,-5.2198e-06,-384.052934,-5.18651e-05,5563329.207729,3.0217031029,85234086.2
2026-09-16,0x75ec3ba266176e733f1b1fdaa15052f5eff724b8,2656010.345323,303360.411822,0.1118317579,-47849.393123,-0.0156173575,2261343.905427,2.9964805066,92883562.29
2026-09-16,0x58a722b5f37435cab8957a17fc575bb136e0b48b,469696.558885,10980.397618,0.0239372373,-32202.276812,-0.321048366,161934.074091,3.1385634764,2093309.08
2026-09-16,0xedeaa967b0100a4df613533df634ffe6cb5fd773,879922.88789,377256.99138,0.750512406,309735.600408,0.8764555368,667553.877425,2.4037583187,124294173.22
2026-09-16,0x230963164d9637a4c536270a06b4e3636d44a2d9,1924256.952979,287548.065944,0.1756867505,36578.320817,0.0589757782,1428647.466618,2.8826071856,1286511.63
2026-09-16,0xbd334a55db91617545e8d1b09941e036ad8e4200,6100855.187984,285369.831649,0.2825764743,-796241.975055,-0.3807043132,2850591.732397,3.0416214235,8100321.45
2026-09-16,0x4860d039cbc7cffb0267f86e63f4b4442b71505e,1482000.773309,84785.266889,0.060681596,-14725.698609,-0.0553858225,254416.956271,2.8667600677,6431618.69
2026-09-16,0x1338a67b37aeaf796357d78501a0c3695c51c48e,1811180.447341,663686.087124,0.5783785177,294488.071591,0.1937138745,1313783.517341,2.6227074725,8051819.66
2026-09-16,0x48d603762adf3aa0be6f8c05f621451070a3487c,444137.071808,281.357441,0.0006338939,0.0,0.0,150892.930338,2.8072659555,2617804.4
2026-09-16,0xb01d0612743a3401b16bef157bd69a909e3cd1dd,348532.912265,4718.658242,0.0137244404,-30291.473311,-0.285482638,158652.622342,2.9054054334,41409436.84
2026-09-16,0xeb0f432beecf10dcc828fc1e36a3386caf634637,1695821.706657,542927.052592,0.6271303374,136203.380799,0.0873312262,1443961.648211,2.5894050392,59875843.73
2026-09-16,0x53f81d22b16ff1718ab8ee52bff0592685325f92,443052.598062,72992.750624,0.1972457999,14603.433784,0.0418545972,321964.27652,2.658920963,50200832.31
2026-09-16,0xb5b3f3caf9d778b1293e5cd29f32e84b04c67a08,2888770.680595,10670.409812,0.0037074489,-1131348.430293,-0.2891815507,5060523.713363,2.8321879722,252051188.23
2026-09-16,0xb676a78f19227ffe9a97db93263fce675e547dbf,297352.222355,46916.101691,0.3222690673,-38727.356642,-0.1216670269,438272.324969,2.6374756353,198687352.3
2026-09-16,0xdd7a372377fc633f74ab6e20963803d52f448830,3876663.97554,694492.022921,0.2182446559,-698209.831644,-0.1526183805,2812361.212818,2.6424447172,38338276.84
2026-09-16,0xe46aae69cf2607b68c03ecdf6d94e776287e73b0,330321.145171,29429.234261,0.0978066648,-74673.680542,-0.2704543515,459678.05932,2.6937983278,1345744.6
2026-09-16,0x15b325660a1c4a9582a7d834c31119c0cb9e3a42,7232124.356768,263631.24772,0.0378318876,-2831151.802682,-0.4593778327,5328015.492836,2.7981674755,14338615.45
2026-09-16,0x9b864dde6ed1c21608b1665a0ac0faa4f7e36e6e,2468279.551488,631553.769549,0.3411960996,-18819.225391,-0.0074936021,2244407.928793,2.4921500405,12275656.81
2026-09-16,0x17f0361771a9042d816cd007c731be15f05b094f,560478.514842,181817.887741,0.5971891022,66335.947671,0.1331608735,397105.975765,2.3299976783,20744816.49
2026-09-16,0xc786b3302e681745813f8011e816336bb5baeb75,630165.537979,160934.640853,0.3429753706,42164.620323,0.069349616,471402.895625,2.348960831,122927603.9
2026-09-16,0x38f9715251bd7b9962a51b6e56b547fedb11709a,559053.989137,-49160.926182,-0.0808282154,305106.450303,1.2014546457,363099.470987,1.8529783055,121461383.09
2026-09-16,0x53969485d7422b35c7fe5a4025498f9b69268b79,725733.804586,105634.938279,0.2472798537,-829815.953139,-0.3937349285,1122458.358157,2.549445617,84956319.87
2026-09-16,0xec4a6f59960fb55a7fa49262e2628687b322cf62,5856636.14411,432425.338243,0.0799340732,-1099064.582345,-0.1583377986,4159533.11892,2.450960877,1570467572.24
2026-09-16,0xb2662fca65f6446b8b1898340118d44d680a4449,1730089.854186,552947.154177,0.4697367228,-85446.703011,-0.0545081975,1210586.93944,2.330279398,12019846.33
2026-09-16,0x4372812cde0110f75a110f8fed7f3a77d34dddc0,793416.948727,16691.575523,0.0214896746,12183.667301,0.3865495308,237000.97,2.1725030983,8670536.89
2026-09-16,0x68f33dd18add8ad4830d78ae66faa98d58f2310e,536888.814735,104673.580387,0.2421792942,-28418.614236,-0.0485465539,390459.845397,2.3449570099,7358091.71
2026-09-16,0x0ca4109c94438dde8d7386da27180f414de80fa8,443444.160892,5799.03665,0.0132505455,100931.127362,0.6526140294,296909.128677,2.0261989518,8397613.67
2026-09-16,0x5740affc8faf8913f9f2d5fbb9bdc6e8119ea9da,2152226.422868,12179.545847,0.0056912519,-154225.713684,-0.2219627092,728858.735571,2.4328261856,3947953.53
2026-09-16,0xca810f64a0bbc8498dd0d714113c8518feeb8d29,453634.998294,95033.256329,0.3501286961,15396.578032,0.0351328805,277440.910314,2.2099533733,1013817.43
2026-09-16,0xea0027b6ea9b6d7d401b5266979cc3b3ca87a918,17813285.412779,2201648.217956,0.1410260942,-2809509.340245,-0.2327510483,16039174.221488,2.3677161395,38222795.26
2026-09-16,0x32b1223d162056db0fb94ab244d1ef821421b95c,585803.869333,-29527.896971,-0.0468307906,59921.91279,0.110746381,414256.738021,2.2217059427,44258122.36
2026-09-16,0x03ba951f72e59899ac8dab30cb5624dbe5d52bb8,441369.797979,-7427.836131,-0.0165505243,-66936.419848,-0.1316852273,404078.227979,2.3280564934,7945568.11
2026-09-16,0xdc5289909be4f3ce2604806bdd1448fd307f19f5,266885.843631,6400.628523,0.024569877,39802.380192,0.6358286324,191581.420713,1.8914593431,24658252.95
2026-09-16,0x7583b5364597736a6a72c4ba61ede0a4a37ef4de,2762394.155804,0.010917,4e-09,0.0,0.0,1901964.74218,2.2104831751,4911581.85
2026-09-16,0x470a5f416a0f380e228cb8f5439c91b0c98c81a6,1555255.911912,0.0,0.0,0.0,0.0,1070485.834098,2.2082341363,7652187.24
2026-09-16,0xc30b98af41c61b9aaafb304b49f04c0f9bdc2185,316320.855115,-74770.368506,-0.316600188,83986.218739,0.3614881537,213534.003406,2.0774447301,14721600.14
2026-09-16,0x6741bc2e53e9816213f4e785fad8b971048adba1,315479.250145,-75755.319997,-0.2996022627,87183.410709,0.381887865,212347.311416,2.0589869058,10992205.48
2026-09-16,0x0e1cdcd958d002d98528c973f1397b7784abce6d,502155.693788,-14696.681594,-0.0284349696,-173257.21259,-0.2565204351,350777.393324,2.3172237517,9526955.59
2026-09-16,0x93ab7dbdeb996806454de19c35c8247f4b2511f8,8641332.612058,-117553.698226,-0.0134210782,-1063342.661257,-0.1095701434,3961226.521698,2.2091487878,55539966.2
2026-09-16,0x4b85bf981916936249a62b7e77f30e567997a395,604679.833751,236189.498158,0.640270225,140701.501222,0.3533971853,448582.507512,1.8519262992,7733140.39
2026-09-16,0x874226b22939904f436ff0434e1fd0ab257c8427,1008961.18133,367972.907505,0.8823438048,283911.687212,0.404560996,644800.221495,1.7706462049,47666697.23
2026-09-16,0x9bd30e1bf7c4fe28180b01f33f07c7b277fb7026,331259.5466,-74613.280832,-0.3075014041,87865.807933,0.3610027457,218791.494802,1.9453657399,10404616.05
2026-09-16,0x66466428990e0f42a4c54f64bee0db6bf2336de5,8275122.176281,-389866.652371,-0.1065167378,-806351.927414,-0.1977986649,7416420.413882,2.1811629828,36901195.43
2026-09-16,0x005a09b498f2a28b54652a70d7812e63414161fe,648684.927656,235852.373299,0.544904423,107829.187292,0.2513261865,436222.75103,1.7990610443,1652458.5
2026-09-16,0xee16198171b3cf5c96af82e538d489f78935fb67,254835.838991,3916.437466,0.0156083461,8536.479713,0.0332030377,179800.73111,1.9894719448,20444247.57
2026-09-16,0x5fc26e197e570bbe9ba522944a1937ba19167802,294207.170203,1882.703777,0.0064404591,205140.477155,1.4625131311,221353.903492,1.2753337109,54355750.86
2026-09-16,0x5d6f7c1e9f7a7dca19b01edbd59ebb9223356f8a,800888.072506,-132910.756568,-0.1423333939,56782.631238,0.1477949871,405951.109344,1.9519893668,27847547.04
2026-09-16,0xe0d28485398e3fd59bd29f5dfe93614a4b6745fe,488121.382063,4250.444763,0.0087842531,-32303.597514,-0.0620715738,207567.240775,2.0241905129,4085901.7
2026-09-16,0x0c44471cc8516125ead11e09446302ae20540ed4,386921.886071,34500.153318,0.1112076193,-340913.878024,-0.4439932261,547503.860768,2.1953235131,69133455.47
2026-09-16,0x1f1690074a8744e8d38cdca1ab2b75fafe5d6d07,1874891.378178,7764.293173,0.0041584171,-164852.531624,-0.1995166728,681541.198449,2.0868150955,75506824.87
2026-09-16,0x3b9e9c9f82eb1c321535fd2bc48d8db9e8e8c503,382228.20117,720.006766,0.0033625722,11960.226766,0.0589511787,344836.34394,1.9439243115,27524075.85
2026-09-16,0x09d0dbed3ef5cb17eb60097b1baf31d9916a1a52,786245.575821,169157.053393,0.2741705183,72103.440206,0.1009808036,512980.231194,1.8772238825,1008712.11
2026-09-16,0x25e9e31168d7ec59b0bfd54ebde8f3f6b9b1a5ea,427607.141394,49975.633693,0.1323396821,-54746.120513,-0.1355944892,300325.499605,1.9811778099,67395270.12
2026-09-16,0x8434b7844fd17fad52f0aceae50a834cd4896577,260050.211811,4534.090281,0.0173565241,44351.963333,2.8956680721,140266.00795,0.4596750898,138410868.28
2026-09-16,0x466669f8f1e45c216517244775c932b70327df9e,361711.777077,27.99785,7.74097e-05,28992.297961,0.0611418189,522372.387077,1.8602868764,9646395.65
2026-09-16,0x54fc13e72548503e13eea8b4cfdb4524be39d7d2,472592.197528,60.755834,0.0001285752,12734.880644,0.0560200185,327153.244368,1.8130865068,13323499.98
2026-09-16,0x6dc903ab5fe0d286cbef6c5042dd2684b7fd78d7,1152206.582519,29525.713009,0.0262992929,15402.497839,0.0135489466,742417.508439,1.8117064495,23652569.71
2026-09-16,0x020ca66c30bec2c4fe3861a94e4db4a498a35872,698852.96019,-117072.186327,-0.1434839787,-5547872.564839,-0.8881257584,486132.460565,2.2853108253,3673123527.09
2026-09-16,0xb7e0b9fbc9479330d70bcc82a7d4325a20e8d1aa,5097645.314099,56142.400174,0.0111360444,585873.227148,0.1166666302,4349136.724224,1.7568659323,346734829.16
2026-09-16,0x795cfd1b03eafc11c4ec958b8a94cfc9aa64a242,6531895.348034,134249.457219,0.0209841963,-914793.858398,-0.2336534154,4300713.057736,1.9275489396,125464983.69
2026-09-16,0x266b5569ed3017e74dd48059c6db804e016eefcb,2022990.8474,315279.556524,0.4912135186,-273417.378179,-0.1190578702,1727602.936069,1.7905956778,10700853.86
2026-09-16,0xd7b8209d95d4c05faaa505671211058d51529f55,2119145.698022,67009.208446,0.0315762953,376151.959188,0.2313845373,1476670.372307,1.6733276606,289079077.88
2026-09-16,0xc05b532d9b4eff8c140ad5477dc87d5803b98951,880705.991873,44894.642119,0.053713846,199237.807523,0.2923655309,543239.934034,1.6097616973,91637985.85
2026-09-16,0xec0b9ebf2a304c99cafe85c548c14dd7783cb078,12054892.840599,43735.243558,0.0133356874,-777407.446322,-0.1895788844,9599394.35714,1.8572384948,37709830.05
2026-09-16,0x9137bd9347f07990a8ce22869f8b93d190479c5a,2690698.82066,68.273574,2.53746e-05,-546741.997156,-0.1691557138,1745259.010316,1.8459758001,150448002.86
2026-09-16,0xdbe0780a5c5a0e3b345101bbc01ac2218196d6d5,5611139.832138,735649.488649,0.1508872825,203783.045513,0.0512117317,4027306.632318,1.7073299696,1906106.28
2026-09-16,0x422d82d5e532fccfadc6a72d8c6b64727892239e,1309616.6242149998,333070.365571,0.3410350002,-136870.394868,-0.1427680348,1157470.198366,1.7610889484,3934389.85
2026-09-16,0x153c8444380512cabdc34f6cea09c322e14e319a,2126416.148829,222841.270469,0.1170646204,-583798.843215,-0.2871346857,1382150.902075,1.8570676356,11586540.93
2026-09-16,0xa178a9ebc949245b2f453d87966c1653115b999b,514894.737883,183309.196185,0.5528262639,85520.224677,0.2913005442,229695.998677,1.4912271447,23498864.55
2026-09-16,0x9b220c39d91cabb77132d1e7a4f30c6501aa3aaa,409582.819412,51372.653818,0.1434148407,16224.25904,0.0412454709,256549.93937,1.6764367193,14598699.07
2026-09-16,0xde8a6d588f8067e761bac811a102e0146c721e41,607597.000388,-32471.617256,-0.0507314628,46734.99204,0.4020881425,546327.784518,1.5122453974,8717550.65
2026-09-16,0x14c624428f50785e26d94779769e3b0f3340b280,1626666.757425,79471.015054,0.1262703056,32184.536934,0.0201849456,1012556.104124,1.6488170311,4448262.91
2026-09-16,0x5aa13316231716ea438eb243feabc296a9094b2b,1379119.053192,-2997.469937,-0.0021687534,-490739.050371,-0.2624472143,887440.212792,1.8049184546,44687476.63
2026-09-16,0x1e08253f267b5e985859b5cf469972326f191584,485983.298726,-29600.536731,-0.057411685,-176552.753709,-0.3075969667,314180.42255,1.8287262096,24024655.39
2026-09-16,0x43753b1ae949c13ecc02529adee1c2658ab6f43c,663387.912771,48471.907756,0.0788268761,34874.952126,0.0862361893,408983.892514,1.6076156819,1319545.57
2026-09-16,0x121acb29e168cc9e97dbd7b280ee8baf2cb34c6e,268471.05335,63959.214859,0.3127408923,-4743.451211,-0.0190443666,392035.345458,1.5780522577,3758756.55
2026-09-16,0xdbea0f1d234240e8f8a884cf0461371b3ec2dbcc,373159.200902,72287.242513,0.3382350369,-1528.460626,-0.0038470094,268069.110902,1.5642389008,7347958.38
2026-09-16,0xadbce2b5552c7da805af6381908cb86dc4cb1c62,649331.802432,55.195726,0.1807547626,-10976.301809,-0.2267085248,63083.236408,1.7008733736,2662775.56
2026-09-16,0xe2823659be02e0f48a4660e4da008b5e1abfdf29,1997509.587869,224215.696307,0.1168195953,-2574.944002,-0.0023407619,6112327.056468,1.5912453859,39771580.20999999
2026-09-16,0xd74916aecd93ca55deb392dfad4c3ae43951ea49,1055064.394094,85278.781091,0.0879357045,-198290.056737,-0.2992296896,669321.920913,1.7351522517,20767226.38
2026-09-16,0x2ab7c8c121bba1b6b744664237ae00ded55ec2f8,1313622.756725,307162.794718,0.485371174,15900.625835,0.0123799175,813645.418648,1.5127320951,7066862.25
2026-09-16,0x40f20b734d7d25ba0b6219e921382fa992a56a9e,4040622.575673,-955374.911237,-0.2461647572,-507072.365355,-0.1068446201,2761725.994727,1.6921434041,1132875586.35
2026-09-16,0xea0f7492ac4c6949cb22b5d65250e701084a4e73,360916.247858,65016.133267,0.2197232446,215380.059619,1.4799072466,162380.308176,0.8178887331,59224388.51
2026-09-16,0x0a506b1e47726e769949086ea60b5b01cbaf956a,282492.744619,11657.943655,0.0430444818,52154.730564,0.2419078275,159051.062034,1.4631950827,21299420.8
2026-09-16,0xe18841048abece66a04643582adb1998ed09c7b8,264771.605368,-1768.62521,-0.0066354907,12222.629887,0.0483970678,161595.480846,1.5662100277,94382602.87
2026-09-16,0x04febde8d852931b73fd81c09904bb29d3a0e964,857496.666589,93417.348062,0.1222613226,-30010.199697,-0.0704105307,557719.09658,1.5944691072,5006595.91
2026-09-16,0x30428a743e2a2f8d1c3fea017e0d76440435fa8d,636818.073467,74608.244203,0.1327053358,75533.88118,0.1345733271,428115.898733,1.4553756008,38362203.35999999
2026-09-16,0x734531e87f8c1643321355f7143fcc6169c4b404,1537263.227624,-177865.432091,-0.1037038423,-512474.690818,-0.2500196177,963949.299764,1.6813638269,149357278.69
2026-09-16,0x718cc7ee2ae2493ebf7d454316df6b61f4e1a868,1081697.552657,202212.558238,0.3245991204,121083.66923,0.1260482191,676373.875217,1.4079048239,7330714.07
2026-09-16,0xa2ce501d9c0c5e23d34272f84402cfb7835b3126,12215940.802093,261900.250886,0.0478172851,-3287506.465685,-0.3642056729,10826609.097877,1.6944819588,44740245.96
2026-09-16,0x0c1f6941fdcde9488dfd36ca16fed6b3bc49672b,467134.57046,18683.88466,0.0416631867,15643.38388,0.046313007,278404.748894,1.4751497489,94227948.51
2026-09-16,0xaecfe4eff84a1cd9a24accc1914ac537af7f6e1b,905910.854361,33080.817621,0.0645272025,-250985.334776,-0.3150189727,991089.66728,1.627681607,14106623.06
2026-09-16,0x81d3ffbfd90252f5260c942c3e4930bef1155a10,295323.019561,1876.557355,0.0063948883,23934.216183,0.1550420582,183350.840788,1.3893143426,7635101.51
2026-09-16,0xfe7e0a8b33061f13fa1f72774b164667c3b911b4,622151.543126,1682.438038,0.0027115581,-80671.215152,-0.1147817345,374889.537263,1.5161631368,4252377.82
2026-09-16,0xffb285456daa57d757b9c9020a6302afe5a95ed6,254130.670575,22993.524123,0.1425050688,-80707.429507,-0.2410341878,154129.99438,1.5412895217,5670960.8
2026-09-16,0x8a3cf3c4b300be69429cce5beb2ef14d7200b6b7,2607053.333598,62655.865245,0.0246250305,-742271.106462,-0.4452491708,1701240.145295,1.650386476,2220884.38
2026-09-16,0xcc26f60bdc43a6f95fa0a632f935d539fb4044e6,395061.81662,112445.642033,1.5187329989,24200.048327,0.1491209432,206389.51662,1.0939047047,1209376.83
2026-09-16,0x73045e207623eed9e09f647fec7d3f3c0b4a37a1,760121.144647,111762.249789,0.1723771366,25867.934682,0.0867782088,442187.312352,1.348358836,2793405.57
2026-09-16,0xb7ae6c2850230b7d903aebd95c1fb2a4d525369f,296550.346904,25344.461438,0.1479666542,10708.856762,0.0509113189,171043.95638,1.3628306548,6056480.28
2026-09-16,0x30a7a78ada9aaada13ef7290ce2d18554c9cbd80,720416.280722,-27247.304706,-0.0364432684,232791.621871,0.4773991605,391019.687168,1.1763649049,57294843.57
2026-09-16,0xf78c5d8d4b604a140d43a46209fade655536c581,3468555.060521,30611.257606,0.040823491,-320669.105957,-0.0846265863,2044826.184331,1.4362468996,16480301.42
2026-09-16,0x3c66b4d46004afaf5a8a1ab7399c1f5aff89eab6,1249377.037641,104289.564654,0.0910756314,29734.266049,0.0243794878,725273.296083,1.3716588135,95108421.4
2026-09-16,0xb14d1598dbfeaec11bae2a382b29adfcab9e8560,766607.92269,18345.295683,0.0607688691,-5382.156059,-0.0069708914,482745.843259,1.3914788991,340011841.97
2026-09-16,0x64702807a1f0f9888ea22b858099d7f481227b55,1954165.470489,94501.731255,0.0508165693,-677915.278348,-0.2481314942,1322254.004175,1.5118366472,64686144.89
2026-09-16,0x59629e23c52a0d7c092436870ef2db1dc382ddf8,3018101.393469,218171.185741,0.0779202228,83550.219417,0.0284712089,2015234.003055,1.3688292573,83787454.35
2026-09-16,0x4bdf1130109e9c1bc921d8979ea66284d9c92f37,293597.867004,30833.558853,0.1173430253,-6500.589602,-0.034378396,172620.256327,1.3923502428,2365634.7
2026-09-16,0xdf86c7c9069e9bd5bac9d97e21f9aa10f728fb86,589576.445005,689.197206,0.0011703381,156186.704671,0.440710776,494022.357029,1.1716278062,73284643.49
2026-09-16,0x75d2ba3da5a598ea48d499bc172fb6b4713229a3,2281115.15311,204958.195949,0.0987152362,82386.466304,0.6504276523,1165271.582312,1.0442029622,3129660.6
2026-09-16,0xe6a90b07af76c504c1dba4cc45a12c4dc6b1ea68,312171.4127,51310.901166,1.0085466683,-22876.380825,-0.1617740917,198341.004993,1.292288755,4166025.81
2026-09-16,0xf220c9b7b4c0e5e785ebe4b40b17576ce24473e0,1433475.18242,20318.226462,0.0143778979,180620.118071,0.14416681,1003470.993385,1.303195155,133566717.33
2026-09-16,0xcb5c2f378860437fad512c3aec09efce1c470283,565425.497314,23729.63976,0.4947797136,27808.235216,0.0517249671,315301.89131,1.2605843021,8072109.64
2026-09-16,0xc2d3a0c560b91a363c6954cba05cc1ac0e9c91e1,306976.873665,33678.628039,0.1231852383,-15591.780965,-0.1807649195,194508.088179,1.4347557034,3397673.14
2026-09-16,0x54a7240cea67b8c41b7c7f2b485360f37331aef4,325945.637806,40401.686432,0.141440721,-47515.760861,-0.3050524159,219727.114388,1.4887080103,10915472.84
2026-09-16,0x04a97ae7f350a22cd0cdb6b1875e8905b76495aa,408845.950524,-11755.369819,-0.0279489608,-23930.700344,-0.0552957289,237676.191287,1.3885407817,13263523.73
2026-09-16,0xb70c32dc4a02dd77086248e5b3e6c47f764cac90,456259.959989,9827.221657,0.022012771,-1783.673545,-0.0109451595,262687.9117,1.3570549778,8680854.38
2026-09-16,0xa0b31efd7c2b988efb0fedad43144a621ee96839,1142247.327944,22366.92143,0.0199725982,-815.321256,-0.0034334563,648512.652445,1.3108026919,33025929.83
2026-09-16,0x422f1f07f40f11bac71db4f520dd0ea1ff20f2c4,800416.266497,-7320.449356,-0.0090629152,133157.86507,0.3400280687,426840.57926,1.1425812595,1147954.14
2026-09-16,0xb7658d7c63b6c1fc7254fe9402a95d044db70dbc,1541503.766206,94567.973057,0.0653574081,77538.25,1.2333296325,625994.869747,0.6690703577,11187884.73
2026-09-16,0xbb34960afec64f3f1cc78b0c9c342c4657021696,3031325.187212,-10171.905088,-0.003161729,-359597.242674,-0.1630020639,2910261.389759,1.3764664739,51153132.44
2026-09-16,0x783ee3148b797b6174e8204f8f224e25b8836682,1899274.289711,6810.745177,0.00359831,-452369.953275,-0.3779435985,1131174.383754,1.472118702,7502003.68
2026-09-16,0xdd97539fe9a912166f037d81dcf35b3f0ce5c610,3134295.762942,3473.801536,0.0011095494,-56083.7,-0.1045532237,2210673.840775,1.3328388167,71054943.21
2026-09-16,0x5371c4517b448006941ae335e5cafd54af573c11,1252190.834248,314749.641992,0.3357540127,-380895.451679,-0.3373962562,543411.44922,1.3866514583,13063366.19
2026-09-16,0x9c6a5b4662c722d2c47f43d6c9813cb080ffa4ed,17899713.184211,9347.640628,0.0016342096,-3127442.639042,-0.3531133558,10589504.993209,1.4485914377,44409932.83
2026-09-16,0x64b2627e0c33b44d5a78ca2b5289abd0c306a5de,3410342.55541,499207.801348,0.1714822032,210932.817518,0.0659286665,1864991.285333,1.2068397143,3352631.94
2026-09-16,0x42fd5648cf21c158d15e4f58785760755b3f6623,2759185.821279,66631.650114,0.1223599293,-139100.219886,-0.1214184271,605932.8145389999,1.3071827393,121106225.85
2026-09-16,0x9386b9538884d849943d77f1c5412de9e72b021f,856905.8659369999,68458.755559,0.0868163166,-142131.32953,-0.2274721198,492177.829361,1.3490679992,116188339.98
2026-09-16,0x724b4d225c3df786dff7a4d362dd8710c7cd3a95,474787.196227,11415.300438,0.329747083,-4494.308405,-0.0405797979,260119.288649,1.2029320302,8601142.13
2026-09-16,0x2e2b6070bec9be9f50887cfe306ac6ca93002fab,2065561.768012,34851.914,0.0171624292,-689337.158475,-0.2726136386,1798900.290613,1.3656481984,3897138.64
2026-09-16,0x152e41f0b83e6cad4b5dc730c1d6279b7d67c9dc,20079383.307522,820444.004243,0.0426006849,-1933360.179302,-0.0878291332,11199069.597091,1.2611119339,298746072.56
2026-09-16,0x1c814c8068ddd68bcc79bd9d28a1698ba099072d,391294.042882,17240.813244,0.0460918711,-58438.666715,-0.1299408859,265423.956773,1.2775287285,5284506.39
2026-09-16,0xbed672966f600f4b09ed341d042891be865cb623,606783.959467,42255.871575,0.0748516725,-49566.85903,-0.07551885,334891.830974,1.2317084457,1257999.82
2026-09-16,0xc9450ce362e78ade76a0ca88be50ced2c6435799,481093.469692,0.0,0.0,0.0,0.0,160676.614911,1.2034879776,1116829.82
2026-09-16,0xc619b01f1a4f894c5e83338c42f98dcb82b710f5,4041204.321339,1296.591793,0.0003094559,-365485.016008,-0.1652875898,3065731.993016,1.2821711878,52034311.49
2026-09-16,0xa61c57d0d1a83c02542092b431999b9870dd66b9,6538793.482775,-531817.277193,-0.0752151823,2626465.858099,0.6727034277,3032952.686314,0.8651142087,134554798.61
2026-09-16,0xa6181aac4474b43c3ca575ac8b1ad17643ec20b8,2221184.602663,0.0,0.0,288282.798052,0.1491450852,1168938.074172,1.1108975373,280680593.21
2026-09-16,0x05b5a0ae689c17cad8155932782a5c29426abe75,3172177.37022,-47073.95168,-0.0466227189,-319375.630253,-0.2491268301,1827515.4083690003,1.3141334548,73467647.09000002
2026-09-16,0xd3168812899e1fe0e7de42b70a915eede1118d83,655620.682534,94968.365426,0.1693890537,786.120677,0.0009671337,435648.11403,1.1525888325,2020890.01
2026-09-16,0x118c6cb819f6a585885241d582f992840fd73de5,612529.998918,45735.98155,0.0806924211,10967.884068,0.0691732049,377974.566242,1.1297815827,3135605.09
2026-09-16,0x866d4903b256ce7e7caac46a91e83128bb0fd6e1,3234825.720507,507306.765108,0.1859956882,-183284.788363,-0.1149524161,1802326.299255,1.1988777036,12330905.15
2026-09-16,0xf00eabc409c51cf884ec7861cb839524af6afe3d,351560.997744,22493.391438,0.0683549247,105921.195712,0.4312053455,298620.873779,0.9451665123,14497325.7
2026-09-16,0x00532b2e10626ed952d6664b9c6848646b227b57,331218.529569,45553.158659,0.1593517904,13374.259943,0.0420515671,287575.796462,1.1207281862,2969105.27
2026-09-16,0x6ea486a3426563e23023125f18867117878f0ea7,3969863.57697,18250.268398,0.0184452719,256650.15542,0.341731757,2457888.340277,0.9823787631,22795677.49
2026-09-16,0xe676708ea7611c93ee106b1d7a2c6f721fc10c18,440821.292934,262.294003,0.0027763897,-21240.399509,-0.1831451904,243542.379434,1.2345079112,1699429.16
2026-09-16,0xeb7f3e17a7c525a90010a9c7d99b85006e0c0c01,471460.348511,6933.006724,0.0149248625,33573.584629,0.0766718417,246425.225503,1.0950522843,4889505.81
2026-09-16,0x1249351002268a45594b9c429a328a35e6981488,1000671.228423,373.82229,0.0003737111,62823.098522,0.5886703768,77082.291321,0.8336723008,1788654.04
2026-09-16,0x2e32935bfd5b2718f99bc8fdf8b37c16811f7d97,1104106.574728,-43116.362456,-0.0375767012,-70364.795371,-0.1671109755,813500.3048790001,1.2144852861,26035879.93
2026-09-16,0xed48b856556a69c7c40229c9c4c829b909257c9b,2244045.413843,-14206.738165,-0.0062910327,105866.704666,0.3421130951,241043.201626,0.9411520761,6876728.85
2026-09-16,0x5986347c1d0133d02d307f08bb1efd44c2eb89d9,3710275.403594,89787.266198,0.0247997681,-439652.800004,-0.2247325766,2094735.945451,1.2139600376,73428295.44
2026-09-16,0x5cee0ca5f78503820d857371bc018dceab01a723,3691093.275154,2423569.97811,1.9120516236,1095992.431327,0.4223313456,1348191.702935,0.5754367656,55074628.31
2026-09-16,0xde5a8068836a16f92813104d7faf602bb0cbdf62,844386.944133,58579.999528,0.0745475717,-139369.471283,-0.2624846533,473569.387719,1.2211075483,4533788.26
2026-09-16,0xe83b5e3644b50e802a25b34b38b91a061a0d3ca8,4697214.266876,740450.674367,0.1871307052,-316332.040269,-0.0630942075,2462784.841507,1.1021492103,75484575.15
2026-09-16,0xede2ec4ce1881d4e86df2a9f280fed72b80bf971,708672.258707,0.0,0.0,0.0,0.0,615749.885792,1.1016733354,2523591.49
2026-09-16,0x352deb23bebae8b4c57d0ae341d9c1951fd8425a,988368.098831,11467.845046,0.0117390133,53677.24176,1.2796885849,306130.836128,0.4464258438,17989632.58
2026-09-16,0xf49c774212ae16cdd19f1dccf90fc7eb5330071d,310354.135564,40018.828478,0.148034043,36534.692872,0.1334262188,152969.281346,0.9719441055,1876083.8
2026-09-16,0x9b0fcd35fc49521e1531ffe26a8132a3e010db40,517490.589678,49844.252844,0.1065853593,28139.73976,0.4341494302,243307.950105,0.8270253061,2180367.58
2026-09-16,0xc7847f80861d2e47c40dfacf9f69e0d0c1393e53,494987.480221,67377.366902,0.1575672904,-26248.354043,-0.0605766784,256149.890349,1.0504938573,3004428.97
2026-09-16,0x8923cdff38a43d1fd59d323c35b900047e431bac,611611.5865,88013.914868,0.4798210423,-79108.494498,-0.1943783762,439237.900919,1.0605657693,20191944.42
2026-09-16,0x3093189bd4d429cb2f47d03c14b9e9200b6b9425,562169.524677,46753.675914,0.0907105903,14077.483613,0.0256845248,282230.714278,1.0081871602,1689040.37
2026-09-16,0x72a7837428320ec3c0c072b0c0fc192d6df0c83f,980119.692629,17357.196068,0.0180173051,-5763.76112,-0.0956893851,509405.038189,1.0808173126,9382294.51
2026-09-16,0xfd28ee5ea23a5542db41cccc9cda49bd370434f4,2376392.636483,248453.222522,0.1167576581,-915.117002,-0.0016019878,1196214.302588,1.0135877505,16083121.0
2026-09-16,0x736850ee773ac6170fcaeda596514269b863ee56,402832.598804,3591.349004,0.0089954357,8916.744268,0.022636165,302302.015841,1.0058910044,15150095.99
2026-09-16,0x3de9a354243a94e10060a198c7179b8e5393b9a1,345154.159248,3477.399069,0.0101744749,-40433.368589,-0.2768086012,190319.665246,1.1535525911,10412039.15
2026-09-16,0x5a733b25a17dc0f26b862ca9e32b439801b1a8c7,772629.457785,6696.921921,0.008743488,-9177.702245,-0.011739087,393853.809155,1.020496958,1744698.79
2026-09-16,0xf21d494bb47339f399267c5519cbe11da0753b2d,1335253.390608,103666.871336,0.085053163,-100847.988034,-0.0702234463,839540.376606,1.0355580361,20995073.09
2026-09-17,0x634fe24f2f7396f5d967ec3936df04f49a3e6951,4040955.770156,845933.888581,0.2647496543,1202396.139135,0.4235639136,3962804.959606,49.4884868027,217108457.52
2026-09-17,0xbf732ea04197942783e34730ed6e0f6099575d58,7576030.773909,2297625.357579,0.4352795544,5166575.952347,2.1442037906,11322083.403907,33.7604240767,455471126.39
2026-09-17,0x413042415510b6395667abe224505d0894ae67c9,431349.439342,143193.221121,0.496929138,234490.776403,1.1911631061,477827.912617,24.2287117229,19688743.28
2026-09-17,0x991e044d97b946fe549e92ac9bfa5119592a0e54,1368996.484872,398784.403289,0.411028074,609253.768816,0.8019211714,1319215.226666,17.640987305,4649560.3
2026-09-17,0x4cae5bed586f6e73ae54ebd40a4ac4ed2c477c34,3187581.764096,915738.21436,0.4030815478,1170463.966035,0.8649370823,3020531.50899,14.3567735757,9105871.78
2026-09-17,0xa516541e599129095d14f7faf8b11ae670c837b0,3073370.250511,529674.934159,0.2082223089,1108647.64005,0.51214305,3048271.373327,13.5419217166,77328491.66
2026-09-17,0x470756b530bfa294b80dd4783a1fe13dcf3b3394,517964.315362,289135.064252,1.263541005,274948.463899,1.1314015026,477041.824921,11.6572159496,156346651.44
2026-09-17,0x7e1ad5e2bbe30d6d202e7c41036ea0a07c560be9,2096762.409527,1137706.346534,0.592638277,343448.478225,0.126547501,2835811.189763,11.780050944,410453112.29
2026-09-17,0xfd2f37d266d4e7c04e9e33421f2513bf49d32d11,547135.630726,12646.309317,0.0384764594,332201.23639,1.5455936562,498320.800726,10.2083895555,320569621.58
2026-09-17,0x9c8a3a2ee827f24f2428ff2863599c1d7d410d76,289471.579439,110650.070444,0.6187738324,77534.002423,0.3658341457,355268.573136,10.3870569151,52015044.64
2026-09-17,0x91867345424fb158888ff9c5f1b1b2e7cd7d65d5,466709.937514,113408.766349,1.2892221314,145371.816465,0.4498751679,379826.176494,9.8082744988,7224128.65
2026-09-17,0x5b5f798b94f54d33ba316c8b1c837e930c90c052,1685479.974416,579261.4604,0.5236410827,1210150.925373,2.8080267746,1929893.691256,8.0708328026,125870867.65
2026-09-17,0x1e7127c81c8a58661a0811f026b6be66533934be,725862.096873,209504.505227,0.4057353056,460850.054907,1.7389777894,650438.087623,8.623837818,41067544.62
2026-09-17,0x3e470a0bf8460c3a8320327cf5db7deed3a3aaf6,1067200.412904,217247.192395,0.255598999,409503.063538,0.6226314641,951671.244257,8.237497555,13203558.15
2026-09-17,0xc6a7757dfed3b596a5b5865d1dd92dff7f12d9ec,257884.596387,1651.463949,0.0064451616,35041.778313,0.1572488565,228513.526788,7.7538253581,24147585.14
2026-09-17,0x3ab38dee6ba252823b3ceba95390726cf1962a73,374035.819165,99617.848986,0.5911263908,157236.188906,0.6055099924,364015.132344,6.881624431,3678254.99
2026-09-17,0xe7795fce474d1eafd645a29e799a64f85dc26ba7,251966.242654,47032.207634,0.2416171825,121829.046687,1.016435939,258742.675028,6.4297748184,11719645.0
2026-09-17,0x20438cfdd36d75e185d6601697eb1973f4aee79d,328337.49913,72538.484119,0.2835760885,73291.157684,0.2873640816,328628.856378,6.6111009713,8703772.74
2026-09-17,0x613ead0ea5af374af0ccfc117ef116a8e8d133fe,651825.982888,79348.244355,0.1385807359,106471.897695,0.1951986438,577039.80773,5.7769737085,8996777.4
2026-09-17,0x8ecec0c9367490d2044aaff4030ad0becc33218b,737215.193258,183315.600049,0.2876715632,138837.300911,0.2036581118,761783.221938,5.2768105911,23287386.65
2026-09-17,0xbb1ac608e3bf90b73fa782007878205644c890a7,562331.163432,152960.265783,0.3736471417,-48446.967637,-0.0756064623,575669.706509,5.3808215552,16515075.6
2026-09-17,0x2f58adc8b81f51b02acf65eff40d9f5bbb88bc9e,258354.070471,72180.188853,0.3877030882,106671.576595,0.703255688,212329.637674,4.6134112855,29273119.0
2026-09-17,0xedeaa967b0100a4df613533df634ffe6cb5fd773,1205628.436895,311373.480133,0.3481931834,696766.342668,1.3692635993,984504.321019,4.1633781827,138398662.34
2026-09-17,0xf124c3bd6544caebbf68824eab8c009b3f448196,261461.555627,53032.882397,0.2544413951,115379.703824,0.789829143,280528.788303,4.2502434721,41571338.28
2026-09-17,0x178f639a89797fab52dd5cfcaddd383a563ffb78,336822.577794,43961.657157,0.5147765518,12140.432448,0.0942502162,166938.297576,4.2455798871,1139560.28
2026-09-17,0x41c684cbde3e449cc67c70aacb6132e3eb25b06d,343162.407421,33225.407689,0.1072005205,77888.99832,0.2367193424,481762.886732,4.1115205868,52047764.88
2026-09-17,0xa1be71b903206120fa2b2245e145a5d7be09d8f7,586325.291767,153343.425353,0.3134038048,222510.032413,0.5036990961,533547.351767,3.882181001,15480037.28
2026-09-17,0x6d092dd825d74303114eae27988bc5ce029b957d,714922.528916,54571.065649,0.0826394256,198078.339331,0.2260007062,910692.630772,4.0383419729,98721178.57
2026-09-17,0x1338a67b37aeaf796357d78501a0c3695c51c48e,2308262.260132,511164.300406,0.2844387517,1062029.97033,0.8497859116,1810865.330132,3.615032439,8051819.66
2026-09-17,0xb2662fca65f6446b8b1898340118d44d680a4449,2419747.781688,689581.237178,0.3985635021,996510.362693,0.7001715591,1898934.929866,3.6460984463,12019846.33
2026-09-17,0xeb0f432beecf10dcc828fc1e36a3386caf634637,1893183.168706,450273.57636,0.3120594518,945476.931401,0.765649898,1947545.126835,3.6160573216,57389068.45
2026-09-17,0x456f1049c0f2ec990091bbd3f30af62aca3fcdf1,3018474.027224,461790.745589,0.1806210213,1087874.926487,0.5634908491,2377693.179291,3.7106183603,40588361.48
2026-09-17,0x53f81d22b16ff1718ab8ee52bff0592685325f92,562683.361892,126652.063459,0.2904655329,131027.758343,0.3035469881,441595.04035,3.6468838177,53921095.33
2026-09-17,0xbd334a55db91617545e8d1b09941e036ad8e4200,6653077.681657,568282.117935,0.4442496148,401060.050109,0.2772781892,3402814.22607,3.6308505818,8100321.45
2026-09-17,0x558afca8d68f6a7335837b06ce218a234978225b,329077.809975,62828.432631,0.2359758857,8500.559577,0.0265164155,399504.873427,3.7403451949,2723916.77
2026-09-17,0x9e2cbb5d800181c1ef21b25010dc4ea80eeb5508,4182757.11963,277336.789715,0.0710133011,1056522.357652,0.2615398093,4936384.965607,3.6313710952,1284651819.02
2026-09-17,0x5ccaf678b74464fac20f6cae8cbaa9b402010c45,1214325.571845,165492.138384,0.1577868641,355442.200985,0.4138422201,946063.706222,3.5266425365,4476687.77
2026-09-17,0x53969485d7422b35c7fe5a4025498f9b69268b79,1198391.227734,730151.26565,1.0593571264,440325.467438,0.2875940922,1745750.293033,3.418743203,92153667.12
2026-09-17,0x68f33dd18add8ad4830d78ae66faa98d58f2310e,651925.91165,104702.863693,0.1913348937,200736.879574,0.425948313,521479.741316,3.4643451895,7197707.3
2026-09-17,0x597568694fe6ee1b701ec8578bd57102c9a29abd,3174257.528386,512926.036758,0.1927328626,667243.606294,0.2661507383,2668834.510413,3.5329007019,49913037.54
2026-09-17,0x005a09b498f2a28b54652a70d7812e63414161fe,959512.854703,330135.893453,0.5083886758,451509.566745,0.8091372552,767049.28306,3.1634309344,1652458.5
2026-09-17,0x4860d039cbc7cffb0267f86e63f4b4442b71505e,1572761.605857,94116.794566,0.0636507117,93828.198594,0.4074551411,322018.314197,3.421959959,6673316.35
2026-09-17,0x5242739cf086d71d65b0c557d2531769156369ab,345416.961122,40921.149373,0.1343898595,49402.657011,0.1668928032,320244.116966,3.4849703599,1369474.29
2026-09-17,0xdd7a372377fc633f74ab6e20963803d52f448830,4912532.641211,867009.909677,0.2143134441,538296.568971,0.1230607036,3792052.043612,3.3843085295,37125975.38
2026-09-17,0x9b864dde6ed1c21608b1665a0ac0faa4f7e36e6e,2992713.715272,529353.124916,0.2102195472,1069991.390895,0.5345328076,2823578.092577,3.1352501333,12275656.81
2026-09-17,0x1b232b41b0e75550c59288b99874e4a8142fbe21,258824.621776,122161.117425,0.8938825183,-14817.896491,-0.0541505632,198764.855607,3.3097085405,32550100.39
2026-09-17,0x341892ca9af16ff90c91bb4a119655dfffb0e5d3,549717.73397,-90537.090406,-0.1414079004,715827.04574,0.8644061876,1214915.959514,3.0187688118,618405675.8
2026-09-17,0x4b85bf981916936249a62b7e77f30e567997a395,823658.685038,218650.500062,0.3611621142,443003.26703,1.1625691332,666225.1896340001,2.7353526614,8175575.95
2026-09-17,0x17f0361771a9042d816cd007c731be15f05b094f,739675.16618,195308.430602,0.4154064518,330336.350569,0.7991488926,551384.354479,2.8225431963,20744816.49
2026-09-17,0x230963164d9637a4c536270a06b4e3636d44a2d9,2190389.290459,243599.099699,0.1251285839,530633.1794,0.3197055133,1645857.483879,3.0225185453,1286511.63
2026-09-17,0xb5b3f3caf9d778b1293e5cd29f32e84b04c67a08,2944533.477854,55620.78175,0.0192531889,-817872.525584,-0.1918804837,5324847.003482,3.2875788338,245069349.86
2026-09-17,0x153c8444380512cabdc34f6cea09c322e14e319a,2961148.213318,816760.02097,0.3808825398,467465.275013,0.187459788,2226370.117471,3.0299897752,11586540.93
2026-09-17,0x5aa13316231716ea438eb243feabc296a9094b2b,1741013.249476,345911.138867,0.247946825,184565.368484,0.1185811428,1309605.866493,3.0356593748,49117145.98
2026-09-17,0xb64460b8f4a2f521b815a209f053d35fb1977d51,694406.906507,82254.590861,0.1343694841,34077.703858,0.0516071434,521377.76311,3.0132366888,4461211.29
2026-09-17,0xca810f64a0bbc8498dd0d714113c8518feeb8d29,529356.912209,75005.444782,0.2042779297,169855.240973,0.4724741345,351714.157629,2.7696167803,1013817.43
2026-09-17,0xa178a9ebc949245b2f453d87966c1653115b999b,666074.252991,148628.9689,0.5437231519,299241.502152,0.815743691,380875.518467,2.4727113888,25521589.1
2026-09-17,0xcbbc60df1f1b062e5ce90715e1400a4acfe3985f,317261.050623,114630.149683,0.5657091251,35408.865421,0.1256292031,255933.328949,2.8023619144,13323431.06
2026-09-17,0xb01d0612743a3401b16bef157bd69a909e3cd1dd,392079.779964,41966.179764,0.1198559077,26887.742299,0.2916150891,187561.677677,2.719355406,42314390.83
2026-09-17,0x5cee0ca5f78503820d857371bc018dceab01a723,6295702.203667,2310714.168797,0.579854732,4312832.841903,2.1750463874,3952800.631448,1.6871390067,56137182.19
2026-09-17,0x48d603762adf3aa0be6f8c05f621451070a3487c,452665.719251,7104.275396,0.015944547,0.0,0.0,151584.101005,2.8568604989,2617804.4
2026-09-17,0x75ec3ba266176e733f1b1fdaa15052f5eff724b8,3120390.951059,407000.938599,0.1499972126,627969.561761,0.220153152,2545139.089801,2.7213402333,98558298.72
2026-09-17,0xd0868e73a4cf27319c6d36778f17594dbf88aeab,255114.703919,62769.442084,0.3263373451,73264.710545,0.4028854177,183561.098559,2.5653647728,1433210.58
2026-09-17,0xc786b3302e681745813f8011e816336bb5baeb75,684924.034671,71816.693396,0.1171355981,178544.711481,0.3391940802,526161.42,2.621817935,143594140.27
2026-09-17,0xcc26f60bdc43a6f95fa0a632f935d539fb4044e6,473429.389224,78155.091633,0.4186194391,184695.793463,2.3041889041,284757.089224,1.509268129,1209376.83
2026-09-17,0x0c1f6941fdcde9488dfd36ca16fed6b3bc49672b,655044.202563,187631.361964,0.6160200569,182984.501831,0.3876300001,459828.261047,2.3554852,94459765.65
2026-09-17,0xe46aae69cf2607b68c03ecdf6d94e776287e73b0,411524.48589,73092.355065,0.2159734505,71490.894761,0.2102465657,506974.754158,2.4784914156,1345744.6
2026-09-17,0x09d0dbed3ef5cb17eb60097b1baf31d9916a1a52,916274.681591,131843.37977,0.1680988948,274979.841293,0.4288626977,643009.336964,2.3530584818,1008712.11
2026-09-17,0x5740affc8faf8913f9f2d5fbb9bdc6e8119ea9da,2317716.834489,167131.937951,0.0777146432,61186.26958,0.0955176655,852621.940473,2.5301067661,3953671.53
2026-09-17,0x15b325660a1c4a9582a7d834c31119c0cb9e3a42,8899001.101775,1553492.718398,0.2114887952,647157.942432,0.0784258656,6366264.850364,2.5135917121,14338615.45
2026-09-17,0x186db447f4de2f258ec100aa194b6e9974a46482,1532814.565301,589507.54827,0.6249370964,201566.069192,0.1361764256,1181716.681666,2.3632789295,178637588.36
2026-09-17,0x9386b9538884d849943d77f1c5412de9e72b021f,1179201.729482,306489.732446,0.3511520619,201997.286561,0.2066881902,814920.4880799999,2.2364501667,128545965.02
2026-09-17,0xdff720130481e2ded32a0fa06bec909b9498e625,288819.596251,58431.096655,0.2536198498,69033.655442,0.3140949562,162358.139405,2.1883487633,12216707.11
2026-09-17,0x266b5569ed3017e74dd48059c6db804e016eefcb,2440392.735058,451155.56693,0.2180193609,582276.414119,0.3004186931,2147379.697045,2.196930682,9808721.55
2026-09-17,0xcb5c89e9679fb5b09d1be72f3a9dd789d1e9f6c9,359535.838694,-3176.259584,-0.0087569717,5181.917147,0.1166595929,251226.376294,2.3195238045,1725184.1
2026-09-17,0x795cfd1b03eafc11c4ec958b8a94cfc9aa64a242,7332509.963312,807952.346781,0.1238325101,235905.571014,0.0332420349,5101327.673014,2.2863787039,127114365.08
2026-09-17,0x0e1cdcd958d002d98528c973f1397b7784abce6d,601218.109906,68445.860349,0.1284711439,-40792.511665,-0.0635386866,419284.161931,2.3045955227,9838468.77
2026-09-17,0x9b220c39d91cabb77132d1e7a4f30c6501aa3aaa,474106.361174,70348.275747,0.1742337263,112996.328016,0.3129138424,321073.481132,2.0980686049,15184615.8
2026-09-17,0xdbea0f1d234240e8f8a884cf0461371b3ec2dbcc,450096.121919,91136.461955,0.2469752005,89548.000391,0.2253849362,359145.571919,2.095688954,8072612.02
2026-09-17,0xec4a6f59960fb55a7fa49262e2628687b322cf62,7491713.056359,1649512.135002,0.2823443009,319023.796393,0.0444775711,5132996.630346,2.17618217,1617436757.87
2026-09-17,0x422d82d5e532fccfadc6a72d8c6b64727892239e,1483309.027603,261373.951473,0.1977050994,413438.147929,0.3533734004,1396939.70557,2.020232363,4227705.34
2026-09-17,0x7583b5364597736a6a72c4ba61ede0a4a37ef4de,2762394.193296,0.038031,1.38e-08,0.02182,7.9e-09,1901964.779672,2.2104832187,4911581.85
2026-09-17,0x470a5f416a0f380e228cb8f5439c91b0c98c81a6,1555255.911912,0.0,0.0,0.0,0.0,1070485.834098,2.2082341363,7652187.24
2026-09-17,0x874226b22939904f436ff0434e1fd0ab257c8427,1087100.612447,66805.365999,0.0654765042,431364.953316,0.6820449933,705039.611522,1.8453587511,48541019.74
2026-09-17,0x625ceba7f2fa59a6b10cfaed5c54ebf3cd0501f6,252237.937495,13722.280789,0.1649535413,93820.146574,0.5922323877,248860.045117,1.8658211968,3380840.22
2026-09-17,0x2ab7c8c121bba1b6b744664237ae00ded55ec2f8,1527884.759989,215457.141222,0.2295005828,489661.708648,0.4777702035,1027907.421912,1.9110886786,7066862.25
2026-09-17,0xe2823659be02e0f48a4660e4da008b5e1abfdf29,2282498.208721,487725.654616,0.2474837969,453318.176265,0.8606551143,6573280.84732,1.7112472422,40034355.1
2026-09-17,0x09bc0cfdb1ab43a57a8a4df7ffcdff9a980bbd0c,321921.291918,89129.250057,0.3828706916,79147.204118,0.3260117455,212915.081918,1.9532380946,26331686.42
2026-09-17,0xea0027b6ea9b6d7d401b5266979cc3b3ca87a918,20146270.593946,2420240.537975,0.1365359604,1763332.338055,0.0959222249,17049150.725373,2.1055819082,38222795.26
2026-09-17,0x38f9715251bd7b9962a51b6e56b547fedb11709a,540695.244288,-19545.878918,-0.0348883331,241675.643081,0.8082267587,344740.726138,1.7592894994,134200503.2
2026-09-17,0x734531e87f8c1643321355f7143fcc6169c4b404,1828257.144084,282247.957522,0.1825655112,-317220.33656,-0.1478553559,1254943.216224,2.188928535,158215331.72
2026-09-17,0xe77cdee1aa1affa10231654fe438b63ab0ab15db,1582371.530037,505378.428422,0.4368599992,962699.960037,1.3762264849,962699.960037,1.3762264849,128462420.07
2026-09-17,0xffb285456daa57d757b9c9020a6302afe5a95ed6,299226.167764,39264.305227,0.1510387133,30311.582113,0.1127182523,199225.491569,1.9922414443,5923026.41
2026-09-17,0x9466140c8781e253fe426c87ac17ccba500140ff,290732.182399,66018.956532,0.2936634352,27648.849061,0.1050561152,221857.499389,1.9652210619,3491445.0
2026-09-17,0x121acb29e168cc9e97dbd7b280ee8baf2cb34c6e,328672.705889,52701.878873,0.1909690218,97013.226577,0.4187751214,452236.997997,1.8203807997,3758756.55
2026-09-17,0x6dc903ab5fe0d286cbef6c5042dd2684b7fd78d7,1302862.553523,144959.140731,0.1251910471,170508.395707,0.1505786812,862801.962271,1.9606435555,23041533.78
2026-09-17,0x0ca4109c94438dde8d7386da27180f414de80fa8,447766.01565,3826.853079,0.0086202196,51270.21131,0.1293083325,297847.679616,1.9867328273,8869307.38
2026-09-17,0x25e9e31168d7ec59b0bfd54ebde8f3f6b9b1a5ea,464965.100302,37030.875674,0.0865340362,-38663.911705,-0.0767706204,329333.425277,2.0591137326,72245367.64
2026-09-17,0x1e08253f267b5e985859b5cf469972326f191584,544811.997915,59222.699253,0.1219604703,-82818.077032,-0.15363188,368327.4422,2.0870236532,20863166.5
2026-09-17,0x3b9e9c9f82eb1c321535fd2bc48d8db9e8e8c503,390483.989368,2892.01337,0.0074614893,20216.007137,0.0545983129,353092.132138,1.990464149,31520077.15
2026-09-17,0xa2ce501d9c0c5e23d34272f84402cfb7835b3126,14057012.132093,1462840.615556,0.116152191,104078.834992,0.0140409924,12667680.427877,1.9826296259,44740245.96
2026-09-17,0x558627b71365241665ef8902a1a3e0d1bfec3e3f,441196.123268,124366.058081,0.3925323754,217237.76716,1.2953155958,217237.76716,1.2953155958,3695284.02
2026-09-17,0x31fe86dadaf5fe01b3a411770338e09ef49553ba,256905.732405,35660.258961,0.1611796093,-3477.219036,-0.0096486779,317033.538662,1.9823850963,33938126.39
2026-09-17,0x92b75a5bfb7be7911747276ad335b8f5da3ce0f4,7483977.700109,24.971241,1.98363e-05,-102.26972,-8.09553e-05,4933160.005594,1.996116513,85234086.2
2026-09-17,0x54fc13e72548503e13eea8b4cfdb4524be39d7d2,495289.644049,22623.815499,0.0478642926,20691.737657,0.0435984596,349465.700923,1.9326188903,13274214.37
2026-09-17,0x59629e23c52a0d7c092436870ef2db1dc382ddf8,3568868.699845,491556.854728,0.1597357952,915673.690763,0.3451211417,2573308.429112,1.7566148009,85891420.05
2026-09-17,0x03ba951f72e59899ac8dab30cb5624dbe5d52bb8,458876.436029,3651.939486,0.010280652,-23980.957833,-0.0496646798,394023.767225,1.9590501167,6348895.41
2026-09-17,0x04febde8d852931b73fd81c09904bb29d3a0e964,971781.678013,109696.713478,0.1272458261,149200.556413,0.1813809635,659832.909802,1.8229706244,5190132.73
2026-09-17,0xc2d3a0c560b91a363c6954cba05cc1ac0e9c91e1,350792.879613,48680.795465,0.1584598978,63907.891389,0.2188738941,243324.094127,1.7948386367,3571891.8
2026-09-17,0xdc5289909be4f3ce2604806bdd1448fd307f19f5,265681.63651,-595.606318,-0.0022367902,25196.341919,0.1023438082,190213.025337,1.8749100991,27103532.8
2026-09-17,0x1c814c8068ddd68bcc79bd9d28a1698ba099072d,468118.296171,72932.936391,0.1845537406,29561.670866,0.0674067365,357072.303344,1.8548180952,4950910.07
2026-09-17,0xb4413bdefd1b82a75ed002d378f52b74d3fa908a,256461.65462,28069.029008,0.1228981406,68908.467074,0.3664115783,165593.144377,1.7053147455,5801665.78
2026-09-17,0xe6a90b07af76c504c1dba4cc45a12c4dc6b1ea68,367927.61917,52710.289109,0.1672188807,63516.965199,0.5927441835,249307.912462,1.5752092908,4166025.81
2026-09-17,0xdbe0780a5c5a0e3b345101bbc01ac2218196d6d5,6196209.675362,594917.505053,0.1062107612,727041.384663,0.1827092546,4449184.714114,1.7641319039,1906106.28
2026-09-17,0x466669f8f1e45c216517244775c932b70327df9e,361739.321113,28.90101,7.9901e-05,1639.921112,0.004554079,522399.931113,1.860384967,9646395.65
2026-09-17,0x8a3cf3c4b300be69429cce5beb2ef14d7200b6b7,3179097.130416,504836.482212,0.188776095,295851.985024,0.1026107633,2115184.549531,1.7790917377,2220884.38
2026-09-17,0xe83b5e3644b50e802a25b34b38b91a061a0d3ca8,5535158.162527,804809.127745,0.7522772429,1321490.750159,0.3136126466,3378152.444274,1.5660578968,71390122.98
2026-09-17,0x4ee15239a08c7a790b591c509e604bff1dd4bd9c,369300.18112,148956.747424,0.6760208141,151189.74295,0.6940948136,234732.096414,1.385585061,49481791.42
2026-09-17,0xb7e0b9fbc9479330d70bcc82a7d4325a20e8d1aa,5184528.411634,88101.262245,0.0172868678,444073.440595,0.0845780876,4436019.821759,1.7919630019,371218818.07
2026-09-17,0x85e14c3f5f5151f7d8acac2d001ef050fab63de4,755461.481592,118214.82314,0.1855087376,111732.741592,0.1735711561,473855.710246,1.6826917573,230561460.55
2026-09-17,0x2e2b6070bec9be9f50887cfe306ac6ca93002fab,2546659.251646,417042.879961,0.1958300497,162447.461772,0.0681346609,2279997.774247,1.7308768412,3897138.64
2026-09-17,0xbed672966f600f4b09ed341d042891be865cb623,728395.816928,146814.814189,0.2524408698,96550.29769,0.1528068092,456503.688435,1.6789882479,1257999.82
2026-09-17,0x0c44471cc8516125ead11e09446302ae20540ed4,524731.113351,134758.631713,0.3455593357,-45267.366863,-0.074208983,597880.153662,1.7750286131,69177431.99
2026-09-17,0xd74916aecd93ca55deb392dfad4c3ae43951ea49,1228330.511377,160195.143468,0.1499764433,96150.799843,0.1775665597,769982.556753,1.6799083513,21135428.97
2026-09-17,0x32b1223d162056db0fb94ab244d1ef821421b95c,532267.977519,-65039.248196,-0.1088874291,-43025.502284,-0.0747887883,345321.546207,1.847168431,44743874.99
2026-09-17,0xb6161198798dc08e3ba5bc2756820848fc51173b,274048.309551,54923.677597,0.2506504043,651.707217,0.0015802439,326029.011529,1.7431597893,65582511.09
2026-09-17,0x4bdf1130109e9c1bc921d8979ea66284d9c92f37,319990.01215,37794.396641,0.128905054,50744.166772,0.1810701839,209012.401473,1.6723987628,2422828.97
2026-09-17,0x718cc7ee2ae2493ebf7d454316df6b61f4e1a868,1262157.854896,162503.217877,0.1927379105,327137.417723,0.4626180802,805264.932662,1.5137102575,7330714.07
2026-09-17,0x14c624428f50785e26d94779769e3b0f3340b280,1721159.532199,95182.774774,0.1344098679,134759.896846,0.2015625539,1072443.205828,1.6531774556,4448262.91
2026-09-17,0x0eba880f6be60142c70019d2dd46c49c47204eea,1014579.253719,371786.896351,0.5783934611,227913.135575,0.2897202896,614185.294264,1.533952448,70485082.28
2026-09-17,0x953c5152e2f8b5ed9d92976cad478a837749182a,274130.270182,-37944.668237,-0.1789870101,-104852.041503,-0.3759429308,181371.637708,1.95530737,17486588.18
2026-09-17,0x25ddff2f25a73b8dc3711871f09525ebdc6253db,376627.651744,19051.828438,0.0532805274,-13814.986422,-0.0288146805,242869.927073,1.7323605074,38814603.49
2026-09-17,0x926a8a1bc7fa22e2fdd4459c443158aa38adaf36,936251.511143,225032.158303,0.3164033113,134498.219734,0.2920136237,394238.514288,1.5093715391,61589892.52
2026-09-17,0x64702807a1f0f9888ea22b858099d7f481227b55,2410760.069706,459468.788031,0.2354690929,170005.952037,0.07262871,1645023.144954,1.631277083,65151742.0
2026-09-17,0x4025d75db7a13e25dc6305ac00cc1c849f26b7c9,279521.897523,45205.442917,0.1928424478,-24660.198217,-0.0763725385,345962.809038,1.7091865691,383819850.77
2026-09-17,0xea0f7492ac4c6949cb22b5d65250e701084a4e73,360916.247858,0.0,0.0,224474.234927,1.6451987925,168499.724227,0.8757029856,58867477.36
2026-09-17,0x54a7240cea67b8c41b7c7f2b485360f37331aef4,376844.686344,58298.86662,0.17902538,36842.52988,0.1061431892,262005.023536,1.6052558933,10915472.84
2026-09-17,0x9137bd9347f07990a8ce22869f8b93d190479c5a,2691019.037106,300.738397,0.0001117688,-697503.081051,-0.2058428591,1724314.924289,1.7837049635,150448002.86
2026-09-17,0x866d4903b256ce7e7caac46a91e83128bb0fd6e1,3760691.504594,537668.094427,0.1668210329,626696.78723,0.1999674038,2328192.083342,1.5486749428,12777333.76
2026-09-17,0xec0b9ebf2a304c99cafe85c548c14dd7783cb078,12546875.488721,407186.617963,0.0335417672,-33235.759699,-0.0086361061,9484665.420324,1.6422667558,37709830.05
2026-09-17,0x66466428990e0f42a4c54f64bee0db6bf2336de5,8489123.3898,214700.40402,0.0259474775,-844252.163262,-0.1950456245,6999961.323758,1.7366726239,36901195.43
2026-09-17,0x93ab7dbdeb996806454de19c35c8247f4b2511f8,8918394.464987,57795.969423,0.0243059778,-379525.104487,-0.0408182822,3757727.1227,1.6527201447,55539966.2
2026-09-17,0xf78c5d8d4b604a140d43a46209fade655536c581,3692207.8317,241748.546429,0.3171056323,-105755.632913,-0.0278453529,2268478.95551,1.5933363391,16480301.42
2026-09-17,0xb34519875ef21a74a3a5025b40b96288d1717f20,564411.793322,117161.390585,0.2619592735,35990.792829,0.0681100728,342845.656476,1.5473738964,3532699.28
2026-09-17,0xfe7e0a8b33061f13fa1f72774b164667c3b911b4,654161.890063,32629.650482,0.0524987256,-42852.942901,-0.0614806757,406899.876496,1.6456223281,4261559.72
2026-09-17,0xf21d494bb47339f399267c5519cbe11da0753b2d,1742177.902248,416267.129953,0.3169935644,482610.541592,0.3870704253,1190890.549533,1.3747061478,20771592.65
2026-09-17,0x3c66b4d46004afaf5a8a1ab7399c1f5aff89eab6,1337670.458691,90181.002002,0.0722899913,162389.445612,0.1381707386,813566.717133,1.5386420042,95547102.52
2026-09-17,0x73045e207623eed9e09f647fec7d3f3c0b4a37a1,883071.764555,112039.939475,0.1453116925,198267.443456,0.2895242295,528425.893375,1.4491044462,2793405.57
2026-09-17,0x6b9ef7a334e61551209ddc3a78e5bb774a09085e,444957.942487,98072.462587,0.282722882,121856.96261,0.3771482298,257914.189222,1.3788976361,39627856.05
2026-09-17,0xc30b98af41c61b9aaafb304b49f04c0f9bdc2185,284894.754187,-36586.685743,-0.1138065257,-109690.142854,-0.2779887007,182107.902478,1.7717042545,14721600.14
2026-09-17,0x6741bc2e53e9816213f4e785fad8b971048adba1,286422.784556,-34305.085609,-0.1069601017,-133271.201516,-0.3175437484,183290.845827,1.7772461963,10992205.48
2026-09-17,0x43753b1ae949c13ecc02529adee1c2658ab6f43c,694944.138128,31226.869543,0.0470484512,63826.983426,0.1011333363,421556.964782,1.5419778464,1849951.77
2026-09-17,0xadbce2b5552c7da805af6381908cb86dc4cb1c62,655229.336899,6574.130062,0.0101350147,-7480.562899,-0.1696588232,62254.855284,1.6785382577,2815401.11
2026-09-17,0x7451d7dc1570f2be4aa3eca8d482dff117570ab7,460017.347535,107142.549727,0.3036276617,81115.739949,0.3048651319,437828.155781,1.3767741386,7637918.34
2026-09-17,0x64b2627e0c33b44d5a78ca2b5289abd0c306a5de,3825437.656629,416917.978027,0.1223164357,892167.942877,0.304154759,2228816.10476,1.3959576721,3352631.94
2026-09-17,0x8484fbedae4e9b2e26df44b92cd5f81b71c8150e,779516.439259,209573.005853,0.4633375358,173132.515045,0.2855416755,459608.538791,1.3321604341,40828110.24
2026-09-17,0xcbab8e70638b939b21d0c5467a31e69e1361dc70,1440913.70211,690914.23211,0.9212196271,690914.23211,0.9212196271,690914.23211,0.9212196271,20390445.82
2026-09-17,0xd3168812899e1fe0e7de42b70a915eede1118d83,682144.413008,62753.385752,0.0945948666,86164.264683,0.1114702168,523555.340961,1.4519405318,1836579.8
2026-09-17,0xd7b8209d95d4c05faaa505671211058d51529f55,2113036.655444,26667.369421,0.0124534192,480.895426,0.0002102224,1452417.54629,1.5198707648,300445298.53
2026-09-17,0xd5d29dbf880eea93d4ed2ccb79c642bde0a48480,617007.734695,91845.523182,0.70060749,55514.199096,0.2634045768,344740.668394,1.266185709,16421289.87
2026-09-17,0x3d0acf9d5e0175444e389ba6a16b6b83f1933df5,295311.259227,61972.450928,0.2654771809,42381.638429,0.1674973103,171567.825767,1.3853702158,7493175.16
2026-09-17,0x684c11fc0db0a657bf8f5bc67eca999c6dd835d1,320094.561147,19389.200139,0.0650554423,113862.445581,0.5521082168,178059.9,1.2197536913,99291837.99
2026-09-17,0x2e32935bfd5b2718f99bc8fdf8b37c16811f7d97,1345664.709351,203160.012349,0.177788753,158221.868087,0.1332234625,1009187.473203,1.410065987,25642481.37
2026-09-17,0xd2944617c67d7fe84b623c72341187ac89d79bd3,471079.421128,117355.695656,0.3317721917,193633.780195,0.6979161018,246253.362726,1.0953061423,6273944.95
2026-09-17,0x8463d6ffcbfb56bf20ab2e1111f9a0e8359533f2,722306.228685,184682.399673,0.3434521457,237940.210708,0.4911391231,425922.345198,1.1951894231,36724749.28
2026-09-17,0xafaca2cae451403775504d63c57b400615e621cb,314987.59465,56249.336865,0.2173986072,81434.090335,0.4086584315,221706.322027,1.2423383266,4147633.25
2026-09-17,0x9c6a5b4662c722d2c47f43d6c9813cb080ffa4ed,19463346.286325,1528281.286739,0.2651113954,386500.25513,0.0559621606,11369320.483644,1.404655824,44409932.83
2026-09-17,0xeadc152ac1014ace57c6b353f89adf5faffe9d55,9553191.325955,3312085.15518,0.5306888017,341620.994137,0.0389040185,6889861.751112,1.3599829929,35534771.78
2026-09-17,0x350e33a777d510616fbdb483d1de3b50d1edfcfb,7976728.514195,1776324.325551,0.2211231431,2852422.534099,0.410002114,5395766.865096,1.2234211281,771565993.38
2026-09-17,0xde5a8068836a16f92813104d7faf602bb0cbdf62,968812.785095,125404.512899,0.148687791,83339.298005,0.0941183437,573633.414945,1.3917014608,4560276.14
2026-09-17,0x8923cdff38a43d1fd59d323c35b900047e431bac,725405.3848319999,129825.217144,0.209132353,127703.606996,0.3864164136,542407.723646,1.2333662716,20303722.08
2026-09-17,0x666073af75b8d2e6e9efea414db566494e61aafe,9076282.751874,1667104.382603,0.2250052974,927664.267368,0.1138431342,5232289.888242,1.3611601462,8930942.74
2026-09-17,0x0a506b1e47726e769949086ea60b5b01cbaf956a,295101.108908,13849.566069,0.0492426315,56586.012987,0.2372428997,171023.298609,1.3236833058,21905128.55
2026-09-17,0xb7658d7c63b6c1fc7254fe9402a95d044db70dbc,1575724.343898,39008.262041,0.0253841699,93605.960548,1.4889039271,657312.097132,0.7003692234,10795308.94
2026-09-17,0xb7ae6c2850230b7d903aebd95c1fb2a4d525369f,332628.208251,37372.241031,0.1913237994,31305.420678,0.1386271283,190129.765532,1.3342585498,6056480.28
2026-09-17,0x9471f70f2518846f7a076636d64e5a22787da105,813254.911958,144115.042788,0.2152937965,82403.108721,0.1127111717,586056.620948,1.3422096417,4501473.88
2026-09-17,0x020ca66c30bec2c4fe3861a94e4db4a498a35872,1001176.883004,228312.323736,0.2954105231,-4072123.224016,-0.8026576662,641667.964119,1.7848457449,3698100429.92
2026-09-17,0xdd97539fe9a912166f037d81dcf35b3f0ce5c610,2949582.802734,115736.17078,0.0369251344,53900.507475,0.0168640279,2326460.880567,1.4026480569,72420654.35
2026-09-17,0x118c6cb819f6a585885241d582f992840fd73de5,676416.020186,62598.346704,0.1019819882,91915.117282,0.157254021,441860.58751,1.3207395378,3209578.58
2026-09-17,0x4adaccf56fc0ece6893e9b7574e34ed241557caf,358112.333227,49647.876664,0.1609516935,31589.142428,0.0967439475,227005.680355,1.3294991412,14184535.23
2026-09-17,0x30428a743e2a2f8d1c3fea017e0d76440435fa8d,647935.427412,10895.953626,0.0171040478,124685.008277,0.2382893615,411212.8985219999,1.2763366932,43916846.27
2026-09-17,0xc7847f80861d2e47c40dfacf9f69e0d0c1393e53,554179.611198,61209.967784,0.1241657952,79910.052583,0.16849079,315223.383174,1.2921309111,2979444.95
2026-09-17,0x9bd30e1bf7c4fe28180b01f33f07c7b277fb7026,299041.481864,-37018.92068,-0.1101555566,-122238.842676,-0.4442601761,185549.563478,1.634914328,10404616.05
2026-09-17,0xb70c32dc4a02dd77086248e5b3e6c47f764cac90,461458.727394,5204.658875,0.0114073698,2799.727434,0.0171722587,267886.679105,1.3839119928,9050825.22
2026-09-17,0xcb5c2f378860437fad512c3aec09efce1c470283,585938.872527,18469.360241,0.0325468767,48321.559964,0.0898809596,335815.266523,1.3425972538,8466891.87
2026-09-17,0x00532b2e10626ed952d6664b9c6848646b227b57,348015.488444,53575.377712,0.1646675089,78705.664209,0.2621559516,326272.342341,1.2293030521,2979699.24
2026-09-17,0x4b3cd947eb86a32dadbde2e9a873524615e66c92,285286.155365,56464.920802,0.2467643395,87217.219508,0.3710282653,171838.306623,1.142178556,46368075.57
2026-09-17,0x86d2161a18a6eb5be550d5253496e5a161cdf731,359979.849871,55123.746216,0.1808189029,112801.852856,0.456358795,187835.585659,1.0911521596,7668473.689999999
2026-09-17,0x152e41f0b83e6cad4b5dc730c1d6279b7d67c9dc,22286961.403568,2404171.795234,0.1209172275,2464202.002595,0.1243117546,12453554.212139,1.2664536279,298746072.56
2026-09-17,0xab81fef97356d57cd30f8ceb15285b988682c608,1509679.834255,-5428.983385,-0.00358323,92824.795712,0.3708866132,254163.658193,1.1613459094,77836615.19
2026-09-17,0xc05b532d9b4eff8c140ad5477dc87d5803b98951,881258.922869,-4392.92862,-0.0049601078,181567.558767,0.2594966411,483558.237338,1.2158848474,94024470.91
2026-09-17,0x9eaebe41e6783bce9c88d5f7af6c719b68c6ac69,640473.370764,85872.646404,0.1507593701,155909.258986,0.3120905912,353583.213576,1.1616118499,1266209.51
2026-09-17,0xbbfb6566ad064c233af6314aeb1eee4c26a5f921,1844879.965271,275800.752337,0.1746596923,155311.146043,0.0911150858,1090481.266826,1.2664202953,24222487.5
2026-09-17,0x51a4cee5e31cc8f3bef1564b7a2d0005e2775a98,286394.065447,53357.10155,0.427525279,35928.559229,0.2526033693,152386.673761,1.1371512559,1681656.3
2026-09-17,0x2c6f7831be3fe15cc7025672f27623a921553725,3975312.330239,458733.162058,0.1304486946,-287072.180536,-0.1129561228,2292000.949818,1.3616024798,43811568.35
2026-09-17,0xa72dc2d42398e54634fc28e6769f8ce3ae011807,327655.938802,37452.942087,0.1290577372,17175.240801,0.055318224,183277.898815,1.2694305784,30300340.67
2026-09-17,0xde8a6d588f8067e761bac811a102e0146c721e41,609481.36278,972.02099,0.0015973806,-24435.895119,-0.0385474521,520323.764046,1.3370513614,8692680.72
2026-09-17,0xf49c774212ae16cdd19f1dccf90fc7eb5330071d,342150.791845,38227.957589,0.1257817883,94111.507627,0.3794217836,179688.418652,1.106030985,1884682.56
2026-09-17,0xdfb690eaae46e19c459d7a79af4844bc0d57294d,1389051.519795,104158.943043,0.08106432,137367.09,0.8498889899,137367.09,0.8764303385,4116857.2
2026-09-17,0xc3baee00470d78c489b623f405e57d5d99bc0f33,548317.918239,136753.315314,0.3322766689,198162.508416,0.5659273079,267706.102319,0.9639277909,3186483.21
2026-09-17,0x75d2ba3da5a598ea48d499bc172fb6b4713229a3,2553494.065714,257170.061612,0.1119871858,416599.346402,0.1949463621,1384316.05035,1.1839066776,3383795.2
2026-09-18,0x634fe24f2f7396f5d967ec3936df04f49a3e6951,4041052.201965,97.878777,2.42205e-05,424547.929116,0.1173853036,3963004.246849,49.5546276802,217023742.55
2026-09-18,0x991e044d97b946fe549e92ac9bfa5119592a0e54,1760465.789104,367809.304252,0.2641060879,893128.473307,1.0297349014,1713401.215393,23.7756053785,4649560.3
2026-09-18,0xb4a3349619ff3da514b42bd7a124947aaf2b9210,433733.569353,206551.956239,0.9091931051,384832.512255,7.8696154049,418583.313399,19.6654390376,16406253.14
2026-09-18,0xbf732ea04197942783e34730ed6e0f6099575d58,8191890.897129,661834.547858,0.0878912127,5288580.858635,1.8215068913,11756767.89916,22.760562479,455479323.15
2026-09-18,0x102d1d1a6240581a809bac9b9b4dff2eafe8c058,289798.282111,153150.426073,1.1207671347,231265.142414,3.9510114117,275864.461441,19.7981781159,177595705.73
2026-09-18,0x4cae5bed586f6e73ae54ebd40a4ac4ed2c477c34,4094916.720767,880235.752372,0.2738174522,2044341.122841,0.9921220046,3906689.622892,18.3250443981,9233642.41
2026-09-18,0x7e1ad5e2bbe30d6d202e7c41036ea0a07c560be9,1696403.772657,1469344.960186,0.7057496788,1889937.078175,0.7207874295,4290357.082893,17.8222813941,415893514.52
2026-09-18,0x020ca66c30bec2c4fe3861a94e4db4a498a35872,6117561.89992,5121095.016993,5.1392525981,-470467.208009,-0.0714124361,5755230.064059,15.8838652706,3830349903.59
2026-09-18,0x470756b530bfa294b80dd4783a1fe13dcf3b3394,824169.593888,320133.195685,0.6351391204,629957.584208,3.2436597849,772483.156809,14.9455798629,160503672.21
2026-09-18,0x413042415510b6395667abe224505d0894ae67c9,461556.117787,5921.83545,0.0129969049,314443.755792,2.1374393799,493832.164904,14.5570219926,19688743.28
2026-09-18,0x91867345424fb158888ff9c5f1b1b2e7cd7d65d5,574305.604145,114696.781153,1.3834268234,252706.267259,1.463638393,487228.790289,12.5145955667,7224128.65
2026-09-18,0xe7795fce474d1eafd645a29e799a64f85dc26ba7,425647.638657,189165.581817,0.8362613208,321871.971283,3.442572212,432424.071031,10.7457704937,11719645.0
2026-09-18,0x1b232b41b0e75550c59288b99874e4a8142fbe21,651659.379243,376289.751209,1.3664896666,428859.541843,1.9248646985,596491.282498,10.812250516,33978621.21
2026-09-18,0xe383e214bd4b32a9ef9cf688ee98976b57f6c9c6,282714.033043,38656.097835,0.1579360431,120552.879004,0.7402188016,247687.550283,10.939906475,130945299.18
2026-09-18,0x7ca519838f6d8dbbd8488b63f5f2cc461b89028c,488003.357759,622425.231577,2.6421181018,554269.368491,1.8058259687,806840.601299,9.4519042585,300744255.69
2026-09-18,0x5b5f798b94f54d33ba316c8b1c837e930c90c052,1804363.177208,-1207.774977,-0.0006689158,1213448.793815,4.2576632271,2048776.894066,8.5680034283,125870867.65
2026-09-18,0x2fef2bd40f8dc6e0986a462c1117054faa965071,367503.201285,175255.288073,0.8661087001,220488.280584,1.3770626724,355127.002144,9.552315604,17320454.14
2026-09-18,0x2f58adc8b81f51b02acf65eff40d9f5bbb88bc9e,444316.40272,175710.157344,0.6541551448,238900.006985,1.1630035963,400751.608072,9.1989784713,30759372.43
2026-09-18,0x3e470a0bf8460c3a8320327cf5db7deed3a3aaf6,1280447.809938,219185.192034,0.2065324721,568880.932944,0.7994764109,1154290.466103,9.1496097731,13203558.15
2026-09-18,0xa516541e599129095d14f7faf8b11ae670c837b0,3073469.459217,98.102509,3.19191e-05,888085.6733,0.4063565601,2950992.7378990003,9.1510256177,75996083.94
2026-09-18,0x9c8a3a2ee827f24f2428ff2863599c1d7d410d76,362744.544264,60615.371429,0.210359178,186806.712044,1.0617768202,413213.048534,8.3424302546,54823304.08
2026-09-18,0xfd65235129debccfdbdcfdf8aa96d3e125ec9d10,856748.26156,415610.275835,0.942132143,627742.261163,2.7411607559,751854.273837,7.1677537498,26800328.22
2026-09-18,0x20438cfdd36d75e185d6601697eb1973f4aee79d,416594.212026,82185.415145,0.245763317,135346.165078,0.4812341509,416885.569274,8.3865812099,9022905.49
2026-09-18,0x1e7127c81c8a58661a0811f026b6be66533934be,790733.629472,24424.154494,0.0318724423,485002.073633,1.5863657656,700227.531857,7.7368719699,41903764.36
2026-09-18,0x41c684cbde3e449cc67c70aacb6132e3eb25b06d,382420.140187,41631.418436,0.1221619607,101109.203893,0.2930083813,514831.247517,8.0671031013,59648221.38
2026-09-18,0xfd2f37d266d4e7c04e9e33421f2513bf49d32d11,439673.80012,-101570.630606,-0.1876612947,99105.326096,0.2909997068,390858.97012,8.0069718592,339865073.51
2026-09-18,0x7f75db96ccc27922b50d6e102938814a67fa9edf,359785.346088,159841.006806,0.7994275176,210257.569022,1.4061438827,315610.872776,7.1405541053,11881626.02
2026-09-18,0xbb1ac608e3bf90b73fa782007878205644c890a7,731752.807695,165922.721503,0.2932377149,203174.11007,0.3637340825,749865.815388,7.3364490951,17774542.18
2026-09-18,0x613ead0ea5af374af0ccfc117ef116a8e8d133fe,766297.958095,119116.71428,0.1840262103,200737.26267,0.3548722128,692778.97113,7.0248031586,9870746.33
2026-09-18,0xf1993943c9d3475aa28c6b933ec74fa7b9a1704a,338159.201322,140227.826792,0.7084670134,222393.838702,1.9210744628,289858.52427,6.001127561,12335524.14
2026-09-18,0x3ab38dee6ba252823b3ceba95390726cf1962a73,389776.982908,6277.033314,0.0226114608,189776.06873,0.7813672591,375029.795734,6.5083139987,3678254.99
2026-09-18,0x9bc920b65f5c119bad954214f9ac01b508a3e828,339980.726855,146517.003687,0.7569445415,278483.860738,4.5210719034,272445.016855,4.0281238543,31043690.59
2026-09-18,0xab7fb756330e3983e676f44c03dabda9120aa273,431298.694866,194779.486507,0.823525023,167527.125167,0.6351219935,585297.40126,5.9001508157,15627797.19
2026-09-18,0x8ecec0c9367490d2044aaff4030ad0becc33218b,971464.266663,236850.785402,0.3224155171,333393.467601,0.6272295263,973421.345054,5.8347046068,23852382.02
2026-09-18,0x005a09b498f2a28b54652a70d7812e63414161fe,1435979.015402,483904.429494,0.5082631515,908062.196415,1.571240037,1243514.30898,5.1284230482,1652458.5
2026-09-18,0x1add90cfe379ad9c56c36522a3a4d33e89032671,539812.587944,300403.295976,1.2240936405,326434.930466,1.3927759132,754101.177275,4.8574379029,65473708.83
2026-09-18,0x53969485d7422b35c7fe5a4025498f9b69268b79,1918188.78596,724853.482853,0.6074181171,1037327.666989,0.6272157046,2498782.459326,5.3346471156,95214552.26
2026-09-18,0xbd334a55db91617545e8d1b09941e036ad8e4200,7591478.240594,962930.730835,0.5282273613,1241503.358503,0.8038873246,4407034.71677,5.0575647282,8100321.45
2026-09-18,0x6d092dd825d74303114eae27988bc5ce029b957d,983810.817865,265536.474333,0.3696867036,388613.024367,0.4070083759,1179580.731903,5.2306894984,113392956.88
2026-09-18,0xf124c3bd6544caebbf68824eab8c009b3f448196,389496.007636,133731.157609,0.5228676169,178305.699933,0.8442892189,389665.207995,4.9828977711,41166398.43
2026-09-18,0x558afca8d68f6a7335837b06ce218a234978225b,478490.999608,128781.346666,0.3682521932,112813.790823,0.3085064864,532847.498356,5.2317328532,2830424.92
2026-09-18,0x153c8444380512cabdc34f6cea09c322e14e319a,4343571.648646,1404222.593833,0.4777325073,1858092.641631,0.7475792941,3608793.552799,4.9114060057,11586540.93
2026-09-18,0x85e14c3f5f5151f7d8acac2d001ef050fab63de4,1136477.562723,387882.753348,0.5181477997,501080.503876,1.0352401288,871460.622725,4.6996570029,230561460.55
2026-09-18,0xcbbc60df1f1b062e5ce90715e1400a4acfe3985f,437689.931412,95074.682921,0.2774969396,138971.422391,0.4652253483,389546.872952,4.9850476885,13323431.06
2026-09-18,0xb5b3f3caf9d778b1293e5cd29f32e84b04c67a08,2988758.114237,44829.406543,0.0152277487,-712202.750897,-0.1924372553,5856575.663903,5.1728196374,237771736.64
2026-09-18,0xb64460b8f4a2f521b815a209f053d35fb1977d51,1003496.577383,319979.539836,0.4681368894,280802.120547,0.3885488783,830467.433986,4.7995812594,4461211.29
2026-09-18,0xdd7a372377fc633f74ab6e20963803d52f448830,6225155.430287,1202471.917119,0.2394082593,2339977.073855,0.6022830509,5104192.555749,4.5534001809,37388078.95
2026-09-18,0xedeaa967b0100a4df613533df634ffe6cb5fd773,1406102.678634,99996.396652,0.0765606888,871632.511918,1.6308347335,1133215.124958,4.0058854136,162014675.88
2026-09-18,0x20b7807939c774a152b396beb704acac68fa10fe,402045.1089390001,340875.144058,5.5365077656,225101.673861,1.2693076307,308022.760586,3.2622249343,29401858.0
2026-09-18,0xb2662fca65f6446b8b1898340118d44d680a4449,2780364.509337,375860.726016,0.1563152982,1271033.928074,0.8421176539,2258550.865042,4.328271002,11998736.75
2026-09-18,0x0e1cdcd958d002d98528c973f1397b7784abce6d,936282.550287,328878.767623,0.5414499827,187374.770148,0.2501973876,764871.783038,4.4622155032,10413529.39
2026-09-18,0x18b8539261cf9e760e7fec4a8a73c50f0ae7babe,346504.121837,145454.810787,0.6252237756,178698.484314,0.8007250333,469450.456853,4.1336091499,7325887.71
2026-09-18,0x625ceba7f2fa59a6b10cfaed5c54ebf3cd0501f6,264183.348486,11512.829549,0.0939256503,91174.361713,0.8728558108,260805.620009,4.1723678735,4955568.81
2026-09-18,0xc786b3302e681745813f8011e816336bb5baeb75,965191.109205,253965.105395,0.3570807367,498465.614482,1.024120597,806428.192499,4.0183636011,172472652.61
2026-09-18,0x5aa13316231716ea438eb243feabc296a9094b2b,2922930.430203,1198180.700154,0.7827404139,1378208.840087,0.8922053326,2333613.138241,3.9598585856,41845942.96
2026-09-18,0x186db447f4de2f258ec100aa194b6e9974a46482,2196024.505001,510760.806179,0.3030747096,1196089.247082,1.0411005572,1861825.296895,3.8536416485,217822405.19
2026-09-18,0x597568694fe6ee1b701ec8578bd57102c9a29abd,3578492.090092,326424.398937,0.1003744171,1102035.529445,0.445004991,3077181.528007,4.0957517215,52192049.22
2026-09-18,0xa1be71b903206120fa2b2245e145a5d7be09d8f7,611956.602062,25372.130295,0.0431436835,221788.75246,0.485735372,560678.662062,4.0795930152,15480037.28
2026-09-18,0x15b325660a1c4a9582a7d834c31119c0cb9e3a42,12412920.161493,3669867.00345,0.4197466191,4070614.613986,0.4879483964,9937113.94862,4.0136881057,14338615.45
2026-09-18,0x53f81d22b16ff1718ab8ee52bff0592685325f92,631773.236808,71452.792316,0.1275213015,205138.11454,0.4808280046,506333.993081,4.0364879286,56848034.78
2026-09-18,0x1e08253f267b5e985859b5cf469972326f191584,798323.843718,239713.505941,0.4291247221,170866.184088,0.2723150821,640440.180047,4.0564056164,8674238.03
2026-09-18,0xeb0f432beecf10dcc828fc1e36a3386caf634637,1740272.161508,132290.545802,0.0702660244,984768.795439,0.7475127455,2070618.285313,3.853555646,58831664.42
2026-09-18,0x0c1f6941fdcde9488dfd36ca16fed6b3bc49672b,948026.0601,283687.746933,0.4270230112,489348.179284,1.0668667484,742874.005379,3.6210897638,97842232.72
2026-09-18,0xd0868e73a4cf27319c6d36778f17594dbf88aeab,316778.997665,65764.313805,0.2619938913,149284.249434,0.8912771953,248736.805089,3.6556259531,1791552.86
2026-09-18,0x9466140c8781e253fe426c87ac17ccba500140ff,469769.692523,184010.239813,0.6437124746,226596.748778,0.9314569078,400894.865469,3.5511399678,4237113.15
2026-09-18,0x68f33dd18add8ad4830d78ae66faa98d58f2310e,700047.479605,52279.6219,0.0807073418,241254.497965,0.5037948717,569601.309271,3.7840310933,7410347.16
2026-09-18,0x5ccaf678b74464fac20f6cae8cbaa9b402010c45,1286045.45722,57087.58563,0.0464520281,413833.242499,0.4744639384,1017783.591597,3.7939928183,5045310.68
2026-09-18,0x1338a67b37aeaf796357d78501a0c3695c51c48e,2389034.140176,97480.607044,0.0425390922,1048023.651394,0.7794663248,1863889.817951,3.525594997,7606507.0
2026-09-18,0xe77cdee1aa1affa10231654fe438b63ab0ab15db,2024442.251298,1074460.690495,0.6492754214,1709836.426415,1.5553365494,2109650.301298,3.0158478645,197452439.77
2026-09-18,0xeadc152ac1014ace57c6b353f89adf5faffe9d55,15617007.259886,5696466.029313,0.5742091986,7202941.998198,0.856059678,13855005.670277,3.3753016998,35534771.78
2026-09-18,0x6e8fa9304880f4a428bfbc35166c7e2825574364,293549.523485,172139.245412,1.417830913,225029.12027,3.2841333205,195839.473186,2.0042983758,1376055.42
2026-09-18,0x75ec3ba266176e733f1b1fdaa15052f5eff724b8,3271410.641885,163480.708488,0.0526011564,810735.392937,0.287425995,2863338.89306,3.7279565543,102002136.44
2026-09-18,0x734531e87f8c1643321355f7143fcc6169c4b404,2521874.051914,683774.16385,0.372000547,699484.04688,0.3838278552,1966096.323664,3.5375586745,160425514.14
2026-09-18,0xffb285456daa57d757b9c9020a6302afe5a95ed6,434326.518749,132884.981941,0.4408316894,177552.116496,0.6914712485,334325.842554,3.3432358187,6970402.03
2026-09-18,0x9e2cbb5d800181c1ef21b25010dc4ea80eeb5508,3684009.28877,238551.522193,0.0560500619,1041765.872244,0.2694534571,5176211.533638,3.6162286574,1255356034.68
2026-09-18,0xd580b86a5db87c623763b058f3a12853bf30acb8,333685.780454,185452.544751,1.251086127,190778.434149,1.3349798949,246252.21499,2.8164494229,13321185.73
2026-09-18,0x9b864dde6ed1c21608b1665a0ac0faa4f7e36e6e,3205378.184614,237486.360734,0.0800185367,1230723.247391,0.5992815375,3035225.203808,3.3664563264,11955599.99
2026-09-18,0x5242739cf086d71d65b0c557d2531769156369ab,371446.703835,25294.345937,0.0729464281,76904.23498,0.2605664826,341545.041741,3.5130520641,1278504.9
2026-09-18,0xb48e45c76e7442d9944790085399e26b7d89b1ed,874781.629276,627496.72118,2.5375455624,425119.662441,0.9454205465,637146.130743,2.6811908771,776455767.55
2026-09-18,0x456f1049c0f2ec990091bbd3f30af62aca3fcdf1,3122714.206231,58246.09914,0.0190069197,1423345.234925,0.8375728044,2370437.235185,3.1510166154,42571593.26
2026-09-18,0x9386b9538884d849943d77f1c5412de9e72b021f,1509283.571977,332151.446561,0.2821460945,524796.553527,0.5330118554,1153446.164287,3.240587079,143890252.94
2026-09-18,0x178f639a89797fab52dd5cfcaddd383a563ffb78,403329.280966,71520.997828,0.5751726252,115767.558834,1.2625920393,201442.763348,2.8243775716,1141028.86
2026-09-18,0x4b85bf981916936249a62b7e77f30e567997a395,885410.337982,46203.76127,0.0550302517,451004.169051,1.0372533816,728771.104833,3.001939868,8175575.95
2026-09-18,0x4ee15239a08c7a790b591c509e604bff1dd4bd9c,510002.782634,266391.959711,0.7326293469,398177.686606,1.7175780079,474326.752312,2.4896684404,59218705.87
2026-09-18,0xe46aae69cf2607b68c03ecdf6d94e776287e73b0,538966.959121,114878.585181,0.2708835994,184690.356533,0.5213168332,636948.436722,3.1529209756,1345744.6
2026-09-18,0x963deb9191d6a7dc1fb3891d472aa358b3e4b140,253466.232275,19932.420079,0.085351324,80452.774852,0.4415638097,257766.024609,3.2148808998,3201288.57
2026-09-18,0x47818abc02d61af1e586d3ceb035591aeae4548f,940784.986697,431435.77635,0.8911347264,267577.399673,0.4129278261,708306.091508,3.0467543771,5325091.11
2026-09-18,0x926a8a1bc7fa22e2fdd4459c443158aa38adaf36,1578855.750171,644021.547448,0.6889152596,841220.41455,1.1404285748,903792.042051,2.7067815225,76926071.31
2026-09-18,0xca810f64a0bbc8498dd0d714113c8518feeb8d29,571245.931648,38864.482035,0.0872959952,192794.311101,0.5094292127,394131.685735,3.1166095971,1013817.43
2026-09-18,0xdff720130481e2ded32a0fa06bec909b9498e625,344989.410908,58015.107576,0.2021613326,119807.143447,0.5320451952,220909.030582,3.0766522697,12433558.39
2026-09-18,0xff362f53805324725375113a6125ee64746bbf14,303151.973453,76192.566574,0.3357101061,116735.066795,0.6262042906,226614.546557,2.960833095,5483882.99
2026-09-18,0x31fe86dadaf5fe01b3a411770338e09ef49553ba,303375.110447,44084.517829,0.1700197349,74898.526547,0.2280178564,396831.480438,3.1346105785,33406119.92
2026-09-18,0x94b60c2a5db13689bb06a73657ac1216424de5b3,746832.407195,117521.659244,0.1867466266,307753.680545,0.7009077458,554876.329125,2.8906421443,48286460.08
2026-09-18,0xa2ce501d9c0c5e23d34272f84402cfb7835b3126,19524188.501691,5257158.591733,0.3684830427,4515666.07732,0.3008734604,18439761.167508,3.0306480696,44740245.96
2026-09-18,0xec4a6f59960fb55a7fa49262e2628687b322cf62,10260155.909798,2708235.799758,0.3586155256,3448453.299278,0.5062542358,7647192.307726,2.9266356032,1789826184.31
2026-09-18,0x3d0acf9d5e0175444e389ba6a16b6b83f1933df5,453412.538102,151866.813854,0.5034622734,183137.697018,0.677349536,332639.665386,2.7519988457,7414675.16
2026-09-18,0x5cee0ca5f78503820d857371bc018dceab01a723,5348610.453457,658411.06179,0.1055112218,4863075.106425,2.3890889999,4555708.881238,1.9444730138,63532577.73
2026-09-18,0x0c44471cc8516125ead11e09446302ae20540ed4,810872.201064,296139.463937,0.5753266551,241333.882315,0.4164243752,899694.325622,2.8014300691,74847356.47
2026-09-18,0x739c52c1009e970ab30ea1f28401df41e18fcfb2,1033289.385916,409425.978783,0.6562750341,465547.399163,0.819998157,744902.986611,2.5830027326,13800756.72
2026-09-18,0x17f0361771a9042d816cd007c731be15f05b094f,891241.576754,119882.05656,0.1554165774,437467.658507,0.9555966403,647677.104826,2.5842596379,24027907.66
2026-09-18,0xb34519875ef21a74a3a5025b40b96288d1717f20,797473.00669,230129.368941,0.4056260679,278333.900643,0.5361451245,581620.308368,2.6945241495,3481380.43
2026-09-18,0x121acb29e168cc9e97dbd7b280ee8baf2cb34c6e,391331.437297,52013.272987,0.1532876175,132946.908636,0.5145312273,453365.035351,2.7419831328,3758756.55
2026-09-18,0x64702807a1f0f9888ea22b858099d7f481227b55,3112512.902732,680492.956411,0.2798056642,803920.959838,0.3482299946,2472919.790785,2.8028653913,75143926.64
2026-09-18,0x30afce2f6842bf183c7e3fe7162e279ff0b6393e,14018371.442754,5130364.38776,0.5772232578,7505068.764975,1.152267772,9831645.152318,2.3482894701,124727935.31
2026-09-18,0xdbea0f1d234240e8f8a884cf0461371b3ec2dbcc,539699.693253,90206.768452,0.2006856248,217429.24139,0.6463221862,448749.143253,2.6185443903,8072612.02
2026-09-18,0xea0027b6ea9b6d7d401b5266979cc3b3ca87a918,24316490.215737,4229277.714666,0.2105457746,4688135.273456,0.2388450427,21601226.91536,2.7998039624,38222795.26
2026-09-18,0x266b5569ed3017e74dd48059c6db804e016eefcb,2854102.58753,451174.227919,0.1831786573,972995.147614,0.4813930171,2621089.549517,2.6815714332,10078987.33
2026-09-18,0x8a3cf3c4b300be69429cce5beb2ef14d7200b6b7,4063872.895151,883457.247508,0.2777804367,1255756.836141,0.4471883675,3051429.162345,2.6827077897,2220884.38
2026-09-18,0x2e2b6070bec9be9f50887cfe306ac6ca93002fab,3877526.736436,1292152.05499,0.4997929562,1221097.840707,0.4596764636,3568313.75817,2.6241428393,3897138.64
2026-09-18,0xa2710511e1dac83973de2b394f669183a175a3f7,1257496.617214,293701.430983,0.3047026639,420267.927884,0.501915118,1054592.533883,2.6168219149,1655342.67
2026-09-18,0xb676a78f19227ffe9a97db93263fce675e547dbf,343395.53859,94430.821894,0.3792939945,105456.144752,0.2905613073,447115.214996,2.6418286097,192864427.53
2026-09-18,0x9546b9d4103be41ce13483a8f299d0df0eeb181c,3308460.764595,1890416.532187,1.1333131913,1715480.284374,0.9308184773,4172737.511093,2.1948363111,3860466451.22
2026-09-18,0x5b676c5b03f38557e6f21257732608d019cec66a,530062.38517,153337.433639,0.4070275489,333475.527919,0.5589723003,827289.376844,2.4849407392,52985091.38
2026-09-18,0xc5a1844c09eff6935f6e914df70e21ef425b8fac,306036.195116,71340.297281,0.3038396239,59083.697005,0.2391544204,222157.167488,2.6453886615,11953760.59
2026-09-18,0xf9faba57a81d1575d3e506dd3eafe7db6f2a3275,672403.366575,360946.098431,1.0269985192,315725.887468,0.7959259199,505701.13095,2.2306955324,95718655.34
2026-09-18,0x2c6f7831be3fe15cc7025672f27623a921553725,5626860.922649,1565713.96075,0.385534918,1156726.142535,0.258767621,4044858.021015,2.5567955766,38814445.47
2026-09-18,0x3f240a16bb7c34302cab342227207acc3d9e0d4d,522702.678024,258173.581831,0.975255315,176952.394433,0.5115039945,364278.467667,2.2965595835,432462197.84
2026-09-18,0xa19ed0ae46e89461e56063f1ed268a0dc225745f,487720.278858,147072.105774,0.4317419478,145249.991763,0.4775339317,344327.96823,2.4013000887,7340824.51
2026-09-18,0x470a5f416a0f380e228cb8f5439c91b0c98c81a6,1555255.911912,0.0,0.0,0.0,0.0,1135457.948226,2.7047724059,4375598.44
2026-09-18,0x6dc903ab5fe0d286cbef6c5042dd2684b7fd78d7,1481027.232044,196022.124002,0.1525457936,313974.901021,0.2690324098,1061409.66867,2.5294691198,25285989.61
2026-09-18,0xa55a9a19f5f5e18cbb6b5892d1659956663a1f35,873701.940686,481119.283135,1.2255279818,435227.480455,0.9925980562,580892.56276,1.9838591471,10671935.62
2026-09-18,0x8484fbedae4e9b2e26df44b92cd5f81b71c8150e,1037888.674256,252827.723161,0.3716331776,484976.642104,1.0821353454,717980.773788,2.0810439724,46290163.82
2026-09-18,0x51a4cee5e31cc8f3bef1564b7a2d0005e2775a98,408727.190063,114061.109695,0.6118053124,140507.545857,0.8782422354,278502.148287,2.1386220691,1681656.3
2026-09-18,0x4025d75db7a13e25dc6305ac00cc1c849f26b7c9,421703.405181,141302.164682,0.5037488049,92341.113135,0.2802782454,490188.264814,2.4464182592,390843823.23
2026-09-18,0x36764af31381057e722a003a69d089d54fe2c61b,318313.071813,82065.293339,0.3473695874,127010.523728,0.542056005,272929.55776,2.3355036973,6441088.76
2026-09-18,0x422d82d5e532fccfadc6a72d8c6b64727892239e,1627377.17868,150267.548949,0.1017239584,565900.452213,0.4871811642,1575160.339975,2.396328826,4127145.66
2026-09-18,0x9c575a602acb7a04dfa7c37fff770662a9a84341,335701.842337,116003.688104,0.5280139403,215241.275515,1.7868193816,303250.178756,1.6598107144,72307299.37
2026-09-18,0x09d0dbed3ef5cb17eb60097b1baf31d9916a1a52,937403.387303,8425.399276,0.0090706196,264811.044843,0.3937819819,664741.761684,2.4379732945,1008712.11
2026-09-18,0xa178a9ebc949245b2f453d87966c1653115b999b,951547.512527,246572.835858,0.3354848047,549591.119328,1.3412606185,644149.512527,1.9091681413,28564989.12
2026-09-18,0xd74916aecd93ca55deb392dfad4c3ae43951ea49,1472391.156672,225445.864509,0.1807985209,415514.356773,0.3931530684,1037353.966586,2.3845178992,24842615.56
2026-09-18,0x230963164d9637a4c536270a06b4e3636d44a2d9,2260152.087766,79734.064638,0.0365682469,545948.777168,0.3184854292,1603415.820292,2.4414912039,1773568.51
2026-09-18,0xcc26f60bdc43a6f95fa0a632f935d539fb4044e6,494242.927789,14881.334227,0.0549563677,188761.259003,1.9479080215,305570.627789,1.6195839442,1209376.83
2026-09-18,0x03ba951f72e59899ac8dab30cb5624dbe5d52bb8,583312.532966,120394.366648,0.3317397048,107378.853564,0.2856324356,507226.244147,2.3884798304,6348895.41
2026-09-18,0x795cfd1b03eafc11c4ec958b8a94cfc9aa64a242,8458814.725366,1141839.295012,0.1560534549,1360131.196678,0.191603301,6012491.343616,2.4577663724,130646443.18
2026-09-18,0xc2d3a0c560b91a363c6954cba05cc1ac0e9c91e1,417406.390088,66882.182274,0.190751753,118722.510758,0.3908124125,311126.503703,2.3152758353,3652605.13
2026-09-18,0xf21d494bb47339f399267c5519cbe11da0753b2d,2125950.342262,404539.694239,0.2367567802,876174.987711,0.7082853271,1665453.936521,2.1475972347,19950655.8
2026-09-18,0x9c6a5b4662c722d2c47f43d6c9813cb080ffa4ed,26332957.869849,6664687.056062,0.8888759865,5881986.70247,0.7103349274,17596394.574303,2.0141094363,44409932.83
2026-09-18,0x099691c206cb8ceaa41d3b9e55aaf859b2d3f78d,271287.085467,92258.785348,0.4404200214,85827.97581,0.3975175568,267868.02296,2.2429189305,1273128.19
2026-09-18,0x6b9ef7a334e61551209ddc3a78e5bb774a09085e,579278.524073,146183.843363,0.3375332228,242895.791433,0.7220816286,392234.770808,2.0970214934,43155698.09
2026-09-18,0xfe7e0a8b33061f13fa1f72774b164667c3b911b4,733420.658836,74999.762536,0.1149376589,59108.706063,0.0876578056,520843.11863,2.4501323993,4311205.75
2026-09-18,0xcf218b31732a91c751fe484bc303525783a88a36,394420.458978,117147.912369,0.5950559334,55582.917461,0.1533163082,314917.484886,2.2622895933,4365152.37
2026-09-18,0x666073af75b8d2e6e9efea414db566494e61aafe,11811811.33101,2769489.103191,0.3062807356,3707703.517903,0.457509155,8064612.73305,2.1521711546,8930942.74
2026-09-18,0x9471f70f2518846f7a076636d64e5a22787da105,1061578.573793,297660.736747,0.3634794204,401244.552321,0.5608011089,894058.597543,2.0892169062,5643933.14
2026-09-18,0x9757fe365ef60247665e9e312deb6cc8fa04d75c,715218.204865,233732.106138,0.4854389499,191218.099973,0.3649199651,487864.718676,2.1458422602,47639372.28
2026-09-18,0x2ab7c8c121bba1b6b744664237ae00ded55ec2f8,1601010.797067,65741.677078,0.0428209466,523536.382464,0.6709919113,1103476.526827,2.0609481498,6760065.82
2026-09-18,0xf78c5d8d4b604a140d43a46209fade655536c581,4679030.654807,927153.491041,0.8715670761,488506.753371,0.116574148,3212644.241324,2.1908578883,16480301.42
2026-09-18,0xb981a0c739dddb86a40c576aa1fd75f491184e0e,311063.604917,125611.522919,2.1763112952,124341.563853,2.1079276637,153138.366031,0.9696889941,43388170.1
2026-09-18,0x9b220c39d91cabb77132d1e7a4f30c6501aa3aaa,483401.590985,-360.163461,-0.0007445059,113391.96427,0.3064567949,333133.876786,2.2169358106,14462190.93
2026-09-18,0x9af4274128bf812209132caa91c01dabbabc1f0b,264981.236723,45324.171066,0.2063406016,93665.724351,0.5467439758,205189.174701,2.0561466954,17746597.57
2026-09-18,0x12a101b3c28b0d4e611061980c8645c459663bf8,406366.496399,202277.612525,0.9911250857,196343.201434,0.9348639229,257174.821548,1.7237880184,6863513.7
2026-09-18,0x6f5c0b5e696ecc523f6287eff09144e080dc18be,487901.608148,172192.676638,0.5454159178,92792.117547,0.2348516544,340937.17122,2.1447224558,4923296.1
2026-09-18,0x0eba880f6be60142c70019d2dd46c49c47204eea,1363694.259743,266885.560715,0.415661904,644464.39546,0.8960478805,881555.179109,1.8284250635,94725679.0
2026-09-18,0xd2944617c67d7fe84b623c72341187ac89d79bd3,620365.848232,126437.520365,0.2559835369,317348.208581,1.0472928538,395893.980603,1.7636685825,8179548.33
2026-09-18,0x4b3cd947eb86a32dadbde2e9a873524615e66c92,386674.717156,101865.539715,0.3576624203,189952.039701,0.8127240445,273226.868414,1.8160902313,46368075.57
2026-09-18,0xbed672966f600f4b09ed341d042891be865cb623,845513.653917,134516.986633,0.1891949609,232346.885909,0.3789293517,568623.244123,2.0536039675,1257999.82
2026-09-18,0x25ddff2f25a73b8dc3711871f09525ebdc6253db,357505.530911,35591.137478,0.0931914012,136351.844845,0.3683654924,285352.132223,2.0589615122,38367617.82
2026-09-18,0x48d603762adf3aa0be6f8c05f621451070a3487c,526813.730363,73778.72947,0.1628543696,67518.661159,0.4065216784,182081.623394,2.021314059,3883068.69
2026-09-18,0x558627b71365241665ef8902a1a3e0d1bfec3e3f,468444.726069,30261.40257,0.1483229418,244934.41106,1.4604613495,244934.41106,1.4604613495,3846814.0
2026-09-18,0x4bdf1130109e9c1bc921d8979ea66284d9c92f37,360748.040138,35883.109796,0.1104554738,87883.787289,0.3095979378,251532.578288,2.0414043377,2666694.64
2026-09-18,0xd5d29dbf880eea93d4ed2ccb79c642bde0a48480,804060.159658,187907.15189,0.3049683269,195605.916411,0.3214800761,536260.226631,2.0024658728,21218420.13
2026-09-18,0xc6758a779bccee1ef0190dbe8292fdf44076795d,2853246.809675,895300.891142,0.4572653834,1141741.542075,0.6670978838,1976078.573001,1.792980585,199584693.86
2026-09-18,0x54fc13e72548503e13eea8b4cfdb4524be39d7d2,555297.778882,51636.888013,0.1025231241,74874.592939,0.1558513309,399935.065917,2.1008996919,15189124.14
2026-09-18,0x3160cda0ed2e7c0f935677ae76fb989de5585e67,255287.847855,55289.480197,0.2763115004,75426.98266,0.4191299179,176763.856345,1.9231473023,2988860.82
2026-09-18,0x38f9715251bd7b9962a51b6e56b547fedb11709a,563675.397939,19284.140534,0.0354233105,247514.277649,0.7828738632,359988.000326,1.7673552932,155623396.75
2026-09-18,0x66466428990e0f42a4c54f64bee0db6bf2336de5,10397306.734107,1795657.606893,0.2087573651,586196.712388,0.0570901684,8725670.254796,2.1009771929,36901195.43
2026-09-18,0x8923cdff38a43d1fd59d323c35b900047e431bac,891681.399899,223777.916302,0.2852721316,323019.542558,0.4712569527,780288.2503010001,1.8659425093,21320791.51
2026-09-18,0x04febde8d852931b73fd81c09904bb29d3a0e964,1026805.732689,59799.114144,0.0618394052,191811.790606,0.2297163859,720688.149836,2.0237024015,4882544.81
2026-09-18,0x8463d6ffcbfb56bf20ab2e1111f9a0e8359533f2,737144.992172,160537.760164,0.2195674946,420130.744382,0.8909351946,594657.900561,1.6661080733,37879683.3
2026-09-18,0xdc5289909be4f3ce2604806bdd1448fd307f19f5,280265.944502,15086.384789,0.0568912054,30262.280472,0.1183454056,206680.136646,2.0757476759,28981117.01
2026-09-18,0xb6161198798dc08e3ba5bc2756820848fc51173b,353011.914384,75852.865725,0.2736799181,72635.277257,0.227419266,392270.911746,1.9637596475,64821886.92
2026-09-18,0x7583b5364597736a6a72c4ba61ede0a4a37ef4de,2762394.255305,0.063672,2.3e-08,0.082786,3e-08,1875908.276247,2.1161172546,4911581.85
2026-09-18,0x07b52ebc029eddaf2b42a97cc7ef95467ed0d288,282381.630344,66005.441736,0.3050494704,144941.956401,1.054586003,170898.113633,1.5329451266,1960642.29
2026-09-18,0xe2823659be02e0f48a4660e4da008b5e1abfdf29,2926720.233267,605449.345359,0.2608154296,1045744.924308,0.454083467,7151309.766357,1.8301893348,40034355.1
2026-09-18,0xee16198171b3cf5c96af82e538d489f78935fb67,273696.095249,36338.104709,0.1530940864,27396.737375,0.1065608938,193292.788058,2.0188436653,21577426.35
2026-09-18,0xb4daad808516667d25a68643976fbf8b084e3fdb,268564.78227,36828.619514,0.1588973679,56441.570252,0.2660264748,206099.262811,1.9167856038,48396459.64
2026-09-18,0x04a97ae7f350a22cd0cdb6b1875e8905b76495aa,574177.997698,131229.377978,0.2962632056,159094.420996,0.3832828614,371199.353918,1.8287606371,14831443.33
2026-09-18,0x866d4903b256ce7e7caac46a91e83128bb0fd6e1,4176210.595852,343226.478,0.0895454997,1017225.64978,0.3220102872,2772733.994335,1.8806844386,12690708.78
2026-09-18,0xbbfb6566ad064c233af6314aeb1eee4c26a5f921,2252173.7231260003,462447.391009,0.2555186838,563226.0014490001,0.326687626,1540970.582299,1.8388895847,24464878.15
2026-09-18,0x4044570e13b5184f7eb2709de25a4eb766a4794c,4369889.671862,1182153.49641,0.3708442077,1251545.165589,0.4013492297,3101130.871419,1.7628915587,302586775.7
2026-09-18,0x874226b22939904f436ff0434e1fd0ab257c8427,1087117.809874,16.988067,1.56269e-05,360693.015875,0.4965318074,694791.925807,1.770956121,48255114.37
2026-09-18,0x37e5ee046fb8e9a41e0bf35d2d37fd6f64fdff10,858722.344787,232208.127753,0.3619687944,201631.226663,0.3000057897,580098.941928,1.7991837341,13686032.32
2026-09-18,0x2e32935bfd5b2718f99bc8fdf8b37c16811f7d97,1600624.521299,239897.212632,0.1762748403,403493.759023,0.3369944483,1275677.8177200002,1.8116003458,27775328.89
2026-09-18,0xc3baee00470d78c489b623f405e57d5d99bc0f33,629689.148667,89038.278634,0.1646872012,256461.994439,0.6871472012,398548.392106,1.6191889457,3376085.24
2026-09-18,0x14c624428f50785e26d94779769e3b0f3340b280,1875043.178504,149704.091352,0.1853885038,237843.164876,0.3306240715,1201226.893955,1.7827216728,4448262.91
2026-09-18,0x7451d7dc1570f2be4aa3eca8d482dff117570ab7,557794.162539,96290.455442,0.2086450314,178912.778571,0.4722131679,529238.924595,1.6968533345,8454990.37
2026-09-18,0xbe10fd36393c8b677281d0bc2cf1bb8c98ad4b34,2809577.977578,574188.846719,0.2568516426,846989.845671,0.8644436947,1715088.849092,1.4917853803,12700241.35
2026-09-18,0xaecfe4eff84a1cd9a24accc1914ac537af7f6e1b,1346785.316279,290310.979506,0.2747922684,458332.416692,0.6986862139,1240828.321056,1.5706205869,15376454.23
2026-09-18,0xe6e0e0dd371e4f9bd5218ab4bc0634d59705ae71,3394004.935453,1430526.443335,0.7285674119,965295.062125,0.3974517799,2109792.927666,1.6359797295,132574746.92
2026-09-18,0x73045e207623eed9e09f647fec7d3f3c0b4a37a1,989118.472225,111993.845726,0.1276829339,275268.361285,0.3856108685,634472.601045,1.7399167579,2793405.57
2026-09-18,0xb4413bdefd1b82a75ed002d378f52b74d3fa908a,260585.467455,3969.42674,0.01546835,62079.205495,0.3119305825,171236.835997,1.7914733476,5806133.37
2026-09-18,0xdb951b52356ebf874676950a5045b469783bbb49,277958.186966,30426.730388,0.1229206615,38096.563574,0.1588272565,371348.486346,1.7973341519,6938710.21
2026-09-18,0xdbe0780a5c5a0e3b345101bbc01ac2218196d6d5,6446479.40758,211484.83974,0.0339190095,1311256.988956,0.255345705,4603597.417063,1.7585198325,1906106.28
2026-09-18,0x783ee3148b797b6174e8204f8f224e25b8836682,1498365.116193,-24090.138364,-0.0158201133,-372216.570259,-0.3570645933,982970.421027,2.0726930607,7960106.31
2026-09-18,0xbe1e9f1119e583c9547258eb7c7553219cf80875,336704.840069,90128.241544,0.3655182287,141234.674617,0.7225382671,200213.084258,1.4668511154,3906625.7
2026-09-18,0x8b61a50f7091abbc7ab292d3a24b9eeb4a29c0c2,2525150.1309350003,747400.030778,0.4203954158,915142.923369,0.5683739076,1526533.520961,1.5284951814,181525211.87
2026-09-18,0x1c814c8068ddd68bcc79bd9d28a1698ba099072d,612897.158141,149580.174548,0.3533037566,184427.147065,0.4304318676,428137.318498,1.608181314,4335663.86
2026-09-18,0xbc6c1d4d92409d6dc0b8a55612f9565592f8ee5a,261885.308007,160307.315099,1.5781697443,136805.559155,1.0937466729,134901.448007,1.0623511366,2537728.8
2026-09-18,0xcb5c89e9679fb5b09d1be72f3a9dd789d1e9f6c9,332121.825662,-25797.603743,-0.072076567,-21950.416707,-0.0619941754,218131.214773,1.9135893129,1725184.1
2026-09-18,0xe6e3355646051ff76174dd36f6e0fbe2b2cb67f7,270978.324788,43113.861309,0.1892083625,-8130.966992,-0.0291318391,227814.081773,1.8496769655,7374083.07
2026-09-18,0x466669f8f1e45c216517244775c932b70327df9e,361769.144685,31.213593,8.62879e-05,1669.744684,0.0046368994,522429.754685,1.8604911755,9646395.65
2026-09-19,0x634fe24f2f7396f5d967ec3936df04f49a3e6951,4041052.218221,0.0,0.0,825060.170214,0.2565332411,3894407.012814,26.2126624428,216045483.68
2026-09-19,0xbf732ea04197942783e34730ed6e0f6099575d58,5544137.901503,1128277.11262,0.145228839,5993634.826739,2.0642061875,12462014.903534,24.1258882763,503279526.01
2026-09-19,0xa516541e599129095d14f7faf8b11ae670c837b0,3073464.740195,0.0,0.0,1127604.489437,0.5794591585,2950988.018877,23.2113062433,75996083.94
2026-09-19,0x102d1d1a6240581a809bac9b9b4dff2eafe8c058,308971.601963,-645.778037,-0.0020857293,251757.157513,4.4002369669,295037.781293,21.1742045874,193825895.3
2026-09-19,0x413042415510b6395667abe224505d0894ae67c9,431623.100632,-1093.419403,-0.0025268723,302968.929453,2.3549094963,463899.147749,13.6746663665,19688743.28
2026-09-19,0x470756b530bfa294b80dd4783a1fe13dcf3b3394,684438.882416,-78327.605001,-0.102688839,557286.983354,4.3828454344,632752.445337,12.2421467988,160503672.21
2026-09-19,0xb4a3349619ff3da514b42bd7a124947aaf2b9210,335867.56304,-115608.536613,-0.2560678997,286589.138592,5.8157122879,309533.015369,9.533033983,16333411.25
2026-09-19,0xe7795fce474d1eafd645a29e799a64f85dc26ba7,315734.867498,-93482.959982,-0.2082305553,269999.567459,3.1594728189,372511.299872,9.2569336512,11719645.0
2026-09-19,0x991e044d97b946fe549e92ac9bfa5119592a0e54,1685157.38254,-71180.783419,-0.0405279489,936905.588855,1.2521245118,1556745.708847,10.1474427126,5437268.82
2026-09-19,0x5b5f798b94f54d33ba316c8b1c837e930c90c052,500752.236135,119292.922821,0.2377960312,1135837.86,3.9853474766,1971165.95238,8.2434337499,131782400.48
2026-09-19,0x4cae5bed586f6e73ae54ebd40a4ac4ed2c477c34,4039971.463808,35486.914256,0.0088617933,2248136.604712,1.2476942609,3551292.66098,8.3716419569,9147046.22
2026-09-19,0x7ca519838f6d8dbbd8488b63f5f2cc461b89028c,461976.970439,-19588.30337,-0.0406763204,539515.883485,1.8247781236,768857.281478,7.9003261281,314331779.43
2026-09-19,0x1e7127c81c8a58661a0811f026b6be66533934be,741224.114348,-10476.807922,-0.0397007234,503949.545025,2.1276866484,666368.987287,7.3627661079,42521640.85
2026-09-19,0xfd2f37d266d4e7c04e9e33421f2513bf49d32d11,439094.990606,19606.979082,0.0467402608,99660.657691,0.293608065,390280.160606,7.9951146118,343120730.86
2026-09-19,0x41c684cbde3e449cc67c70aacb6132e3eb25b06d,409194.035596,18545.156538,0.0608112587,132570.571959,0.4054328641,536744.593907,7.8152478694,59856506.98
2026-09-19,0x3ab38dee6ba252823b3ceba95390726cf1962a73,371257.429935,-9388.14121,-0.0246637342,171256.515757,0.7051164839,359815.765378,6.6242863774,3001699.39
2026-09-19,0x91867345424fb158888ff9c5f1b1b2e7cd7d65d5,543917.10332,-22660.926714,-0.1193468657,185607.259193,0.8865277953,425916.711761,6.0972429741,3161340.9
2026-09-19,0xfd65235129debccfdbdcfdf8aa96d3e125ec9d10,759149.780718,-70483.207147,-0.0849570933,544034.432197,2.5290358681,637000.524107,5.2149357416,26400769.9
2026-09-19,0x2fef2bd40f8dc6e0986a462c1117054faa965071,388256.377091,17341.841244,0.0639531058,233899.557992,1.3967753553,347964.280584,5.3456518071,17150544.05
2026-09-19,0x005a09b498f2a28b54652a70d7812e63414161fe,1311289.045414,-64713.825304,-0.0753652901,894139.057539,1.913987809,1118816.893002,4.6140121652,1652458.5
2026-09-19,0x20438cfdd36d75e185d6601697eb1973f4aee79d,358301.087161,-26592.600311,-0.0878109796,133353.03926,0.5422000313,358428.857144,5.0573949353,9126354.23
2026-09-19,0x7f75db96ccc27922b50d6e102938814a67fa9edf,364873.371404,-2766.584928,-0.0075252564,209924.379949,1.3547966849,296579.588227,4.3427025775,11852404.65
2026-09-19,0x9bc920b65f5c119bad954214f9ac01b508a3e828,284516.229843,-54215.776353,-0.1600078368,223019.363726,3.6206284148,216980.519843,3.208076323,31043690.59
2026-09-19,0xf1993943c9d3475aa28c6b933ec74fa7b9a1704a,332571.887515,-3389.608656,-0.0100892772,208359.673984,1.6774494689,267909.008631,4.1431654955,11190201.47
2026-09-19,0x178f639a89797fab52dd5cfcaddd383a563ffb78,374671.596642,-31815.30769,-0.2648943929,43364.741978,0.3201870333,171463.971515,4.8531156281,1095394.97
2026-09-19,0x613ead0ea5af374af0ccfc117ef116a8e8d133fe,751573.169339,-3236.770837,-0.0112984605,199995.823567,0.3625231761,631555.089155,4.352008298,9419865.45
2026-09-19,0xffb285456daa57d757b9c9020a6302afe5a95ed6,382289.681309,54640.212066,0.1248492639,224679.896569,0.8395803251,392289.005114,3.9228635249,7266147.48
2026-09-19,0xedeaa967b0100a4df613533df634ffe6cb5fd773,1288212.673579,-90650.73333,-0.0772658062,775497.309808,1.5125298842,1015325.119903,3.5891473722,181292318.0
2026-09-19,0x5aa13316231716ea438eb243feabc296a9094b2b,2876862.613465,-108499.200786,-0.0363437357,1337847.404302,0.8692879683,2287545.321503,3.8816870856,41845942.96
2026-09-19,0xa1be71b903206120fa2b2245e145a5d7be09d8f7,597299.782733,11435.827716,0.019519596,256687.852823,0.6330681076,544440.092733,3.9614384313,16411934.93
2026-09-19,0x7e1ad5e2bbe30d6d202e7c41036ea0a07c560be9,1400533.78227,-346018.494835,-0.1981151663,1265324.399525,0.428809027,3401995.020281,4.0829393483,409907559.91
2026-09-19,0x1b232b41b0e75550c59288b99874e4a8142fbe21,699665.02008,33800.542896,0.0635626736,503646.170095,2.5693762112,521139.977759,2.9395309061,34633917.2
2026-09-19,0xe383e214bd4b32a9ef9cf688ee98976b57f6c9c6,272412.2396340001,-7812.940709,-0.0476383754,122082.29792,0.8083318225,205271.926016,3.7479739273,128005331.93
2026-09-19,0xc786b3302e681745813f8011e816336bb5baeb75,892937.048592,-82024.368709,-0.0841308869,439567.693663,0.9285934541,734174.098317,3.6583275497,174223318.07
2026-09-19,0xeb0f432beecf10dcc828fc1e36a3386caf634637,1574019.11209,-42710.102943,-0.0264175983,988818.970094,0.8287729777,1950386.455895,3.6297963716,58831664.42
2026-09-19,0x53f81d22b16ff1718ab8ee52bff0592685325f92,638517.514269,9487.714437,0.0868346271,238981.728557,0.5981484941,499830.12308,3.6040055177,58198158.72
2026-09-19,0xcbbc60df1f1b062e5ce90715e1400a4acfe3985f,597547.974405,160919.731859,0.3685509002,323792.476446,1.1827798121,479457.110293,3.2375873635,13323431.06
2026-09-19,0x0c1f6941fdcde9488dfd36ca16fed6b3bc49672b,896982.498936,-54361.919959,-0.0571422073,433850.343185,0.9367743911,693162.753532,3.4008616396,95986459.7
2026-09-19,0x1338a67b37aeaf796357d78501a0c3695c51c48e,2294005.644355,-48172.91971,-0.0205675692,1109394.870407,0.933723808,1768861.32213,3.3458461802,7606507.0
2026-09-19,0x5ccaf678b74464fac20f6cae8cbaa9b402010c45,1228074.33951,-57464.09178,-0.067361173,400775.263121,0.4844381851,957666.746919,3.5415675194,4451432.95
2026-09-19,0xe77cdee1aa1affa10231654fe438b63ab0ab15db,1908469.840613,-24295.993241,-0.0125705829,1732701.917777,1.8039630909,1993677.890613,2.8500596545,201387420.82
2026-09-19,0x6d092dd825d74303114eae27988bc5ce029b957d,1003769.471451,1458.9222,0.0030440158,424286.756326,0.4518070206,1061004.162832,3.5089476085,107295291.85
2026-09-19,0xd580b86a5db87c623763b058f3a12853bf30acb8,377066.954535,45602.46334,0.1561920116,234118.492983,1.6377825297,279988.070877,2.8841294865,13588540.11
2026-09-19,0xb2662fca65f6446b8b1898340118d44d680a4449,2281108.411427,-403216.940309,-0.1949239479,952453.709318,0.7168557096,1759294.767132,3.3715001253,11998736.75
2026-09-19,0x3e470a0bf8460c3a8320327cf5db7deed3a3aaf6,1238688.466337,3391.291004,0.002745324,567499.960982,0.8455150177,939672.7068,3.1425524469,12898901.55
2026-09-19,0xbed672966f600f4b09ed341d042891be865cb623,1217940.478328,360857.756323,0.4210302542,630988.228821,1.0750248071,903027.906851,2.8675511512,1257999.82
2026-09-19,0x625ceba7f2fa59a6b10cfaed5c54ebf3cd0501f6,302585.265595,-68036.0561,-0.1835729682,46373.075509,0.5284677174,199548.286285,3.2051474109,5805007.03
2026-09-19,0xff362f53805324725375113a6125ee64746bbf14,305227.722873,13337.869668,0.0619846398,130803.43363,0.7499152452,228690.295977,2.9879538058,6098750.11
2026-09-19,0xf124c3bd6544caebbf68824eab8c009b3f448196,369541.064454,-14492.54732,-0.0377377054,166821.807291,0.8229203758,333437.582732,2.9128002898,39805719.74
2026-09-19,0x456f1049c0f2ec990091bbd3f30af62aca3fcdf1,3014218.208371,-57011.651593,-0.0185631341,1153194.367021,0.6196558805,2261941.237325,3.0067931419,43524805.58
2026-09-19,0x9b864dde6ed1c21608b1665a0ac0faa4f7e36e6e,3062602.192074,-35140.421131,-0.0153819502,1189207.979888,0.6090993914,2840640.169066,2.9794297129,7287569.99
2026-09-19,0x926a8a1bc7fa22e2fdd4459c443158aa38adaf36,1590359.656911,-2189.135035,-0.001374611,817654.105364,1.0581703519,915295.822475,2.7412343821,109329330.89
2026-09-19,0x2f58adc8b81f51b02acf65eff40d9f5bbb88bc9e,414418.123626,-33284.720347,-0.0743455638,224941.886406,1.1871772931,301190.835483,2.6600551901,31280773.83
2026-09-19,0xdff720130481e2ded32a0fa06bec909b9498e625,319944.515019,-26690.227521,-0.0769981316,98929.564703,0.4476148087,195856.467879,3.0276221747,12954820.63
2026-09-19,0x5740affc8faf8913f9f2d5fbb9bdc6e8119ea9da,2744694.23932,88056.030465,0.0331456614,496555.187561,0.2208738766,1104421.874203,3.08364967,4656680.0
2026-09-19,0x30afce2f6842bf183c7e3fe7162e279ff0b6393e,14443607.149491,647419.022933,0.0522955364,8433531.738928,1.4032322663,10241130.737707,2.4369276226,124727935.31
2026-09-19,0xfdf891f2b214a4c9374d26595ec6d4080262e381,2343148.921358,-96805.553988,-0.0396751476,666922.963004,0.3978717545,1747457.776125,2.9334963095,6644262.92
2026-09-19,0xdd7a372377fc633f74ab6e20963803d52f448830,6092315.082435,99183.621186,0.0165495487,2375996.249335,0.6393413364,4468751.989526,2.7524350665,39057424.68
2026-09-19,0xca810f64a0bbc8498dd0d714113c8518feeb8d29,558814.472656,3518.223624,0.0075156722,202191.38047,0.5669609874,373673.650514,2.778485355,1013817.43
2026-09-19,0x5cee0ca5f78503820d857371bc018dceab01a723,4789605.666361,-60984.29298,-0.0125725517,4601163.498112,2.6467164581,3996704.094142,1.7058779342,64275581.23
2026-09-19,0x121acb29e168cc9e97dbd7b280ee8baf2cb34c6e,384732.464688,-1828.745652,-0.0051811712,143927.429426,0.5976927736,446766.089453,2.702072251,3849903.05
2026-09-19,0x94b60c2a5db13689bb06a73657ac1216424de5b3,697318.449031,-21638.526052,-0.04492795,293072.971733,0.724987633,505362.370961,2.6326979382,48515269.8
2026-09-19,0x17f0361771a9042d816cd007c731be15f05b094f,859301.04473,-13839.707814,-0.0158504889,445091.907923,1.0642262566,615736.572802,2.4568155348,24027907.66
2026-09-19,0xbb1ac608e3bf90b73fa782007878205644c890a7,693426.874097,-36481.013455,-0.0499802976,152948.361404,0.2681053852,602535.633131,2.8527089326,18151898.53
2026-09-19,0x85e14c3f5f5151f7d8acac2d001ef050fab63de4,1097160.083002,-21290.12175,-0.0233518204,523436.004452,1.1748359909,731988.631942,2.370626324,230301871.91
2026-09-19,0x68f33dd18add8ad4830d78ae66faa98d58f2310e,653095.226713,-15613.684324,-0.1877038296,215199.759774,0.4666777334,493180.706782,2.6927625897,7229468.68
2026-09-19,0x739c52c1009e970ab30ea1f28401df41e18fcfb2,969963.373116,-47137.013356,-0.0463445044,410748.893931,0.7345104509,691916.948961,2.4884938788,13669710.75
2026-09-19,0xeadc152ac1014ace57c6b353f89adf5faffe9d55,15858840.009511,458675.72725,0.030903083,7012826.173863,0.8362354284,11588706.958551,2.3905525586,34807328.01
2026-09-19,0x9af4274128bf812209132caa91c01dabbabc1f0b,320971.809422,55549.333659,0.2092864724,152455.893643,0.9046972978,251910.089557,2.3097726691,18022799.85
2026-09-19,0xcc26f60bdc43a6f95fa0a632f935d539fb4044e6,481349.575158,3838.425834,0.0142727383,193736.421229,2.4512399191,292677.275158,1.5512466597,1209376.83
2026-09-19,0x9c6a5b4662c722d2c47f43d6c9813cb080ffa4ed,25138037.392579,-1294714.738692,-0.048981458,5336991.863651,0.6994145095,13186597.453083,2.4069626484,3462446.84
2026-09-19,0xf9faba57a81d1575d3e506dd3eafe7db6f2a3275,869066.711838,197842.564248,0.2947488778,512518.424229,1.2924489658,620795.726155,2.0137987517,89144757.62
2026-09-19,0xdbea0f1d234240e8f8a884cf0461371b3ec2dbcc,560159.125422,-1010.636208,-0.0018009456,224829.509524,0.6704731669,430642.448028,2.3664731519,8360707.15
2026-09-19,0x4ee15239a08c7a790b591c509e604bff1dd4bd9c,409237.821052,-100751.452787,-0.1976738903,320765.932937,1.5386531769,373561.79073,1.9607685975,63347797.11
2026-09-19,0x12a101b3c28b0d4e611061980c8645c459663bf8,460999.117007,89464.732795,0.2407979896,246024.534578,1.1444354574,309657.769733,2.0460883646,6863513.7
2026-09-19,0xdfaf7cd4ab0fc1d7f5ccf3216769f26bcd041a61,300273.549645,14744.355617,0.0691280703,69180.333115,0.2648626715,248883.297174,2.4522876938,2039506.65
2026-09-19,0x9386b9538884d849943d77f1c5412de9e72b021f,1542129.7825099998,34959.997841,0.0494307539,605318.903882,0.6460794913,1062340.100377,2.2137173186,149184474.69
2026-09-19,0x597568694fe6ee1b701ec8578bd57102c9a29abd,3544779.293021,28535.869099,0.0081154419,1192616.075203,0.5070294723,2637506.823158,2.2790716031,55033700.58
2026-09-19,0x230963164d9637a4c536270a06b4e3636d44a2d9,2210188.230691,-2719.588193,-0.0077961906,554818.618722,0.335162984,1553451.963217,2.3654121756,1773568.51
2026-09-19,0x09d0dbed3ef5cb17eb60097b1baf31d9916a1a52,912545.365921,-12601.309296,-0.0136208772,290325.759146,0.4666801669,634284.925867,2.2794649708,1008712.11
2026-09-19,0x5242739cf086d71d65b0c557d2531769156369ab,354194.872281,-18464.743478,-0.1972972346,71471.875437,0.252262881,296220.415495,2.3738678975,1278504.9
2026-09-19,0xa178a9ebc949245b2f453d87966c1653115b999b,896109.778668,-48518.441747,-0.0513624733,535707.600707,1.4549248798,588711.778668,1.7448585311,28739639.770000003
2026-09-19,0x75ec3ba266176e733f1b1fdaa15052f5eff724b8,3222610.068678,16970.7,0.2228608213,836769.483997,0.3047407361,2484092.2078,2.2613121019,98354502.4
2026-09-19,0x51a4cee5e31cc8f3bef1564b7a2d0005e2775a98,429785.681145,18812.773031,0.0621415806,175496.035743,1.2015566072,277561.931099,1.8233812465,1331298.46
2026-09-19,0x53969485d7422b35c7fe5a4025498f9b69268b79,2235405.725344,371931.595583,0.2882930692,1354050.353122,0.8184761121,2179933.939995,1.973734385,94310341.54
2026-09-19,0x8ecec0c9367490d2044aaff4030ad0becc33218b,854700.717491,-123728.21008,-0.2330585014,221519.724285,0.4206233123,708501.108353,2.2492641552,20982222.74
2026-09-19,0x2ab7c8c121bba1b6b744664237ae00ded55ec2f8,1567118.560674,10195.521927,0.0086161468,565203.428514,0.8020674298,1069584.290434,1.9976480793,6760065.82
2026-09-19,0x153c8444380512cabdc34f6cea09c322e14e319a,4316034.641314,137669.617623,0.0393200326,1857017.723036,0.7551870462,2837015.380073,1.9181733831,11925517.1
2026-09-19,0xb676a78f19227ffe9a97db93263fce675e547dbf,275969.655035,-53832.850081,-0.1632275354,57616.809434,0.1678064131,379689.272908,2.2434351378,195694877.66
2026-09-19,0x25ddff2f25a73b8dc3711871f09525ebdc6253db,352170.825204,3271.205067,0.0176488558,137068.036832,0.3764542355,282114.289086,2.0668691795,37177419.51
2026-09-19,0x3d0acf9d5e0175444e389ba6a16b6b83f1933df5,447812.675133,2450.065675,0.0055000584,179206.650118,0.6669266809,293782.569762,1.9060792201,7193056.74
2026-09-19,0x38f9715251bd7b9962a51b6e56b547fedb11709a,568441.41146,214.299455,0.000377137,256157.393029,0.8202705803,366476.653882,1.814557442,153661852.08
2026-09-19,0x9e2cbb5d800181c1ef21b25010dc4ea80eeb5508,3666942.435661,0.0,0.0,1017499.502988,0.2626877774,4450573.193318,2.0797504417,1235564353.72
2026-09-19,0x350e33a777d510616fbdb483d1de3b50d1edfcfb,8839000.814474,494386.520304,0.1124971345,4319837.813337,0.6800806527,6893047.467907,1.8257872199,777127587.98
2026-09-19,0xb079d72d18c4b706f318b8fb6b85354929d0e9dd,263712.133563,-4090.124276,-0.0218886302,56923.652984,0.4668655225,117282.037422,1.9048903956,10379273.23
2026-09-19,0xd2944617c67d7fe84b623c72341187ac89d79bd3,593460.012125,-15161.629108,-0.0303659441,326377.100005,1.2220066698,358001.507118,1.5204441526,8147944.569999999
2026-09-19,0x4b3cd947eb86a32dadbde2e9a873524615e66c92,414017.717402,20813.29122,0.083982467,216684.601795,0.9246862153,279089.783287,1.6232951598,45755403.04
2026-09-19,0x874226b22939904f436ff0434e1fd0ab257c8427,1087118.059112,0.0,0.0,416952.398817,0.6221631807,694792.175045,1.7709567563,48255114.37
2026-09-19,0xfe7e0a8b33061f13fa1f72774b164667c3b911b4,738392.463173,1976.716754,0.0026842402,72483.48848,0.1088489437,493273.668725,2.0123861568,4340546.74
2026-09-19,0x9b220c39d91cabb77132d1e7a4f30c6501aa3aaa,477751.605251,0.0,0.0,118816.472766,0.3310249179,312047.800832,1.8831661827,12184233.86
2026-09-19,0xee16198171b3cf5c96af82e538d489f78935fb67,271342.042498,-3597.461076,-0.0130845551,40644.982574,0.1761833575,188075.762699,1.9073212757,20838272.97
2026-09-19,0xc6758a779bccee1ef0190dbe8292fdf44076795d,2795479.705191,-35427.700446,-0.0125146094,1106276.510015,0.6549102637,1884462.983221,1.6589052496,166273793.65
2026-09-19,0x1c814c8068ddd68bcc79bd9d28a1698ba099072d,656028.006124,27442.466292,0.043657489,173372.624412,0.3592058247,471267.943126,1.7701897668,4409589.83
2026-09-19,0x558627b71365241665ef8902a1a3e0d1bfec3e3f,438161.657111,-1359.049169,-0.0089784298,218100.017303,1.3004569028,218100.017303,1.3004569028,3846814.0
2026-09-19,0x4b85bf981916936249a62b7e77f30e567997a395,1006312.509617,5431.217246,0.0049317257,468651.544071,0.7344933625,677261.06476,1.577037574,8060614.94
2026-09-19,0x422d82d5e532fccfadc6a72d8c6b64727892239e,1537534.0657209998,-94767.540874,-0.1295383624,528818.84066,0.4769205202,1354832.254249,1.7197511013,4132199.12
2026-09-19,0x20b7807939c774a152b396beb704acac68fa10fe,381890.207529,2954.183529,0.007787803,191343.52077,1.002085279,225125.062463,1.4324227836,30325138.6
2026-09-19,0xab7fb756330e3983e676f44c03dabda9120aa273,418431.85929,-21845.150129,-0.0496168314,151534.770307,0.5677647924,418946.95852,1.6579875421,14810189.21
2026-09-19,0x1e08253f267b5e985859b5cf469972326f191584,783066.888968,-14688.383794,-0.0216119828,154369.47766,0.2455385928,503786.689579,1.8038754293,5590452.24
2026-09-19,0xdc5289909be4f3ce2604806bdd1448fd307f19f5,286751.610433,7197.653396,0.1906781873,34519.92703,0.1337984139,201575.325765,1.8117602067,29110066.3
2026-09-19,0x36764af31381057e722a003a69d089d54fe2c61b,322367.662752,7494.772145,0.0238025323,121435.282874,0.4978031408,213751.499792,1.6574886029,6238877.23
2026-09-19,0x54fc13e72548503e13eea8b4cfdb4524be39d7d2,551659.308268,3330.922485,0.0122669922,71230.449968,0.1482643033,378175.254144,1.8139202147,16175307.41
2026-09-19,0xb48e45c76e7442d9944790085399e26b7d89b1ed,802332.994593,-65703.823472,-0.0756924385,336433.776993,0.722117068,483736.514424,1.5183360286,812569308.37
2026-09-19,0x466669f8f1e45c216517244775c932b70327df9e,361799.142308,34.202781,9.45442e-05,1699.742307,0.0047202031,522459.752308,1.8605980038,9646395.65
2026-09-19,0xe46aae69cf2607b68c03ecdf6d94e776287e73b0,547191.453479,16319.777097,0.0405983473,200627.471222,0.5789045645,516614.406213,1.562765505,1345744.6
2026-09-19,0x1add90cfe379ad9c56c36522a3a4d33e89032671,533792.83764,9223.791201,0.0186724936,333687.652433,1.4073428305,482052.817948,1.1515767319,64204676.21
2026-09-19,0x186db447f4de2f258ec100aa194b6e9974a46482,1882078.265633,-202284.609064,-0.0970486529,882103.885759,0.7677751287,1204682.785322,1.4578708158,245102727.19
2026-09-19,0x07b52ebc029eddaf2b42a97cc7ef95467ed0d288,263924.501142,-15638.828877,-0.0756940329,143973.707981,1.2002730802,145331.263513,1.2254599539,1960642.29
2026-09-19,0xb64460b8f4a2f521b815a209f053d35fb1977d51,943948.819103,-80070.774398,-0.0782059294,238774.998659,0.3386044571,587141.686459,1.6455435801,4461211.29
2026-09-19,0x47818abc02d61af1e586d3ceb035591aeae4548f,942981.21275,-32975.512072,-0.0337878835,251806.627773,0.364316966,583412.760253,1.6225360045,4804659.31
2026-09-19,0xd0868e73a4cf27319c6d36778f17594dbf88aeab,293925.864188,-13130.775502,-0.0427633661,133337.86118,0.8303102267,170922.176515,1.3895695304,1791552.86
2026-09-19,0x59629e23c52a0d7c092436870ef2db1dc382ddf8,3785147.534603,133563.552201,0.4713428564,1133680.850909,0.4275674508,2522884.691243,1.4569444103,83796428.7
2026-09-19,0x00532b2e10626ed952d6664b9c6848646b227b57,467809.679979,74616.399575,0.189673803,198732.299329,0.6624583307,409898.288528,1.3591661753,3398256.88
2026-09-19,0x266b5569ed3017e74dd48059c6db804e016eefcb,2790222.249369,108788.995054,0.0392522643,1155263.403641,0.6194243076,2073826.39856,1.3910568455,9319660.54
2026-09-19,0x718cc7ee2ae2493ebf7d454316df6b61f4e1a868,1250803.721947,-16800.767103,-0.0132539505,355089.393031,0.3964315201,795538.398508,1.5000162169,7014110.14
2026-09-19,0x0eba880f6be60142c70019d2dd46c49c47204eea,1123112.415573,-230323.700909,-0.2731994295,495866.197039,0.7905447373,640973.334939,1.3294365893,110375528.4
2026-09-19,0x953c5152e2f8b5ed9d92976cad478a837749182a,254882.878156,-1696.363351,-0.0066114598,-19701.447137,-0.0717500794,159820.062853,1.6812048154,17723385.39
2026-09-19,0x5371c4517b448006941ae335e5cafd54af573c11,1981223.847934,119270.161161,0.0640564596,614734.061869,0.4498636346,1152197.866963,1.3898211798,15072285.95
2026-09-19,0x31fe86dadaf5fe01b3a411770338e09ef49553ba,298599.829248,0.0,0.0,77062.619189,0.3478540655,306969.314159,1.4501325458,32154329.41
2026-09-19,0xb981a0c739dddb86a40c576aa1fd75f491184e0e,292496.832571,-2794.445922,-0.0094633541,108147.84544,1.9102488697,117291.056813,0.6694474329,36517718.64
2026-09-19,0x48ec0004494081e8332589faf0747d568da79faf,390084.462969,19602.600593,0.052911195,172113.762586,0.7896180742,214248.925888,1.2184606465,84175910.9
2026-09-19,0x18b8539261cf9e760e7fec4a8a73c50f0ae7babe,293763.425363,-11166.945825,-0.0321671644,186762.582497,0.9112714163,301178.713474,1.1703796058,7060249.22
2026-09-19,0xb34519875ef21a74a3a5025b40b96288d1717f20,786989.566516,-3038.82197,-0.0120820174,279997.132539,0.5522708304,451134.099853,1.3432388174,3308149.1
2026-09-19,0xafaca2cae451403775504d63c57b400615e621cb,331360.66466,-10667.319643,-0.034663022,108501.028988,0.4868581458,239892.170793,1.3580382016,3925647.78
2026-09-19,0xf29c6bc1147a841519b382459a6d7a373c6b9971,14157260.299522,-308869.101929,-0.04017306,5094056.136113,0.549250462,8484548.975398,1.3238352598,121341300.47
2026-09-19,0xe6a90b07af76c504c1dba4cc45a12c4dc6b1ea68,383279.908662,-10415.654375,-0.1317179253,91846.549534,0.3151545513,250462.719609,1.4522340219,4351187.69
2026-09-19,0xbe10fd36393c8b677281d0bc2cf1bb8c98ad4b34,2719636.050393,-84986.681627,-0.0303012872,838131.906141,0.9330676355,1462847.128958,1.1149847754,12817897.07
2026-09-19,0xc2d3a0c560b91a363c6954cba05cc1ac0e9c91e1,368937.439841,4713.763535,0.0113770074,135399.910791,0.4691001591,255968.145887,1.3396613375,3232286.45
2026-09-19,0xe83b5e3644b50e802a25b34b38b91a061a0d3ca8,5388916.431578,-110358.170018,-0.060017842,1183906.331335,0.2815399129,3179975.018321,1.4395271176,70820615.03
2026-09-19,0xfb2986b5d3e5604a90396e83a1fedebd768c21dd,535626.92,-5104.859269,-0.0239391398,244954.30138,0.842715432,499850.486783,1.1470337064,24351524.3
2026-09-19,0xb4413bdefd1b82a75ed002d378f52b74d3fa908a,256298.673386,-1782.446152,-0.0069065363,65451.805189,0.3420408369,152449.22861,1.3848297822,3991720.15
2026-09-19,0xbc6c1d4d92409d6dc0b8a55612f9565592f8ee5a,255855.744529,-7912.037645,-0.0299962246,132365.712398,1.0718736574,128871.884529,1.0148682244,2537728.8
2026-09-19,0x66d47066ed2db09e06a21f1e4e03c8384c5af245,257462.004564,56123.245715,0.2787503312,122321.537151,0.9017406241,122081.376938,1.0466714967,5658643.85
2026-09-19,0xf21d494bb47339f399267c5519cbe11da0753b2d,2032025.387686,-101252.845388,-0.0474634972,697295.815785,0.5274588304,1318421.845147,1.2817589971,18808894.62
2026-09-19,0x04febde8d852931b73fd81c09904bb29d3a0e964,1011444.435828,-165.929088,-0.0008963239,202988.007071,0.2510809486,620688.165044,1.4082152811,4514130.76
2026-09-19,0xc3baee00470d78c489b623f405e57d5d99bc0f33,599987.33312,-18850.432221,-0.0635236243,257234.676247,0.7504965201,331330.660539,1.1680693337,3628546.6
2026-09-19,0xdfb690eaae46e19c459d7a79af4844bc0d57294d,1604354.424569,192530.882399,0.1363703584,352668.537923,1.0038598622,352668.537923,1.0038598622,7414861.41
2026-09-19,0x7451d7dc1570f2be4aa3eca8d482dff117570ab7,531112.202705,-28358.903057,-0.0844664634,173149.215546,0.4837070361,460517.67784,1.2996547953,8116527.26
2026-09-19,0x866d4903b256ce7e7caac46a91e83128bb0fd6e1,4064611.56966,-68932.221972,-0.0337828055,1031355.757295,0.3400160821,2383189.015137,1.3600598786,11120296.19
2026-09-19,0x48d603762adf3aa0be6f8c05f621451070a3487c,479180.3435,-46032.009116,-0.1984087068,19885.274306,0.1197268273,134448.236541,1.4925290409,3883068.69
2026-09-19,0xe60dcdf2648394b6082452707210a23017607738,557926.469369,14536.774052,0.0267520238,242884.091907,0.7709568911,559256.169367,1.1214948421,470654268.87
2026-09-19,0x64702807a1f0f9888ea22b858099d7f481227b55,3081562.036876,40465.058767,0.0133060731,820051.916242,0.3626125343,1894233.400311,1.3275367853,76916154.46
2026-09-19,0x4044570e13b5184f7eb2709de25a4eb766a4794c,4253089.886234,-118088.967957,-0.0884326125,1049002.432502,0.3273950688,2730289.816415,1.3562227663,245258960.89
2026-09-19,0x9c575a602acb7a04dfa7c37fff770662a9a84341,312073.804216,-15996.462285,-0.0487592565,196459.604135,1.6992688095,182484.248684,0.6521031251,77228549.74
2026-09-19,0x558afca8d68f6a7335837b06ce218a234978225b,481198.67668,-8728.097777,-0.0360561268,106524.156616,0.2843111845,366203.49091,1.3503037458,2790031.39
2026-09-19,0xdbe0780a5c5a0e3b345101bbc01ac2218196d6d5,6358076.322413,42071.803951,0.0066611422,1390321.950417,0.2798693024,4089538.45748,1.3436791739,1906106.28
2026-09-19,0x15b325660a1c4a9582a7d834c31119c0cb9e3a42,12245890.705644,-119303.379646,-0.0096483224,4066941.692285,0.4972450232,6769737.246798,1.236221245,18948045.95
2026-09-19,0xc30b98af41c61b9aaafb304b49f04c0f9bdc2185,265462.336049,-1156.838028,-0.0081012634,-17502.061594,-0.1022759834,160718.240825,1.5343895088,14997824.65
2026-09-19,0xbd334a55db91617545e8d1b09941e036ad8e4200,7539060.002778,-79657.772391,-0.0104555353,1231585.039047,0.8200316957,2701597.644352,1.0701966411,8100321.45
2026-09-19,0x7491180d3e43719bd8a53cdfbef27a1527a1d90f,772346.694544,-11272.614641,-0.0143853202,194946.817277,0.337628782,482533.690895,1.3079723662,46816149.1
2026-09-19,0x6741bc2e53e9816213f4e785fad8b971048adba1,262915.329299,1618.410402,0.0103474441,-20395.171004,-0.1140005601,158968.140353,1.5293163958,11465665.71
2026-09-19,0x50b98497785b1768b8c029c198e68b7924c75e2b,591461.591107,21657.329293,0.0380083666,330613.57054,1.2650270119,267358.881107,0.8236470283,61528914.54
2026-09-19,0x54a7240cea67b8c41b7c7f2b485360f37331aef4,402692.021654,-1097.587213,-0.0102384409,111157.80508,0.3254565579,277773.101681,1.2847598743,10915472.84
2026-09-19,0xa19ed0ae46e89461e56063f1ed268a0dc225745f,494938.978707,11413.334982,0.0236044047,154995.950038,0.455946841,271158.988783,1.2117213379,7364925.36
2026-09-19,0xfa2dca328d8cc3b47dd0f9bce6933ca4531e08fb,790503.676335,79913.588592,0.1124608828,438916.036826,1.2483830132,351436.52761,0.8004163569,10494734.49
2026-09-19,0xd3168812899e1fe0e7de42b70a915eede1118d83,626906.661445,-5442.229466,-0.0086063715,161987.390466,0.271827743,499668.164625,1.3038013273,1889527.87
2026-09-19,0x64b2627e0c33b44d5a78ca2b5289abd0c306a5de,3828041.839038,12239.311534,0.0032075327,899719.935647,0.3072476201,2152013.100309,1.283995346,1676023.11
2026-09-19,0xea0027b6ea9b6d7d401b5266979cc3b3ca87a918,24224290.231429,247870.011561,0.0103380742,5105394.525769,0.267033965,16532209.161205,1.3025608698,40480362.07
2026-09-19,0x8484fbedae4e9b2e26df44b92cd5f81b71c8150e,986265.366175,-63637.689362,-0.0746353422,482900.086123,1.2114265667,462783.810057,0.8435976706,45830816.24
2026-09-19,0x98e8118481aa01872142a7c447dbccd0528df831,507310.14497,-20994.039435,-0.0397385447,97975.533345,0.2393531614,400354.986137,1.3234800811,126702250.35
2026-09-19,0xaecfe4eff84a1cd9a24accc1914ac537af7f6e1b,1254860.451632,-80946.422214,-0.0733646042,236504.427559,0.2322413989,1078361.796826,1.3289608458,12857045.38
2026-09-19,0xacaf2b49c521c83d80bfe5876a8e2418c99dc435,294703.858491,12432.789887,0.1016781051,144771.10046,0.9655735168,167406.192909,0.9318151785,2926840.59
2026-09-19,0x86d2161a18a6eb5be550d5253496e5a161cdf731,371986.958825,-3266.654017,-0.0087051901,129878.060727,0.5364448054,200063.311463,1.1636753555,8481507.62
2026-09-19,0xcf67e4da9e9cd38c0afd26338d0fbddb3036eb24,2553844.845825,-211310.084452,-0.2204461415,1175111.798721,0.8250563315,1346150.855483,1.0526672969,31849432.87
2026-09-19,0xde5a8068836a16f92813104d7faf602bb0cbdf62,1237288.015097,20948.023839,0.0448991776,351283.077514,0.3945870589,691415.273128,1.2191590702,4488405.53
2026-09-19,0x9466140c8781e253fe426c87ac17ccba500140ff,430939.740823,-25437.366102,-0.0699887325,174155.066682,0.6779546978,247810.58838,1.0909739322,4089670.91
2026-09-19,0x2888be6982957103ea88ac10f4179df0a294e877,266998.04372,-6867.336224,-0.0250755909,118535.983956,1.1761473129,117333.362938,0.8282384008,6274097.46
2026-09-19,0xd7103eb4ae84c1e01974680c28391668c03c2d9b,399210.011731,-18936.346449,-0.1894396517,84048.37124,0.2666833791,225034.245108,1.2919951465,1143786.27
2026-09-19,0xc3ff20a75d873e2e9f1bfaca6617b68669645c31,430649.461343,4028.021334,0.0094416758,145976.336516,0.5127858016,228789.656949,1.1334086924,37495906.89
2026-09-19,0x07423f74354aedab79af49892ba88c5ec73e57c2,413270.121065,-10815.819915,-0.0255038398,-29186.978367,-0.0659656685,253631.724848,1.4264577808,107095186.22
2026-09-19,0x9bd30e1bf7c4fe28180b01f33f07c7b277fb7026,277558.30616,3241.115005,0.0206213116,-19253.74661,-0.1071629514,163430.5656,1.4319968554,10739811.48
2026-09-19,0x6b9ef7a334e61551209ddc3a78e5bb774a09085e,412730.915395,-164373.539214,-0.2954828004,95858.333638,0.3025138152,229415.645169,1.2514813681,44273435.92
2026-09-19,0x3f240a16bb7c34302cab342227207acc3d9e0d4d,559095.866872,29826.404161,0.056333156,207974.155027,0.5919848046,285677.384005,1.0440910331,415675994.51
2026-09-19,0x55a0b2d5ee94017d9fbe7c71c767c313cae90be9,362312.436492,46685.055719,0.1479119321,109548.380672,0.4334017363,196492.351018,1.0981071193,25636053.39
2026-09-19,0x93ab7dbdeb996806454de19c35c8247f4b2511f8,10793072.67674,50928.000922,0.0119566245,1560395.545505,0.5674312864,4045525.260203,1.0479163543,55539966.2
2026-09-19,0xde8a6d588f8067e761bac811a102e0146c721e41,607516.984851,-1063.208079,-0.0126940374,16428.321816,0.0277933292,516024.40054,1.3180947873,6928136.48
2026-09-19,0x6d0f45ff715be94632e4f15b81714836ff034e23,569873.226721,17543.331868,0.0584628236,83096.583922,0.3501376867,169475.807034,1.1439919032,1903270.13
2026-09-19,0x8923cdff38a43d1fd59d323c35b900047e431bac,821068.700882,-57681.257834,-0.1325260076,266864.910259,0.3977214643,602809.1667950001,1.1481200802,21475272.01
2026-09-19,0x2718f952a15702336c31baa335f907edc0ed2fb0,293946.206888,-4839.22528,-0.0161963227,106907.788939,0.5715403591,153455.305877,1.0403430676,3742344.26
2026-09-19,0x24fb52e17e3d4fd62a119b8f53c1a3f3bfe65c2f,314627.958138,106671.506446,0.5129521333,203918.024754,0.5014068347,412167.41501,0.9850379073,19998090.95
2026-09-19,0x2e2b6070bec9be9f50887cfe306ac6ca93002fab,3740710.861355,-111181.521279,-0.0306733774,1199285.593105,0.4718948883,2488446.435406,1.0805927828,3897138.64
2026-09-19,0x9fde8e59c61c290c435c2d953e70a3873e06a572,485728.112063,-62630.784607,-0.2033389871,148284.487401,0.4394348465,266939.193154,1.1178876908,15171999.46
2026-09-19,0xdd97539fe9a912166f037d81dcf35b3f0ce5c610,2200033.783795,-81857.274534,-0.0274514638,29888.129461,0.009426512,2225855.144068,1.3019153945,75398970.27
2026-09-19,0xb5b3f3caf9d778b1293e5cd29f32e84b04c67a08,2983396.313375,-92.926552,-0.0005158272,-475686.455068,-0.1375180899,4037707.390561,1.3707175071,194461728.9
2026-09-19,0xdb951b52356ebf874676950a5045b469783bbb49,275945.373173,-29.871961,-0.0001082415,35132.605435,0.1458917887,316087.155374,1.216378414,7380087.69
2026-09-19,0x0c0ed9bc814b9b5089cb70dd75de844718e78a4d,693179.233097,48878.226091,0.0758624083,282654.402527,0.6885196253,333185.488825,0.9255313297,48444105.14
2026-09-19,0x7583b5364597736a6a72c4ba61ede0a4a37ef4de,2762394.252308,0.0,0.0,0.087133,3.15e-08,1551914.24941,1.2820651689,4911581.85
2026-09-19,0x8b61a50f7091abbc7ab292d3a24b9eeb4a29c0c2,2478841.975962,39479.00612,0.0161834825,878143.043883,0.5485654869,1242154.577252,1.0043396156,157923376.44
2026-09-19,0x14c624428f50785e26d94779769e3b0f3340b280,1652075.223092,-190216.622792,-0.1032499944,57330.384028,0.0846928404,917496.807761,1.2490113902,4305132.62
2026-09-19,0x9eaebe41e6783bce9c88d5f7af6c719b68c6ac69,656564.693681,2158.273746,0.0032980632,177775.547599,0.3600231982,351545.00548,1.0899954897,1055430.93
2026-09-20,0x102d1d1a6240581a809bac9b9b4dff2eafe8c058,316746.44334,-10428.291621,-0.0318737681,261966.468191,4.7821566121,302761.880387,21.6497051004,196252428.29
2026-09-20,0xbf732ea04197942783e34730ed6e0f6099575d58,6117868.132662999,479543.110866,0.0850491288,6562595.509793,2.2564495762,12873097.4652,18.9536347549,587129187.55
2026-09-20,0x634fe24f2f7396f5d967ec3936df04f49a3e6951,4041071.647667,12.589451,3.1152e-06,948661.924629,0.3067512585,3826761.220501,17.839511445,210938344.66
2026-09-20,0xb4a3349619ff3da514b42bd7a124947aaf2b9210,483312.970397,141285.477762,0.4130822253,435667.540399,9.1439523249,454490.203831,13.001133611,16396718.56
2026-09-20,0x470756b530bfa294b80dd4783a1fe13dcf3b3394,759470.011407,59964.848881,0.085724678,658026.308707,6.4866156419,709142.238505,14.090486134,185811260.25
2026-09-20,0x413042415510b6395667abe224505d0894ae67c9,477127.707535,47545.662424,0.2819603985,350965.042401,2.7818453937,506879.41751,13.9067978212,19688743.28
2026-09-20,0xa516541e599129095d14f7faf8b11ae670c837b0,3073483.708524,13.204359,4.2961e-06,1239155.039847,0.6754991682,2874862.159473,14.46678618,69352019.42
2026-09-20,0x4cae5bed586f6e73ae54ebd40a4ac4ed2c477c34,4688261.191536999,579064.997025,0.4884400054,3072692.4997110004,1.8902284249,4042591.130826,10.9937885828,8561802.04
2026-09-20,0xe7795fce474d1eafd645a29e799a64f85dc26ba7,317746.159522,32045.6933,0.3700898487,309796.801272,3.8654347259,401952.331484,8.8765221872,11588033.86
2026-09-20,0x5b5f798b94f54d33ba316c8b1c837e930c90c052,575573.433528,74821.197389,0.1494176001,1210659.053002,4.247874782,2045987.149569,8.5563366625,148752972.81
2026-09-20,0x991e044d97b946fe549e92ac9bfa5119592a0e54,1842449.916874,144910.167182,0.290418873,1166759.597214,1.7267643773,1683036.935004,9.1264093184,5313434.48
2026-09-20,0x1e7127c81c8a58661a0811f026b6be66533934be,833381.845917,85770.650779,0.1147262793,640429.951982,3.326380409,751415.079843,7.697594253,42818807.59
2026-09-20,0xfd2f37d266d4e7c04e9e33421f2513bf49d32d11,421599.551925,27126.267616,0.0687657915,64190.016538,0.1795979407,380219.240279,9.1884092979,343111014.94
2026-09-20,0x005a09b498f2a28b54652a70d7812e63414161fe,1711565.133671,418794.551639,0.5400753555,1312029.807345,2.918568859,1519091.11445,6.2646988664,1652458.5
2026-09-20,0x3ab38dee6ba252823b3ceba95390726cf1962a73,402378.043733,28506.101736,0.1063755568,202377.129555,0.8332497563,389041.379401,6.9208848935,3001699.39
2026-09-20,0x20438cfdd36d75e185d6601697eb1973f4aee79d,448333.640758,81251.440543,0.2213439946,233761.261381,0.9923118406,443670.787127,5.8637860699,9126354.23
2026-09-20,0x0752075607ff962ceac6802f11d89334076d9254,283811.440683,70731.217739,0.3319464226,234798.505919,4.7905416611,227185.378721,3.8845590191,4893298.47
2026-09-20,0x2fef2bd40f8dc6e0986a462c1117054faa965071,440991.099972,41327.46502,0.1008568392,312925.104505,2.0700760349,398755.469089,5.1761894203,17024041.97
2026-09-20,0xedeaa967b0100a4df613533df634ffe6cb5fd773,1734432.458742,370953.272097,0.2720637585,1195699.909425,2.2194684746,1448992.467306,4.9045237927,209338224.76
2026-09-20,0x6311c7025ac2085cf1f4d3451987b38105971c07,318758.082237,75325.580587,0.3094310746,264577.179108,4.3245059418,256487.910842,3.7027180051,17186309.82
2026-09-20,0x6e8fa9304880f4a428bfbc35166c7e2825574364,417187.758756,189080.111543,0.8289073771,345876.649177,4.8502712012,319477.694663,3.2696606773,1576216.43
2026-09-20,0xfd65235129debccfdbdcfdf8aa96d3e125ec9d10,809396.148708,74088.359272,0.1007582951,609659.147055,3.052309497,653602.467935,4.1953079527,26400769.9
2026-09-20,0xf1993943c9d3475aa28c6b933ec74fa7b9a1704a,325598.190858,-5530.723701,-0.0167026299,218659.402629,2.0447159737,265127.596816,4.3844053629,11190201.47
2026-09-20,0x9bc920b65f5c119bad954214f9ac01b508a3e828,300621.297428,18648.409137,0.0661120225,239124.431311,3.8820876188,233085.587428,3.4461911826,31043690.59
2026-09-20,0x7ca519838f6d8dbbd8488b63f5f2cc461b89028c,464620.326035,-18048.95,-0.0515591715,554923.836674,1.9615790847,689656.216206,4.1010903986,312072828.58
2026-09-20,0x7f75db96ccc27922b50d6e102938814a67fa9edf,394428.380788,14577.047737,0.0383756656,246066.615974,1.6585581621,317770.442984,4.1453038275,11729141.34
2026-09-20,0xffb285456daa57d757b9c9020a6302afe5a95ed6,413075.204904,50342.757153,0.1485593101,283186.899363,1.1804948879,423074.528709,4.2307166792,7266147.48
2026-09-20,0xd580b86a5db87c623763b058f3a12853bf30acb8,447514.356442,44419.181713,0.1101952702,323582.286634,2.6109649192,346345.225504,3.4234279003,15077238.74
2026-09-20,0x1b232b41b0e75550c59288b99874e4a8142fbe21,865073.321944,123060.356916,0.1658466398,679569.193944,3.6633642673,636903.29935,2.7913539742,33654009.32
2026-09-20,0x94b60c2a5db13689bb06a73657ac1216424de5b3,751033.469975,45035.395972,0.0854613804,376576.250404,1.9269412462,589586.990261,3.6519036606,47497236.36
2026-09-20,0xa1be71b903206120fa2b2245e145a5d7be09d8f7,510410.859187,11565.762686,0.0193090509,343486.217338,1.0624990596,557687.489187,4.0578287342,18449538.47
2026-09-20,0xeb0f432beecf10dcc828fc1e36a3386caf634637,1974476.262891,121843.16229,0.065767562,1201405.63096,1.0629633291,2100433.214368,3.9114471244,55919116.64
2026-09-20,0x5ccaf678b74464fac20f6cae8cbaa9b402010c45,1333922.534148,94927.99634,0.0766169611,561140.692364,0.726130794,1066675.644828,3.9913491511,4368601.52
2026-09-20,0x30afce2f6842bf183c7e3fe7162e279ff0b6393e,17675109.632349,2601568.600945,0.1725917351,11979842.076351,2.1034730956,13533987.061856,3.2681928593,124727935.31
2026-09-20,0x1338a67b37aeaf796357d78501a0c3695c51c48e,2453693.360343,146271.99538,0.0633919741,1341354.28525,1.2020719135,1933478.321333,3.691643808,6781960.46
2026-09-20,0xe77cdee1aa1affa10231654fe438b63ab0ab15db,2104585.850548,61308.664658,0.030336308,2016512.329201,2.371097148,2167446.250548,3.0984699891,234229800.78
2026-09-20,0xb2662fca65f6446b8b1898340118d44d680a4449,2552885.222612,178609.887015,0.0752271164,1342527.599408,1.1091991108,1998406.830063,3.6041202992,14860619.01
2026-09-20,0xc786b3302e681745813f8011e816336bb5baeb75,862114.179077,-78944.762043,-0.0838892854,471087.564349,1.1461242071,703351.160596,3.5047394533,191759361.68
2026-09-20,0x6d092dd825d74303114eae27988bc5ce029b957d,1008811.269807,5041.798356,0.0050228648,427784.920966,0.4547845315,1082324.269707,3.7831239378,108130368.83
2026-09-20,0x41c684cbde3e449cc67c70aacb6132e3eb25b06d,394434.138773,-16287.591997,-0.0396560269,120783.81218,0.4193705786,467067.68118,3.7789819076,57473089.86
2026-09-20,0x5cee0ca5f78503820d857371bc018dceab01a723,5954622.388943,1117752.336055,0.2310900073,5790728.014947,3.3786959703,5161720.816724,2.2031317397,90532114.87
2026-09-20,0x625ceba7f2fa59a6b10cfaed5c54ebf3cd0501f6,332646.586098,28824.322959,0.2824626704,90212.202311,1.219541032,219129.223342,3.0125379135,5775015.33
2026-09-20,0x456f1049c0f2ec990091bbd3f30af62aca3fcdf1,3200381.003706,171308.805251,0.0565548769,1422942.794388,0.8005582343,2447974.339301,3.2535255934,44103131.67
2026-09-20,0x613ead0ea5af374af0ccfc117ef116a8e8d133fe,774539.755716,11371.700377,0.0148986982,242336.259437,0.4552595674,615766.705427,3.3488687138,9369530.2
2026-09-20,0xcc26f60bdc43a6f95fa0a632f935d539fb4044e6,508671.124494,23972.725499,0.0868195332,236207.911773,3.6973258314,319998.824494,1.6960562016,1209376.83
2026-09-20,0x0eba880f6be60142c70019d2dd46c49c47204eea,1650583.015344,549107.256194,0.4985196012,1140528.355197,2.2360904513,1153454.294821,2.3202326625,131631980.07
2026-09-20,0x9b864dde6ed1c21608b1665a0ac0faa4f7e36e6e,3211195.112871,73669.923598,0.0234802652,1422650.979245,0.7617724438,2982097.514943,3.1045632593,6635912.38
2026-09-20,0x0c1f6941fdcde9488dfd36ca16fed6b3bc49672b,912608.341337,17039.717766,0.0190267025,429991.571136,0.8909586191,685134.144237,3.011920266,89429561.73
2026-09-20,0xbed672966f600f4b09ed341d042891be865cb623,1233821.377567,85022.022695,0.0740094624,672082.775901,1.1964333124,906245.857847,2.7665249791,1257999.82
2026-09-20,0xca810f64a0bbc8498dd0d714113c8518feeb8d29,584476.522335,21603.905608,0.0454154889,245719.839259,0.7253579089,396930.823792,2.8995671002,1013817.43
2026-09-20,0x2f58adc8b81f51b02acf65eff40d9f5bbb88bc9e,449269.251176,24337.049133,0.0572727814,275166.050198,1.5804766865,317336.451782,2.4052885502,38548536.15
2026-09-20,0xdff720130481e2ded32a0fa06bec909b9498e625,328255.015062,-167.506661,-0.000510034,118816.056383,0.5673063748,200120.569874,2.9119410997,12746756.89
2026-09-20,0x17f0361771a9042d816cd007c731be15f05b094f,856454.942523,-42363.288287,-0.0471322085,461080.816166,1.1544466507,616963.353136,2.5023765052,25377935.81
2026-09-20,0x98e8118481aa01872142a7c447dbccd0528df831,819945.373499,316586.047346,0.6289464224,414631.69177,1.0229896262,720647.542019,2.4441623693,127076418.04
2026-09-20,0x53f81d22b16ff1718ab8ee52bff0592685325f92,637855.853799,-1348.241366,-0.0021092502,259566.308888,0.6861577656,465157.528275,2.6934686649,57725101.91
2026-09-20,0xdd7a372377fc633f74ab6e20963803d52f448830,6392483.7018,166995.045449,0.0268244076,2869924.488539,0.8147271103,4618659.023726,2.6037855267,37077019.98
2026-09-20,0xa178a9ebc949245b2f453d87966c1653115b999b,969017.373438,68185.711934,0.0756919576,623889.4303840001,1.7677492441,661619.3734380001,2.0990545598,29657398.180000003
2026-09-20,0x9e2cbb5d800181c1ef21b25010dc4ea80eeb5508,3780165.854049,43186.938594,0.011556645,1026879.630735,0.2614203233,4925487.244225,2.8486131736,1088061221.86
2026-09-20,0x4860d039cbc7cffb0267f86e63f4b4442b71505e,1811799.042314,32250.404613,0.1648304373,355467.626591,0.2440842948,409696.931843,2.8292291244,7492132.11
2026-09-20,0x68f33dd18add8ad4830d78ae66faa98d58f2310e,699031.009286,32448.763505,0.0486793096,280782.308918,0.6663032823,523327.682893,2.6305901916,7228067.59
2026-09-20,0x5aa13316231716ea438eb243feabc296a9094b2b,1215687.572793,-288636.599012,-0.0960736879,1254131.613864,0.8580791916,1947867.185259,2.5368753943,55238187.56
2026-09-20,0x7e1ad5e2bbe30d6d202e7c41036ea0a07c560be9,1397967.862973,-90141.617341,-0.0605745871,1668426.394486,0.6555394401,3065189.521151,2.6255163254,413478822.77
2026-09-20,0x3e470a0bf8460c3a8320327cf5db7deed3a3aaf6,1360883.541043,90933.118765,0.0716036762,735989.306774,1.1777822012,949829.509648,2.3107169304,13848051.25
2026-09-20,0xf9faba57a81d1575d3e506dd3eafe7db6f2a3275,973029.718915,118020.886004,0.138034698,659455.006187,1.8651079459,680238.412731,1.9281609292,89605201.35
2026-09-20,0x9af4274128bf812209132caa91c01dabbabc1f0b,327386.405825,9486.857344,0.0814070827,170901.022078,1.0921213086,255735.594744,2.2904742186,18452204.35
2026-09-20,0xdbea0f1d234240e8f8a884cf0461371b3ec2dbcc,607231.032977,22441.117463,0.0383746656,265914.593462,0.7790852203,452049.106564,2.4022359793,8751457.87
2026-09-20,0x230963164d9637a4c536270a06b4e3636d44a2d9,2324237.115303,100887.859573,0.0453765234,737576.697057,0.4648610935,1670861.379027,2.5572749128,2000150.86
2026-09-20,0x85e14c3f5f5151f7d8acac2d001ef050fab63de4,1113543.046522,-14546.847592,-0.0158068689,538754.314124,1.2092174652,724602.996176,2.1859741009,227332330.29
2026-09-20,0xbb1ac608e3bf90b73fa782007878205644c890a7,743411.170667,54305.318833,0.248311392,379696.448052,0.9405068153,594725.99752,2.1704600944,18457793.01
2026-09-20,0xff362f53805324725375113a6125ee64746bbf14,279769.821337,-27439.960155,-0.0893199429,122177.719083,0.7752781855,194640.038927,2.2863918292,6099212.64
2026-09-20,0x926a8a1bc7fa22e2fdd4459c443158aa38adaf36,1516907.931143,-104160.582438,-0.2317932898,761956.6566,1.0092792506,805495.997603,2.1755622783,121105091.23
2026-09-20,0xf124c3bd6544caebbf68824eab8c009b3f448196,382302.149818,12405.531014,0.0746716658,206794.457293,1.1782643502,308971.793243,2.0367279629,38288657.15
2026-09-20,0x2ab7c8c121bba1b6b744664237ae00ded55ec2f8,1626737.403783,41585.750123,0.0343249087,674233.369087,1.028936506,1129203.133543,2.1089973843,6760065.82
2026-09-20,0x12a101b3c28b0d4e611061980c8645c459663bf8,470911.252395,13545.907636,0.0296172585,243491.965669,1.0706742123,318066.860178,2.080984821,6855810.17
2026-09-20,0xd2944617c67d7fe84b623c72341187ac89d79bd3,653457.062282,27242.94533,0.0435042018,408246.191534,1.6648780304,414768.233419,1.7376943672,8150736.89
2026-09-20,0x9386b9538884d849943d77f1c5412de9e72b021f,1653280.978998,66451.090377,0.0418739926,730114.400073,0.7907947897,1112425.003421,2.0564057957,151506798.04
2026-09-20,0x4b85bf981916936249a62b7e77f30e567997a395,1057949.003551,56059.343323,0.0559312797,544772.495846,0.9666345002,733055.771941,1.9532880164,7323961.680000001
2026-09-20,0x4ee15239a08c7a790b591c509e604bff1dd4bd9c,482579.850299,49923.830203,0.1153891958,403941.614925,2.0335541854,372739.266852,1.4082500175,60536362.3
2026-09-20,0x558627b71365241665ef8902a1a3e0d1bfec3e3f,480492.056079,45565.908099,0.1047670008,300141.301471,1.6370392632,255502.30939,1.5234741658,3846814.0
2026-09-20,0x8d134fe41651db874e73cc019a0f572294b0d55d,299860.00716,46680.766086,0.1843783317,147195.978183,0.9641824546,193262.636649,1.8130150465,9827800.48
2026-09-20,0x597568694fe6ee1b701ec8578bd57102c9a29abd,3545944.288683,-49200.296267,-0.0136852066,1344842.978247,0.6109864057,2539662.192954,2.0215699974,54064681.31
2026-09-20,0xcf67e4da9e9cd38c0afd26338d0fbddb3036eb24,2980410.093505,315732.787392,0.1184881887,1694165.784768,1.2720949292,1904795.608839,1.6610811009,30335163.0
2026-09-20,0xeadc152ac1014ace57c6b353f89adf5faffe9d55,16984581.691397,522661.989576,0.0317497594,8826593.789036,1.081957205,10669596.220854,1.7399046446,30045059.84
2026-09-20,0x8ecec0c9367490d2044aaff4030ad0becc33218b,857728.239745,-9232.002408,-0.0106487033,322245.114323,0.751516459,666971.858563,1.8782447169,20511807.68
2026-09-20,0x07b52ebc029eddaf2b42a97cc7ef95467ed0d288,296902.401292,27056.0111,0.1002644915,183541.974425,1.6191009464,174249.383013,1.420669344,1960642.29
2026-09-20,0xc6758a779bccee1ef0190dbe8292fdf44076795d,2830900.996929,12711.547468,0.0045105369,1210880.318579,0.747447446,1991330.035621,1.8706329422,120766260.41
2026-09-20,0x963deb9191d6a7dc1fb3891d472aa358b3e4b140,261150.035871,10317.440307,0.0411327734,98396.363967,0.5722719395,227716.304081,1.931230396,3170622.68
2026-09-20,0x153c8444380512cabdc34f6cea09c322e14e319a,4896546.099264,549781.043922,0.3145654509,2453441.17953,1.0042307883,3051068.589202,1.653267825,10246559.79
2026-09-20,0xcbbc60df1f1b062e5ce90715e1400a4acfe3985f,511833.282558,-113993.240046,-0.1821483046,249893.158836,0.9540087074,345328.993305,1.7573610969,13323431.06
2026-09-20,0x51a4cee5e31cc8f3bef1564b7a2d0005e2775a98,455075.725643,20459.767368,0.0626862705,213301.226842,1.5972584329,263309.325614,1.3730733099,1331298.46
2026-09-20,0x9c6a5b4662c722d2c47f43d6c9813cb080ffa4ed,24697201.08602,-377118.61801,-0.0150400339,5120630.757967,0.6913995973,11783904.13189,1.8296911386,3462446.84
2026-09-20,0x874226b22939904f436ff0434e1fd0ab257c8427,1087119.54457,0.0,0.0,493761.120102,0.8321464729,689644.792243,1.7350656569,48255114.37
2026-09-20,0x48ec0004494081e8332589faf0747d568da79faf,440962.949665,44995.806845,0.1136352035,232212.717946,1.1123939531,268330.909488,1.5543499245,89428187.41
2026-09-20,0x5242739cf086d71d65b0c557d2531769156369ab,384727.393062,17819.314023,0.0485661533,129865.604766,0.5083562815,293325.228283,1.8540061225,1273294.7
2026-09-20,0x38f9715251bd7b9962a51b6e56b547fedb11709a,605151.578052,50524.155304,0.0894807061,257155.925817,0.7183013011,390473.545023,1.737847538,153288235.5
2026-09-20,0x75ec3ba266176e733f1b1fdaa15052f5eff724b8,3325698.162176,84483.573706,0.0260654059,1015140.563757,0.3801230726,2420262.850023,1.9125927854,102689319.23
2026-09-20,0x3d0acf9d5e0175444e389ba6a16b6b83f1933df5,463074.764351,9464.773134,0.0208608826,219429.421772,0.9002436116,288178.720699,1.6467807809,6945106.8
2026-09-20,0x5740affc8faf8913f9f2d5fbb9bdc6e8119ea9da,2741337.208189,12478.335232,0.0045727301,512203.059124,0.2297766868,963359.280311,1.9447429771,4915018.08
2026-09-20,0x25ddff2f25a73b8dc3711871f09525ebdc6253db,294466.861326,-57359.27919,-0.1630330228,79364.258018,0.2179722345,238966.887491,1.9597608707,36089810.72
2026-09-20,0x4b3cd947eb86a32dadbde2e9a873524615e66c92,435542.522297,15489.372129,0.036874791,237069.024597,1.0067758237,284864.304559,1.5178335983,42247940.44
2026-09-20,0xfa2dca328d8cc3b47dd0f9bce6933ca4531e08fb,884684.053419,79195.362952,0.0983196461,586976.349544,1.9716532085,445616.88247,1.0149173337,13009782.21
2026-09-20,0xacaf2b49c521c83d80bfe5876a8e2418c99dc435,322644.523129,22476.787624,0.0748807582,180858.032443,1.27556604,185705.022946,1.3561099807,3182882.56
2026-09-20,0xd0868e73a4cf27319c6d36778f17594dbf88aeab,325161.100875,18816.728571,0.0632531428,185434.775539,1.3271284069,184983.561488,1.3196376702,1683282.96
2026-09-20,0x5b676c5b03f38557e6f21257732608d019cec66a,286833.076683,24182.234059,0.0920698895,494624.620508,1.0069546122,722268.471226,1.4631482467,52306245.26
2026-09-20,0x9b220c39d91cabb77132d1e7a4f30c6501aa3aaa,490301.5735619999,12849.967554,0.0269136545,136716.196754,0.3866568182,314179.854148,1.783879099,10532883.21
2026-09-20,0xfb2986b5d3e5604a90396e83a1fedebd768c21dd,647191.12654,102513.401663,0.522652783,356518.521605,1.226529489,581968.702918,1.2509466938,24792029.04
2026-09-20,0x350e33a777d510616fbdb483d1de3b50d1edfcfb,8166570.792115,273178.047675,0.0307169666,5127541.821067,0.8732464497,6614146.187427,1.5082846324,748690042.28
2026-09-20,0x422d82d5e532fccfadc6a72d8c6b64727892239e,1601129.759756,20914.54457,0.0132344188,676391.700749,0.6599957648,1362118.569822,1.6136617678,3857739.99
2026-09-20,0x953c5152e2f8b5ed9d92976cad478a837749182a,310923.439671,54451.194109,0.3641801498,7270.847979,0.03311867,202496.205244,1.8675769636,17802844.18
2026-09-20,0x53969485d7422b35c7fe5a4025498f9b69268b79,2313283.029004,122620.991117,0.0559743991,1635888.494426,1.1278920703,1943837.657342,1.3704000846,100092960.02
2026-09-20,0xfe7e0a8b33061f13fa1f72774b164667c3b911b4,747106.411531,-1136.880828,-0.0015194,83920.533981,0.1265414974,487674.532823,1.8797787506,4340546.74
2026-09-20,0x66d47066ed2db09e06a21f1e4e03c8384c5af245,285074.171714,29549.34683,0.1156417849,166664.134665,1.4014806823,144490.402306,1.1973414455,5992677.83
2026-09-20,0x739c52c1009e970ab30ea1f28401df41e18fcfb2,995544.099209,13822.919844,0.014080291,435588.800578,0.777899211,596837.600236,1.4969345294,13726675.07
2026-09-20,0x466669f8f1e45c216517244775c932b70327df9e,361829.441469,32.455412,8.97061e-05,1730.041468,0.0048043442,522490.051469,1.860705906,9646395.65
2026-09-20,0x7491180d3e43719bd8a53cdfbef27a1527a1d90f,951250.941205,111901.97887,0.1333199705,303601.179199,0.4687737061,591206.11581,1.6026298775,47170312.55
2026-09-20,0x20b7807939c774a152b396beb704acac68fa10fe,414305.537975,6419.844954,0.0157239565,226060.108749,1.198341847,228033.345444,1.2215796391,30783730.28
2026-09-20,0x69c81f39d66895328ad7e94ad8ec3cf4c0da0b52,267999.28133,18190.163817,0.0728162527,163904.187645,1.574562084,135256.87532,1.018942472,44387947.91
2026-09-20,0x2137c0f5db95fae5b1f29af50fa1a343e9ccee83,753889.659833,140760.281892,0.2286445172,274263.016189,0.5636004928,493319.53244,1.4825952712,33616956.34
2026-09-20,0x5371c4517b448006941ae335e5cafd54af573c11,2128295.517462,48800.202294,0.0234673298,833498.106684,0.6437285862,1261347.814938,1.4549295318,15072285.95
2026-09-20,0x66929dc2b1e82bd5d1d075e3ef8f04a9d519bce1,658566.584814,62931.509494,0.1056544722,403041.215502,1.5773041111,324981.386665,0.9742080538,26070099.92
2026-09-20,0xe83b5e3644b50e802a25b34b38b91a061a0d3ca8,5650468.489545,264642.860752,0.0491360035,1713967.882694,0.4353928818,3426001.456315,1.5400756215,71452281.52
2026-09-20,0x1c814c8068ddd68bcc79bd9d28a1698ba099072d,638167.199162,-2084.561425,-0.0030194419,257704.618402,0.5984911418,457921.349466,1.4665625866,4364717.97
2026-09-20,0xc3baee00470d78c489b623f405e57d5d99bc0f33,653456.933163,43826.813313,0.1527601116,339918.212783,1.0841347199,364050.540096,1.1959359211,3848542.88
2026-09-20,0xee16198171b3cf5c96af82e538d489f78935fb67,273062.712486,-2638.380632,-0.0095697141,30336.336453,0.1249816231,180898.762208,1.6827016964,20385028.6
2026-09-20,0xfdf891f2b214a4c9374d26595ec6d4080262e381,2409742.207953,16189.702258,0.0067638801,775976.080146,0.4749615425,1446668.956704,1.5021380303,6644262.92
2026-09-20,0xc30b98af41c61b9aaafb304b49f04c0f9bdc2185,320043.504956,59391.897452,0.4731388692,-8451.7972,-0.0390100846,200591.133647,1.6792561876,15057382.4
2026-09-20,0xe6a90b07af76c504c1dba4cc45a12c4dc6b1ea68,407935.454809,21492.914202,0.3012344228,125995.557936,0.4468880046,265543.006588,1.4586872962,4169509.45
2026-09-20,0x6741bc2e53e9816213f4e785fad8b971048adba1,315724.783556,52676.221787,0.2002528409,1511.501273,0.0048104309,198012.688811,1.682177938,11599492.42
2026-09-20,0x48d603762adf3aa0be6f8c05f621451070a3487c,514617.738795,13096.48205,0.0628686772,55322.669601,0.3330910909,157387.820708,1.5343139444,3883068.69
2026-09-20,0x00532b2e10626ed952d6664b9c6848646b227b57,478507.194551,11705.640289,0.0250655275,211270.742159,0.7086026362,411926.476315,1.3277242186,3788794.59
2026-09-20,0x36764af31381057e722a003a69d089d54fe2c61b,332297.575723,8201.778184,0.0368063306,138235.09219,0.5830920996,204875.135188,1.3864709629,6379969.75
2026-09-20,0x9bd30e1bf7c4fe28180b01f33f07c7b277fb7026,333084.963002,61633.953055,0.5031604449,-4851.946675,-0.021975113,205290.628043,1.6064141506,10697638.93
2026-09-20,0x266b5569ed3017e74dd48059c6db804e016eefcb,2911140.616862,76156.180484,0.0909023481,1356785.046485,0.7603351457,2028293.228881,1.2698424224,9013005.06
2026-09-20,0x54fc13e72548503e13eea8b4cfdb4524be39d7d2,544454.929945,-13160.59299,-0.0236015542,64194.348118,0.133665661,355666.818647,1.5892945666,16537618.98
2026-09-20,0xe60dcdf2648394b6082452707210a23017607738,588907.308205,17865.97639,0.0312866607,281240.818205,0.9141093598,590237.008203,1.1836217401,474029230.47
2026-09-20,0x86d2161a18a6eb5be550d5253496e5a161cdf731,390178.648771,17493.299739,0.0469385228,157366.751265,0.6759394728,219985.463803,1.2925632941,8705577.2
2026-09-20,0x59629e23c52a0d7c092436870ef2db1dc382ddf8,3851048.801727,49287.932869,0.0129645011,1181441.958363,0.4425527906,2504909.262664,1.3797321799,82564646.4
2026-09-20,0xb34519875ef21a74a3a5025b40b96288d1717f20,818698.60653,20903.810936,0.0262019896,354361.857273,0.763157036,449179.284766,1.2155772603,3425557.2
2026-09-20,0x47818abc02d61af1e586d3ceb035591aeae4548f,964096.820236,-11774.101889,-0.0120652246,304197.858319,0.4609764159,553155.089207,1.3460669663,3670537.2
2026-09-20,0xf29c6bc1147a841519b382459a6d7a373c6b9971,14228163.145417,-134502.823041,-0.0093647533,6194205.689163,0.7512396172,8159195.63187,1.1989431385,171558830.74
2026-09-20,0xc5a1844c09eff6935f6e914df70e21ef425b8fac,338003.859325,120237.215306,0.5519391255,104625.456008,0.4481162048,188159.679554,1.2548648426,10868724.88
2026-09-20,0x8ab13dbc3d2ab5ea4c4b37f40696254a730015ef,3016071.258431,363019.659675,0.1368309836,1487928.68066,1.2068663643,1321325.028767,0.944147746,320216913.85
2026-09-20,0xf93f055e03a8ba214eec82ab80b814e40dd93376,1496300.983992,119231.012783,0.1358786763,905746.269904,1.5337211748,648965.417623,0.7658895052,183469983.32
2026-09-20,0x866d4903b256ce7e7caac46a91e83128bb0fd6e1,4285325.979265,160299.503871,0.0388602364,1380479.091536,0.4752329967,2469459.796349,1.3088699581,11120296.19
2026-09-20,0x55a0b2d5ee94017d9fbe7c71c767c313cae90be9,400750.210015,30683.410028,0.082913166,152684.973848,0.6155033096,227493.698772,1.2206316461,24904118.48
2026-09-20,0x1add90cfe379ad9c56c36522a3a4d33e89032671,614863.962079,6543.176616,0.0113256725,419981.044434,1.8111806298,342952.296834,0.6249448885,63520355.45
2026-09-20,0xd7103eb4ae84c1e01974680c28391668c03c2d9b,415768.706869,6745.330503,0.0164913081,106929.823901,0.3462317402,239247.323269,1.3553447089,1143786.27
2026-09-20,0xb64460b8f4a2f521b815a209f053d35fb1977d51,932494.918493,-22948.631491,-0.0240188251,240345.638459,0.3472453781,536645.66539,1.3556818945,4461211.29
2026-09-20,0xc2d3a0c560b91a363c6954cba05cc1ac0e9c91e1,381464.941329,7173.489231,0.019160398,163848.613678,0.6008023615,252347.560285,1.2177914759,2460156.47
2026-09-20,0xd3168812899e1fe0e7de42b70a915eede1118d83,646691.933734,16506.112156,0.0274149238,195342.907012,0.3354395698,515481.037892,1.3312634333,1642362.88
2026-09-20,0xe46aae69cf2607b68c03ecdf6d94e776287e73b0,562659.552062,9664.328313,0.0174763323,238927.141191,0.7380389889,457703.461133,1.1302545421,1345744.6
2026-09-20,0xb981a0c739dddb86a40c576aa1fd75f491184e0e,348834.194259,57356.501655,0.3502831787,159408.004666,2.5839442915,45363.599602,0.149482686,17621574.22
2026-09-20,0xafaca2cae451403775504d63c57b400615e621cb,367080.927207,31751.635388,0.1054713791,149064.880044,0.6837335232,240339.143256,1.1341063573,3862732.28
2026-09-20,0xab7fb756330e3983e676f44c03dabda9120aa273,414679.98664,-14160.671028,-0.033020822,149605.650664,0.564391306,349573.887255,1.2123204961,14556481.03
2026-09-20,0xdc5289909be4f3ce2604806bdd1448fd307f19f5,287825.3984,966.639128,0.003366133,38459.711306,0.1505621214,183766.040816,1.4087113561,29391635.0
2026-09-20,0x5f6eb0dceaae65eca27c926bdccb0a7fb13bc25e,302392.748849,51504.544414,0.2051286377,155102.676249,1.0516144403,144976.961604,0.9198125156,49121038.15
2026-09-20,0x9466140c8781e253fe426c87ac17ccba500140ff,480613.150101,28137.10702,0.0621712481,239284.028416,0.9911216492,255990.865951,0.9529166538,4201901.85
2026-09-20,0x50b98497785b1768b8c029c198e68b7924c75e2b,588213.447152,-13468.700189,-0.0223850753,330152.510584,1.2768797874,264110.737152,0.8136405377,61745152.75
2026-09-20,0x8923cdff38a43d1fd59d323c35b900047e431bac,906834.676319,67272.172138,0.1923023703,388762.868126,0.6123672819,636051.4092110001,1.1012658537,21384850.16
2026-09-20,0x2718f952a15702336c31baa335f907edc0ed2fb0,304492.083252,8832.77939,0.0298748569,120340.817109,0.6534406185,163555.597416,1.1054780697,3305145.69
2026-09-20,0x18b8539261cf9e760e7fec4a8a73c50f0ae7babe,333049.448115,29039.165,0.095520338,230183.239472,1.1462587838,271516.935174,0.8321541624,6705833.19
2026-09-20,0x0369cfff192ab593feffb1be1c6820b06800eef2,254505.569937,14797.756462,0.0617324744,165694.229286,1.0751578278,207134.019937,0.8617306331,8750921.18
2026-09-20,0x9fde8e59c61c290c435c2d953e70a3873e06a572,489681.478223,4190.632923,0.0086317445,169649.225637,0.5301004017,270999.945075,1.1354039062,14897117.72
2026-09-20,0x24fb52e17e3d4fd62a119b8f53c1a3f3bfe65c2f,375495.955354,53554.034284,0.1663470811,260671.48558,0.6345362573,457800.165841,1.0556582741,19998090.95
2026-09-20,0x3a23b10845e911b6944d9dc2f1f480fca3af35d6,830424.024765,46358.118209,0.0591252825,355475.82474,0.5954885612,578112.967086,1.0895739547,6023493.08
2026-09-20,0xf21d494bb47339f399267c5519cbe11da0753b2d,2008590.415356,-52944.33218,-0.0256819984,797069.215906,0.6648988826,1199493.296175,1.0670726539,18738804.14
2026-09-20,0xb4413bdefd1b82a75ed002d378f52b74d3fa908a,265902.437115,6678.385859,0.0257133959,80267.569849,0.4300554531,146235.172392,1.1614908185,4128299.79
2026-09-20,0x54a7240cea67b8c41b7c7f2b485360f37331aef4,421365.033662,10951.031388,0.0266763894,153096.001268,0.4810118974,272222.986315,1.1322368366,11207739.64
2026-09-20,0xabf68ea28e2522726f53b6413b87ef7067fdf21a,422121.625719,92084.86434,0.2790139618,211325.910504,0.7318005936,245516.095719,0.9643773929,11825833.47
2026-09-20,0x79399dac99daa4a77d2bcd8ef6f5abf5966468e7,391399.162268,-3462.829499,-0.008769721,37412.809576,0.1056899773,451274.871877,1.3229045383,3032014.82
2026-09-20,0xbe1e9f1119e583c9547258eb7c7553219cf80875,348963.701447,39284.790372,0.1268565245,170096.642906,0.9509668482,162585.239246,0.8723392034,3748141.82
2026-09-20,0xb85bf31a9540e631461f295fbe1a3c3d9b8800fd,473410.469418,43.225493,9.13149e-05,262063.344893,1.2399664556,202405.453607,0.7468697692,61772893.35
2026-09-20,0x64702807a1f0f9888ea22b858099d7f481227b55,3152327.645991,27398.759687,0.0087678026,1099575.635175,0.5356592659,1774664.409276,1.0973598064,73102869.65
2026-09-20,0x9eaebe41e6783bce9c88d5f7af6c719b68c6ac69,679452.344418,19394.037623,0.0293823097,217374.478348,0.4556373159,369683.544178,1.1296021616,1041186.67
2026-09-20,0x8484fbedae4e9b2e26df44b92cd5f81b71c8150e,1033159.891579,190.422842,0.000214205,536252.011838,1.3674136893,427141.144541,0.6767978181,45660118.32
2026-09-20,0x337189f12dccb10013de352f56ba34dc91b580d3,298264.004326,14951.402969,0.0527548983,94366.844558,0.4625890119,166417.04806,1.0980828815,27844417.69
2026-09-20,0x2888be6982957103ea88ac10f4179df0a294e877,260688.175865,-9303.579576,-0.0344587543,112224.381232,1.1135218186,111253.088978,0.7866031255,6456725.04
2026-09-20,0xc3ff20a75d873e2e9f1bfaca6617b68669645c31,430807.30222,-1533.328048,-0.003546574,146775.589371,0.5167577518,223542.204249,1.0785327893,36653072.54
2026-09-20,0xbe10fd36393c8b677281d0bc2cf1bb8c98ad4b34,2800808.216707,88900.620928,0.032780384,956273.598754,0.5033723575,1474350.913208,1.0670891118,15951497.01
2026-09-20,0x078f98976f6a7e621fe5dc35fae8a664e084b280,446005.560698,8633.529819,0.0197395563,38501.909255,0.7912906699,41478.569255,0.9080159748,16475100.7
2026-09-20,0xea0027b6ea9b6d7d401b5266979cc3b3ca87a918,24253288.54634,-30599.80641,-0.0012600868,6466417.510381,0.3635500307,15408366.63624,1.1129254379,35879764.09
2026-09-20,0xdbe0780a5c5a0e3b345101bbc01ac2218196d6d5,6528267.67497,119146.195642,0.0185900979,1673107.039435,0.3446038484,3856539.110588,1.1188984068,1906106.28
2026-09-20,0xde5a8068836a16f92813104d7faf602bb0cbdf62,1282760.158573,52300.719981,0.0425050338,439097.135002,0.51785634,660515.936875,1.0264488191,3726196.27
2026-09-20,0x07423f74354aedab79af49892ba88c5ec73e57c2,395179.063167,-15346.119007,-0.0373816752,-22877.935159,-0.0547244401,235179.001258,1.3199923744,106650584.26
2026-09-20,0xbd334a55db91617545e8d1b09941e036ad8e4200,7583760.745027,-66595.966213,-0.0087049492,1454443.995649,1.0987577533,2235703.879597,0.7366433531,8100321.45
2026-09-20,0x4e28dee6193035725e993860bf8838d4e5326a9c,497173.522911,28256.710354,0.0602595377,186035.845234,0.452490383,304214.08018,1.0384170496,5829538.59
2026-09-20,0x04febde8d852931b73fd81c09904bb29d3a0e964,1029975.684009,12244.943414,0.012031614,264453.949865,0.345455835,564079.869382,1.0933860928,4212812.98
2026-09-20,0x718cc7ee2ae2493ebf7d454316df6b61f4e1a868,1316801.957619,43022.30876,0.0403009435,445753.887343,0.5117443027,696891.543872,0.9956867625,6907723.3
2026-09-20,0x109b448727cc4f07d93c808ab740abac600841aa,551409.234977,-12382.37774,-0.0219626853,249900.886859,0.8288357136,251875.384977,0.8408912214,28339458.46
2026-09-20,0x9471f70f2518846f7a076636d64e5a22787da105,1123897.687648,63981.382533,0.0603588664,532162.962869,0.806746347,635099.208057,0.8360310431,5086536.27
2026-09-20,0xfd28ee5ea23a5542db41cccc9cda49bd370434f4,3156499.266315,43034.759791,0.0138221456,960670.336696,0.43354869,1603514.728602,1.0194081779,16336081.85
2026-09-20,0xdd97539fe9a912166f037d81dcf35b3f0ce5c610,2193358.447856,-21168.922246,-0.0095591152,52729.935799,0.01678694,2156076.540702,1.2162117688,73258509.17
2026-09-20,0xdf86e049ab2c55e0ca43800f36bcf4c07c1ad177,250305.524693,13958.963321,0.0590614191,123448.017525,0.9731234696,105204.173993,0.7250392466,9509885.94
2026-09-20,0xd21d931890d27b6e7e2e668f27931e17698e90f1,8908581.8971,200328.787721,0.0230044746,4555961.408839,0.8431312707,4405066.973235,0.7930606063,67657794.65
2026-09-20,0x2e2b6070bec9be9f50887cfe306ac6ca93002fab,3792474.172898,25330.788219,0.006724137,1402848.95115,0.5870581455,2324713.017955,0.923109647,1972378.7
2026-09-20,0xb079d72d18c4b706f318b8fb6b85354929d0e9dd,267119.853099,-3254.384358,-0.0225255176,59385.592536,0.4841962048,89922.899169,0.9762504736,10625070.02
2026-09-20,0x8463d6ffcbfb56bf20ab2e1111f9a0e8359533f2,692056.291541,31222.823177,0.0472404941,495822.147418,1.219336139,354250.674621,0.5825683164,36887859.45
2026-09-20,0x43753b1ae949c13ecc02529adee1c2658ab6f43c,694963.478579,0.731487,1.0526e-06,84838.091565,0.1390502565,367691.959761,1.1235073589,1849951.77
2026-09-20,0x9546b9d4103be41ce13483a8f299d0df0eeb181c,3193101.882289,285207.598861,0.0903157526,2638852.664362,2.1039293978,693802.920183,0.1214059174,3580190395.09
2026-09-20,0x194a3c3dea1c9e90f164109fecc649767dc99870,429209.221362,1641.784013,0.0038389269,146043.658852,0.512855777,218717.750165,0.9264110983,4110918.39
2026-09-21,0xbd697846b0911baeba002a56bdc16f1f332d45fb,315465.429258,306448.485157,2.2272285626,391688.914171,7.4819164586,458331.469357,29.4813853097,42562425.14
2026-09-21,0x102d1d1a6240581a809bac9b9b4dff2eafe8c058,376651.292843,110996.62384,0.4178229739,317054.222843,5.319962368,355150.77321,16.5182413854,331350424.43
2026-09-21,0x5b5f798b94f54d33ba316c8b1c837e930c90c052,1086030.088803,518788.952463,0.9145827243,1567059.414464,3.5691254538,2556443.804689,10.6910709787,152374435.49
2026-09-21,0xb4a3349619ff3da514b42bd7a124947aaf2b9210,579509.4009,78417.48212,0.1564932085,482536.731305,4.9760075011,529981.288765,9.5212350527,20928943.87
2026-09-21,0xbf732ea04197942783e34730ed6e0f6099575d58,7874080.774391,1734113.27088,0.28242578,7619222.961725,2.1117828914,13687334.05275,8.4429005249,599710321.0
2026-09-21,0xe7795fce474d1eafd645a29e799a64f85dc26ba7,369921.564275,23972.182783,0.0692738784,354412.380942,4.0409504694,434424.827929,6.6849474807,12183838.2
2026-09-21,0x005a09b498f2a28b54652a70d7812e63414161fe,1690264.512688,-74967.565121,-0.0424652159,1159162.759571,2.1819235895,1501023.525016,6.1921678226,1753302.01
2026-09-21,0xb1da97a05c4e0757b08829b02f8e5a126dc17168,296654.696845,184512.640056,1.6453473865,243537.896845,4.5849504647,243537.896845,4.5849504647,12154410.5
2026-09-21,0x28280399d9afd68a3555c65ca6a75a1bd55693a0,399149.637131,205859.475581,0.9430542956,275707.881387,1.8573472134,388109.341411,5.876854724,3446492.76
2026-09-21,0xe77cdee1aa1affa10231654fe438b63ab0ab15db,2983061.183009,1758516.528547,0.9137312166,3213144.982029,2.6074414006,3745921.583009,5.3549773627,303788253.74
2026-09-21,0xfd65235129debccfdbdcfdf8aa96d3e125ec9d10,1057516.61075,253283.168917,0.3149373748,773103.201231,2.718237521,885675.495483,5.1540371704,26400769.9
2026-09-21,0x9bc920b65f5c119bad954214f9ac01b508a3e828,350305.88859,46235.209473,0.1520041629,283378.571227,4.2278071445,282770.155809,4.1807819539,32226040.11
2026-09-21,0x991e044d97b946fe549e92ac9bfa5119592a0e54,1857915.763162,4535.541229,0.0069264635,981695.601339,1.4296637383,1589664.313436,5.420805999,5002282.73
2026-09-21,0xd580b86a5db87c623763b058f3a12853bf30acb8,621909.342811,168100.310238,0.3704208118,417273.857028,2.0391080043,510965.777838,4.6056369106,15531049.99
2026-09-21,0x0752075607ff962ceac6802f11d89334076d9254,297714.359233,22898.101895,0.0833214968,224730.881139,3.0792021291,239966.486476,4.0257771669,4165417.93
2026-09-21,0x413042415510b6395667abe224505d0894ae67c9,419474.915532,-22193.344678,-0.050248901,210500.67845,1.0073044318,404546.077894,4.9864627681,19688743.28
2026-09-21,0xf1993943c9d3475aa28c6b933ec74fa7b9a1704a,346205.435494,20881.712196,0.0641874932,200738.705726,1.379963314,286139.525708,4.7637591227,10000435.17
2026-09-21,0x6e8fa9304880f4a428bfbc35166c7e2825574364,387758.194668,-26954.898344,-0.0649964971,319610.288582,4.6899755922,290048.086304,2.9684664631,2176183.37
2026-09-21,0x6311c7025ac2085cf1f4d3451987b38105971c07,353241.518622,3157.864576,0.0088932975,282879.573931,3.4345907566,273514.358671,2.9818252175,18046915.29
2026-09-21,0x470756b530bfa294b80dd4783a1fe13dcf3b3394,806368.197193,128098.587661,0.188860883,583196.42173,2.6132177802,617839.447935,3.2771634072,226153620.65
2026-09-21,0xd1581ae3dc981bfb70cceace6647a1c35df09dab,6383487.618018,4734974.751028,2.8722704238,4821032.869975,3.0855503982,4594274.988018,2.5677635575,800136525.34
2026-09-21,0xc786b3302e681745813f8011e816336bb5baeb75,920214.028836,77760.819404,0.0996293105,482849.322434,1.0557205336,761451.08,3.7942464466,197776927.52
2026-09-21,0x7f75db96ccc27922b50d6e102938814a67fa9edf,479953.630817,83423.981746,0.3647046104,295377.580338,1.6003028539,368910.724482,3.3222358515,12635389.12
2026-09-21,0x4d26bc95c771d1d0a5c5e76297c8f53ffe5f6c19,295373.187306,24527.415467,0.2134681868,135373.214488,2.6937123495,135373.214488,2.6937123495,1138089.85
2026-09-21,0x94b60c2a5db13689bb06a73657ac1216424de5b3,745225.440559,33512.258363,0.0695198944,314274.472277,1.2475113821,577297.837522,3.4377781084,47154569.79
2026-09-21,0x30afce2f6842bf183c7e3fe7162e279ff0b6393e,18651765.272384,941299.93439,0.0531493621,11089808.780601,1.4665263934,14343218.433351,3.3290155602,136794204.47
2026-09-21,0x4cae5bed586f6e73ae54ebd40a4ac4ed2c477c34,4540026.431304,-4187.356864,-0.00092147,2356695.90525,1.0794040926,3558304.939573,3.5074413864,8502651.85
2026-09-21,0x25ddff2f25a73b8dc3711871f09525ebdc6253db,388064.473065,165298.313819,0.5617306259,286003.263123,0.8866635364,409007.164725,3.4959670942,36089810.72
2026-09-21,0x1e7127c81c8a58661a0811f026b6be66533934be,706503.875401,-61094.319635,-0.1944740911,373468.397802,1.1228276745,556611.062718,3.3623367117,43600042.07
2026-09-21,0xa1be71b903206120fa2b2245e145a5d7be09d8f7,552152.385709,65773.903976,0.1346330614,226683.631756,0.4725974977,572841.773476,3.5393070493,22622819.5
2026-09-21,0x266b5569ed3017e74dd48059c6db804e016eefcb,2909560.059966,279965.039016,0.3479723342,1333065.516137,1.4604254942,1913157.819048,3.0002351486,8443997.04
2026-09-21,0x2fef2bd40f8dc6e0986a462c1117054faa965071,503990.441525,67642.63055,0.1532367752,378842.605981,2.3206592891,394444.243531,2.5473150646,17603081.19
2026-09-21,0x1b232b41b0e75550c59288b99874e4a8142fbe21,780764.354054,-35144.935402,-0.0430745622,623462.191232,3.963468652,497594.360305,1.7572284186,35911324.48
2026-09-21,0x12a101b3c28b0d4e611061980c8645c459663bf8,616936.084272,151176.116647,0.3245794554,361334.943878,1.4136671821,461460.259599,2.9680515319,6792946.43
2026-09-21,0x39c3492e9171872eac6a99d9c0b6dbae5d4ae959,1942009.508536,110591.142145,0.3649890324,481352.550379,1.4172176318,610759.637211,2.9050717315,6513215.49
2026-09-21,0x41c684cbde3e449cc67c70aacb6132e3eb25b06d,441387.366516,48197.104964,0.1225795999,150267.455042,0.5000885222,492710.003069,3.4001791034,56007498.15
2026-09-21,0x7ca519838f6d8dbbd8488b63f5f2cc461b89028c,701807.067748,237186.741713,0.5104958359,692554.969034,1.8261071498,785640.777775,2.5395164348,338424356.59
2026-09-21,0xedeaa967b0100a4df613533df634ffe6cb5fd773,1644893.150444,-62499.664874,-0.0366053226,938468.403841,1.3284761163,1225344.134208,2.8526293575,247429336.12
2026-09-21,0x634fe24f2f7396f5d967ec3936df04f49a3e6951,4041069.109671,6.676758,1.6521e-06,-180943.751452,-0.042855194,3149212.774394,3.5302846355,206921217.43
2026-09-21,0x5cee0ca5f78503820d857371bc018dceab01a723,6607703.263256,717365.792288,0.1217868748,5164245.543682,1.7251773793,5814801.691037,2.4818804853,90532114.87
2026-09-21,0x50b98497785b1768b8c029c198e68b7924c75e2b,673781.78062,357581.97663,0.6152479305,686632.753173,2.7177228521,614679.07062,1.8936292214,68437506.44
2026-09-21,0xa516541e599129095d14f7faf8b11ae670c837b0,3073481.490389,0.0,0.0,764419.638187,0.3310377042,2330697.857035,3.1373660051,66518875.59
2026-09-21,0x20438cfdd36d75e185d6601697eb1973f4aee79d,445487.678861,-10424.990633,-0.0276458541,238223.325043,1.0436291127,380044.497541,2.785368194,9115513.15
2026-09-21,0x926a8a1bc7fa22e2fdd4459c443158aa38adaf36,1952329.434256,441860.158436,0.2925317089,1125008.527694,1.3598212239,1143943.667512,2.4483991418,124957508.41
2026-09-21,0x3ab38dee6ba252823b3ceba95390726cf1962a73,366069.457915,-15081.034123,-0.039567138,166116.869647,0.8307812921,299499.419072,2.7365030497,2878886.36
2026-09-21,0x20b7807939c774a152b396beb704acac68fa10fe,754956.7977280001,389150.237545,1.0626562587,449321.842855,1.4682107736,519344.564949,2.2005108689,33377345.31
2026-09-21,0x1338a67b37aeaf796357d78501a0c3695c51c48e,2278520.247973,-40067.38569,-0.0172809451,886678.125115,0.6370536647,1671593.700545,2.754194404,6084718.55
2026-09-21,0x98e8118481aa01872142a7c447dbccd0528df831,834766.525829,8455.922647,0.0102333464,376507.513342,0.8216041651,744825.125257,2.6089546819,126645694.12
2026-09-21,0xf9faba57a81d1575d3e506dd3eafe7db6f2a3275,1164236.379471,247791.039735,0.2703827812,708749.595996,1.4304106984,839458.696433,2.1816719977,80943694.88
2026-09-21,0xbc6c1d4d92409d6dc0b8a55612f9565592f8ee5a,278676.661951,122314.040334,0.6225200758,227304.591278,1.5323431139,248658.651951,1.9581910012,4816701.49
2026-09-21,0xc3bf338a4cab9563b217ae2268193f066f8f9b90,502984.315131,196298.452422,0.6398549486,338250.390431,2.0520678073,313566.7,1.6545521347,43044281.41
2026-09-21,0xca810f64a0bbc8498dd0d714113c8518feeb8d29,585750.357325,26220.347808,0.0468613789,201170.337144,0.5230909735,382712.539641,2.5114808295,3536711.12
2026-09-21,0xcbbc60df1f1b062e5ce90715e1400a4acfe3985f,894573.697062,393439.203484,0.7611648228,534278.654603,1.4207592984,608750.088719,1.8359068147,13323431.06
2026-09-21,0xb2662fca65f6446b8b1898340118d44d680a4449,2683487.814393,276828.162321,0.1150258875,1206116.786228,0.8163939615,1844267.954742,2.1975980829,15597470.16
2026-09-21,0x0eba880f6be60142c70019d2dd46c49c47204eea,1505796.830977,-62072.58884,-0.0732628716,880386.737905,1.407695123,991136.367893,1.9258063111,166565706.93
2026-09-21,0xf124c3bd6544caebbf68824eab8c009b3f448196,388446.705743,17598.907624,0.0474558774,204922.333974,1.1165946626,313429.740913,2.043396226,34942126.48
2026-09-21,0xbed672966f600f4b09ed341d042891be865cb623,1244418.765396,56266.360019,0.0473561807,603321.156711,0.9410753504,845564.30305,2.1199820558,1257999.82
2026-09-21,0xef694e8a4ccd8af1235d9720be918f69399c6ea9,268214.749627,44796.29622,0.2005072472,187773.604579,2.3344026257,155767.467827,1.3852932626,15784304.9
2026-09-21,0x7b51c5d9366077e1b3c1cba383389752f486071b,625745.651595,224735.567288,0.5604237302,460960.966832,2.7973532097,326031.737724,1.0878098167,17565463.4
2026-09-21,0x06ecb2a427c3d51a66c29d9b4fb1960107d10b19,266271.842683,60921.507085,0.2528354079,199262.995782,0.9031571343,359675.141417,2.0766626042,6145341.23
2026-09-21,0x109b448727cc4f07d93c808ab740abac600841aa,793939.505874,238860.270897,0.4303174319,492431.157756,1.6332256166,494405.655874,1.6505835847,36456631.57
2026-09-21,0xa178a9ebc949245b2f453d87966c1653115b999b,943648.004787,-8878.624192,-0.0093211296,481083.293849,1.0227861818,636250.004787,2.018567665,30123708.74
2026-09-21,0xeb0f432beecf10dcc828fc1e36a3386caf634637,1940259.424299,19154.707168,0.0099706731,906589.041467,0.6527451138,1770356.157632,2.1788668033,52984914.24
2026-09-21,0xdff720130481e2ded32a0fa06bec909b9498e625,337515.08034,9407.261912,0.0286712519,106443.628663,0.4606524427,192288.943347,2.2410716616,12216137.44
2026-09-21,0x7e1ad5e2bbe30d6d202e7c41036ea0a07c560be9,2056114.486126,765313.323231,0.5928979189,1409752.272827,0.4072145879,3346475.749188,2.1669546469,403817233.83
2026-09-21,0xbba0681681815bd70f9075e0235e7997b7b519d9,253630.037531,53935.637546,0.2348147693,169877.622662,1.4933979455,227272.941614,1.6720932433,42266807.12
2026-09-21,0x48ec0004494081e8332589faf0747d568da79faf,426779.760221,85591.82731,0.1962269491,291703.099929,1.2678506633,334527.955791,1.7865120152,93035861.05
2026-09-21,0xffb285456daa57d757b9c9020a6302afe5a95ed6,404427.21458,8652.547541,0.023264831,246402.189412,0.9193253654,338305.504965,1.9208620317,6759039.13
2026-09-21,0xc4ee136107917e4ef2ae08aef468ce5eb55b25fe,642145.991765,377341.161765,1.4249783955,377341.161765,1.4249783955,377341.161765,1.4249783955,6814711.17
2026-09-21,0x17f0361771a9042d816cd007c731be15f05b094f,989228.291027,132773.348504,0.1550266592,513300.891363,1.0694909591,641300.287666,1.8065438878,28915222.36
2026-09-21,0x4a33475623e47320049e883f08b810bd338f9709,441741.179467,145734.708874,0.4923362432,196499.636828,0.8012494236,288296.991278,1.8788394313,38864929.56
2026-09-21,0xb85bf31a9540e631461f295fbe1a3c3d9b8800fd,567911.291954,94499.34354,0.199613347,266317.354276,0.8830328498,367447.393184,1.8329853676,65070871.68
2026-09-21,0xfa2dca328d8cc3b47dd0f9bce6933ca4531e08fb,1037384.681938,173769.301206,0.2012114479,660931.626196,1.7556813954,598317.4783,1.3627013663,17943055.02
2026-09-21,0x4b3cd947eb86a32dadbde2e9a873524615e66c92,501101.950206,62465.114499,0.1424073617,260066.370418,0.9353708278,341808.117749,1.7413084939,30093322.46
2026-09-21,0x9e2cbb5d800181c1ef21b25010dc4ea80eeb5508,3791215.364472,18183.442189,0.3998735069,1351850.382028,0.3809129061,4150221.895294,1.9309946932,1053674831.47
2026-09-21,0x66929dc2b1e82bd5d1d075e3ef8f04a9d519bce1,829220.643402,156035.876515,0.2338794378,471791.049449,1.3199551952,495951.370907,1.4881401072,28328857.83
2026-09-21,0xd2944617c67d7fe84b623c72341187ac89d79bd3,658564.646942,41673.773705,0.0675545311,351766.851551,1.1465755518,405509.295607,1.6024529553,9061463.26
2026-09-21,0x9fa84c1d6a4938b508c9054a48fc8729728ddbf4,425867.465597,233615.213613,1.5179851912,247995.043495,1.3942298675,237364.725597,1.1957695386,7157935.72
2026-09-21,0x739c52c1009e970ab30ea1f28401df41e18fcfb2,1407011.061107,415285.761898,0.4187507995,860858.920929,1.5762254253,791918.020033,1.287476695,13607910.11
2026-09-21,0x078f98976f6a7e621fe5dc35fae8a664e084b280,469598.02428,23798.086443,0.4764566342,62094.370408,1.2761625828,65071.030408,1.4244834421,16475100.7
2026-09-21,0xcc26f60bdc43a6f95fa0a632f935d539fb4044e6,474280.166725,-8901.233208,-0.0184221355,147028.154603,1.2389148312,285607.866725,1.5137774158,1209376.83
2026-09-21,0xcf67e4da9e9cd38c0afd26338d0fbddb3036eb24,3031959.490305,104074.486829,0.0355459612,1448218.337212,0.8888653401,1941493.99019,1.6714374509,29791998.7
2026-09-21,0xfe7e0a8b33061f13fa1f72774b164667c3b911b4,799024.472286,59530.601926,0.0805038854,117903.696108,0.1731024808,534061.966925,2.0156133646,4241812.95
2026-09-21,0xa55a9a19f5f5e18cbb6b5892d1659956663a1f35,1391617.584116,568911.714695,0.6915128916,720792.95321,1.0744901928,826339.062782,1.4618263946,10671935.62
2026-09-21,0x07423f74354aedab79af49892ba88c5ec73e57c2,534847.858862,123815.46241,0.3012304224,142567.730398,0.3634334753,361086.264001,1.8813587807,112309560.1
2026-09-21,0x85e14c3f5f5151f7d8acac2d001ef050fab63de4,1456219.328967,367134.922455,0.3371041953,704814.606964,1.146568306,830882.864465,1.4825658478,226835249.02
2026-09-21,0x3a7f29e8d0e3f8131670c3849ae37860512b62df,792133.416109,334489.379692,0.7304154069,444332.280221,1.2767219194,453593.696684,1.3389647801,10133946.3
2026-09-21,0x2ab7c8c121bba1b6b744664237ae00ded55ec2f8,1484920.825491,-66345.663337,-0.0427687079,435654.782409,0.4151995474,1030149.263418,1.8983360172,6549730.16
2026-09-21,0x2f58adc8b81f51b02acf65eff40d9f5bbb88bc9e,550559.335656,130771.441881,0.3115178971,267873.365281,0.9476004944,335885.521936,1.564632016,42739282.37
2026-09-21,0x5ccaf678b74464fac20f6cae8cbaa9b402010c45,1375469.814652,47284.030832,0.0527887496,528256.727116,0.6235228597,877105.555255,1.7599688154,4281979.18
2026-09-21,0x9af4274128bf812209132caa91c01dabbabc1f0b,318160.193904,-3485.613294,-0.0108368063,152132.697413,0.9163102536,221129.707027,1.6137145708,18584315.38
2026-09-21,0x4ee15239a08c7a790b591c509e604bff1dd4bd9c,698866.853621,206322.313644,0.4188906726,506538.569515,1.6218145947,444674.902509,1.1883604155,58790746.56
2026-09-21,0x625ceba7f2fa59a6b10cfaed5c54ebf3cd0501f6,299784.498753,-8604.185497,-0.0279004579,4960.747883,0.0446695851,173945.954366,2.044973291,5775015.33
2026-09-21,0x07b52ebc029eddaf2b42a97cc7ef95467ed0d288,304335.978344,2650.322654,0.008785047,165469.230933,1.1915684209,179671.368219,1.4412379587,1960642.29
2026-09-21,0xde6b2a06407575b98724818445178c1f5fd53361,2511544.048737,787024.450089,0.5971930271,1136461.57263,0.8264679337,1511723.60562,1.5119950995,15386596.66
2026-09-21,0xdbea0f1d234240e8f8a884cf0461371b3ec2dbcc,644861.462894,57700.796387,0.0982708817,233771.118368,0.568661175,428242.321977,1.7180698875,10727431.47
2026-09-21,0x613ead0ea5af374af0ccfc117ef116a8e8d133fe,858704.347846,102177.380349,0.1350432706,273114.917532,0.4663135501,563209.450764,1.7567636163,8815368.57
2026-09-21,0x456f1049c0f2ec990091bbd3f30af62aca3fcdf1,3011598.641774,-76743.315268,-0.0248493581,926652.746637,0.4444493014,1926487.516874,1.7753826983,43766696.83
2026-09-21,0xfdf891f2b214a4c9374d26595ec6d4080262e381,2671378.848032,511330.73896,0.2360074914,1106404.469725,0.6268671564,1780497.928472,1.6321652497,6680542.06
2026-09-21,0xc6758a779bccee1ef0190dbe8292fdf44076795d,3152361.215332,325606.630691,0.1151874423,1350763.70577,0.749758866,1973253.405712,1.5734935161,43523144.04
2026-09-21,0x75ed8c3d0ab4a1246d8ea316c76f1ec5c5fe69bd,255957.873929,39105.795666,0.1803339676,129316.689846,1.012333498,151939.619864,1.4080080605,4135361.94
2026-09-21,0xee16198171b3cf5c96af82e538d489f78935fb67,294433.939703,34418.898488,0.1276594152,53114.480852,0.2116794014,205627.442558,1.8077535569,21401237.71
2026-09-21,0x53f81d22b16ff1718ab8ee52bff0592685325f92,712794.155373,85757.443243,0.1356842753,282006.647804,0.6471196235,439989.833021,1.5838120491,59017049.61
2026-09-21,0x76a42772800e4be5764bcb6cbfbc93c0fd54e43b,326515.577645,126488.637027,0.6307240231,190624.94905,1.3075164252,180793.089305,1.1617339467,2454375.26
2026-09-21,0x9c6a5b4662c722d2c47f43d6c9813cb080ffa4ed,29620699.176019,4840984.936499,0.3839210157,8697679.61171,0.9937217835,13318768.477957,1.3550464338,3462446.84
2026-09-21,0xa8760cb7e4bc07af8560a2115f6e1b0874ccd243,286137.311956,123879.391167,0.7634720731,148792.0162,1.030806062,168491.985063,1.2607830245,32634398.61
2026-09-21,0xbb1ac608e3bf90b73fa782007878205644c890a7,779410.728754,61681.023242,0.0847581496,430695.553761,1.1524700697,500492.273642,1.2868028858,17546879.71
2026-09-21,0xff362f53805324725375113a6125ee64746bbf14,283613.49045,-4746.144288,-0.0164591146,71055.671963,0.3342886772,178992.503253,1.7108661278,6184237.15
2026-09-21,0x8484fbedae4e9b2e26df44b92cd5f81b71c8150e,1329032.593712,312990.90402,0.3219880454,816781.585183,1.7442652362,656894.762257,0.9421360235,47872654.09
2026-09-21,0x466669f8f1e45c216517244775c932b70327df9e,361875.636001,46.268297,0.0001278732,1776.236,0.0049326269,522536.246001,1.8608704153,9646395.65
2026-09-21,0x5b676c5b03f38557e6f21257732608d019cec66a,269642.447079,-19328.578504,-0.0668876005,499882.319391,1.0663925745,682149.456111,1.320553627,51805413.43
2026-09-21,0x68f33dd18add8ad4830d78ae66faa98d58f2310e,667114.563629,-6194.222303,-0.0514061687,259503.910718,0.6317574267,417449.789261,1.5296764255,7233172.99
2026-09-21,0x4b85bf981916936249a62b7e77f30e567997a395,979484.642964,-98553.386351,-0.0913853033,337784.886317,0.4880580914,632531.1698860001,1.5918601768,4494253.01
2026-09-21,0x3e470a0bf8460c3a8320327cf5db7deed3a3aaf6,1472397.136062,164276.233758,0.125581843,615245.441602,0.7177789481,868786.998411,1.4393181032,16982319.69
2026-09-21,0x5aa13316231716ea438eb243feabc296a9094b2b,1812314.247077,598605.424501,0.4932034878,1702662.094913,1.0577819778,1806332.618177,1.1994378843,52863543.66
2026-09-21,0x51a4cee5e31cc8f3bef1564b7a2d0005e2775a98,457736.683807,3521.958164,0.0101795901,184647.579158,1.120049022,251014.002623,1.2142547745,1331298.46
2026-09-21,0xb01d0612743a3401b16bef157bd69a909e3cd1dd,447829.416944,24909.189343,0.0562385454,173634.142854,0.4892942306,172982.293368,1.5154545917,35062557.28
2026-09-21,0x3d0acf9d5e0175444e389ba6a16b6b83f1933df5,491227.209046,45505.077075,0.1020702218,201272.983044,0.6939170515,286672.172764,1.4007637898,6801998.68
2026-09-21,0xdd7a372377fc633f74ab6e20963803d52f448830,7009325.893004,899021.970623,0.1471321201,2855832.314007,0.6875735474,4076085.786022,1.3896188642,37347519.15
2026-09-21,0x8d134fe41651db874e73cc019a0f572294b0d55d,349838.70132,56985.197042,0.1945860173,198033.783835,1.3045281215,180607.245324,1.0672203005,9961813.77
2026-09-21,0x9b864dde6ed1c21608b1665a0ac0faa4f7e36e6e,3044524.254037,-139181.12893,-0.0586862376,963493.640404,0.4481281951,2284808.618848,1.5322243929,4797724.06
2026-09-21,0xf8ae5f0d229618b4deead1b3901ed3134207b7d8,506763.498762,83595.552832,0.6567444645,156650.617793,2.8884886707,79228.663627,0.1853151068,20733570.62
2026-09-21,0xfb2986b5d3e5604a90396e83a1fedebd768c21dd,601005.139503,-39208.395868,-0.1532691483,311376.157149,1.0750863212,551433.912597,1.2265768676,25270045.31
2026-09-21,0xe98c1b647a1c9ea3ca029c3170d49b6854634245,292738.629714,69717.431469,0.3075026115,147386.866045,0.952138759,201164.886857,1.208567109,7078407.33
2026-09-21,0x558627b71365241665ef8902a1a3e0d1bfec3e3f,278286.426629,-14607.078142,-0.0327834104,217428.33693,1.0041908987,206864.73171,1.2334646811,3847818.65
2026-09-21,0x2137c0f5db95fae5b1f29af50fa1a343e9ccee83,725234.931311,-6021.779751,-0.0082348369,181570.345745,0.3324462086,485106.630628,1.5558327522,36283665.44
2026-09-21,0x9386b9538884d849943d77f1c5412de9e72b021f,1581311.141554,-66227.437296,-0.040195367,584077.878886,0.5856396259,930609.467467,1.42994326,159850185.87
2026-09-21,0xe4b3936f5594f8d5b352dd3540622f995d04f543,1451713.917026,626585.350112,0.511444555,1114008.819714,0.9783119206,1195457.177024,1.130716008,68547564.89
2026-09-21,0xb64460b8f4a2f521b815a209f053d35fb1977d51,1168330.177494,247291.841836,0.2684924528,418867.332859,0.5588900582,673208.389187,1.3596824157,2478244.38
2026-09-21,0x36764af31381057e722a003a69d089d54fe2c61b,401301.212082,74459.583943,0.2278154847,183591.058589,0.7041690338,237745.306791,1.2927911822,6259453.41
2026-09-21,0x8c78ab4057ceca8f8f537b4f8cf7dab08bc22db7,478968.319407,12806.914942,0.2057113221,97165.018222,0.88965137,109539.318371,1.1873010927,6262357.13
2026-09-21,0xdf4b79c5cebf5be025f9a0658a38a5440689c147,909711.715735,226432.677402,0.5048610888,434676.588193,0.9146558472,479969.12522,1.1163533272,26544883.58
2026-09-21,0xc5a1844c09eff6935f6e914df70e21ef425b8fac,383923.475239,36016.998965,0.109030245,141020.986448,0.5803273339,220470.72746,1.3481810091,14588061.22
2026-09-21,0x0c1f6941fdcde9488dfd36ca16fed6b3bc49672b,869886.83452,-26549.615646,-0.0674854654,345664.686565,0.6593858881,496402.225539,1.3291102594,90873278.81
2026-09-21,0xc3baee00470d78c489b623f405e57d5d99bc0f33,644744.614223,-10198.058077,-0.0155709171,270104.38359,0.7209700441,337273.617782,1.2833990531,3942716.23
2026-09-21,0x53969485d7422b35c7fe5a4025498f9b69268b79,3514399.241784,1247080.525566,1.0822250786,2254546.576652,1.1980462756,2106698.934621,0.8575319214,97331489.88
2026-09-21,0xc568587857cc2895a3d83d00a05365ea92c62def,282172.673271,117147.813,0.7098797891,214180.31933,1.8105144102,138115.218697,0.6118802531,77423335.16
2026-09-21,0x153c8444380512cabdc34f6cea09c322e14e319a,5572190.80825,791904.833354,0.1656605562,2940373.241472,1.1172405256,2850714.080904,1.047487951,3703964.62
2026-09-21,0x90d0f816061ac0f35f0fb5a441bad34e3964d37d,267432.204669,40222.590969,0.1770285624,109729.904945,0.6958040961,148624.725159,1.2509711331,4933928.24
2026-09-21,0x8ecec0c9367490d2044aaff4030ad0becc33218b,951376.397973,96250.41998,0.1755388825,275960.278475,0.4852160931,592787.943889,1.3471470246,15510443.02
2026-09-21,0x628132322864e09b888f053cd32ea2634373e9fa,272949.922766,96790.128551,0.5494450591,169394.845903,1.6357947001,109620.398193,0.6840159413,3656931.26
2026-09-21,0xafaca2cae451403775504d63c57b400615e621cb,352797.211305,-6052.844685,-0.018649026,114541.846973,0.4807524368,199814.28323,1.3347743289,3791744.89
2026-09-21,0xf3cf44e15aebfe9c810115f78e8dbfe28bb6a4b5,807210.494413,282136.945956,0.537328431,392113.556976,0.9446312936,373099.65,1.0041270441,9520353.61
2026-09-21,0xc3ff20a75d873e2e9f1bfaca6617b68669645c31,507193.985122,79816.966889,0.1867600818,169086.977029,0.5000990011,284265.180989,1.2751388592,33538570.32
2026-09-21,0xacaf2b49c521c83d80bfe5876a8e2418c99dc435,311947.915536,-10868.703224,-0.087056129,141879.098267,0.8342452223,167050.169221,1.1528831432,3151931.26
2026-09-21,0x3a23b10845e911b6944d9dc2f1f480fca3af35d6,847280.050734,144788.504056,0.1782030898,450030.494416,0.7151860337,581086.72635,1.1663880223,4950534.12
2026-09-21,0x8ab13dbc3d2ab5ea4c4b37f40696254a730015ef,3317551.09352,462392.38625,0.1619498016,1682031.239408,1.255169448,1428512.734302,0.8964052366,309032422.4
2026-09-21,0xd9ad5e8a0248e12c7fc44ceab922e367d059d7ff,626283.5478780001,130542.010234,0.2632736519,296355.307745,0.8979695643,318509.890725,1.0345474245,1949380.51
2026-09-21,0x350e33a777d510616fbdb483d1de3b50d1edfcfb,5756517.684197,-931437.994219,-0.138022863,3607460.754464,0.5565485986,5640971.798063,1.2681093919,646742061.29
2026-09-21,0xab7fb756330e3983e676f44c03dabda9120aa273,642393.407626,214209.527974,0.5002746207,301027.041367,0.8818298202,426968.885307,0.9960275735,14173246.54
2026-09-21,0x874226b22939904f436ff0434e1fd0ab257c8427,1087133.691323,13.399038,1.23253e-05,273753.83391,0.3365633307,624119.847166,1.3479507255,47590143.13
2026-09-21,0xd818afacf5c59dd3c914f9ab045642e6c378183f,258817.184743,60556.381858,0.3046845715,120699.454177,0.8643756504,132428.780774,1.0257095605,3218019.36
2026-09-21,0xdf86c7c9069e9bd5bac9d97e21f9aa10f728fb86,736960.672991,113400.75731,1.9283738418,103299.509862,0.1630201058,492177.715458,1.1038251722,78496378.49
2026-09-21,0x597568694fe6ee1b701ec8578bd57102c9a29abd,3494324.965814,-47907.381653,-0.0135246299,806613.719003,0.3001117475,2155124.147091,1.3561056109,61281916.06
2026-09-21,0x48d603762adf3aa0be6f8c05f621451070a3487c,572895.05112,51063.868965,0.2233522515,113599.981926,0.6839717277,168261.629392,1.12187783,3883068.69
2026-09-21,0x24fb52e17e3d4fd62a119b8f53c1a3f3bfe65c2f,335386.208784,-38473.401742,-0.0998781882,293906.244778,0.9896130574,435997.059458,1.0217868697,19324742.38
2026-09-21,0xeadc152ac1014ace57c6b353f89adf5faffe9d55,21369639.727629,4999487.515351,0.3054026285,11972563.776375,1.2740733222,9369000.464261,0.8017035717,24180879.82
2026-09-21,0x00532b2e10626ed952d6664b9c6848646b227b57,491358.665504,22482.507258,0.1857035521,218331.794018,0.7183345887,361184.476245,1.0991783838,3918986.06
2026-09-21,0x230963164d9637a4c536270a06b4e3636d44a2d9,2247915.535408,-14911.958264,-0.0065899669,483399.071199,0.2739555459,1291935.769958,1.351425853,2000150.86
2026-09-21,0x0c5d0549a1f7ad185286a08bfc10f8e9a1c936b3,13040263.258778,1541824.054532,0.3492039301,2490721.81145,0.7185417845,3040261.659509,1.0423219127,27304247.93
2026-09-21,0x07aa5fbcf73fe9ce5ee42508be7185eeca77e134,325452.333024,71719.753376,0.2826588272,134437.094647,0.7038029834,166891.793024,1.0525430414,27671613.62
2026-09-21,0x7491180d3e43719bd8a53cdfbef27a1527a1d90f,996976.630758,74849.778879,0.0784130209,327424.185151,0.4665547054,562068.059466,1.2043075434,45413674.34
2026-09-21,0x5740affc8faf8913f9f2d5fbb9bdc6e8119ea9da,2893839.440748,173240.75681,0.063677439,588367.08164,0.2552045698,814818.853852,1.307463629,5298398.15
2026-09-21,0x099691c206cb8ceaa41d3b9e55aaf859b2d3f78d,317709.533273,65778.013713,0.2610948159,123346.511586,0.5486607369,191663.300642,1.1165935714,1823660.51
2026-09-21,0x66d47066ed2db09e06a21f1e4e03c8384c5af245,253779.309976,4779.019277,0.0171290835,152376.846578,1.1551360853,121241.521036,0.8500428197,6702140.22
2026-09-21,0x5242739cf086d71d65b0c557d2531769156369ab,415579.966403,38313.116139,0.380289332,135098.352976,0.4806374609,250044.777432,1.1245821962,1273294.7
2026-09-21,0xe6a90b07af76c504c1dba4cc45a12c4dc6b1ea68,422041.425563,12795.686214,0.0312665105,121659.619917,0.4050166076,252733.694646,1.2094967415,4169509.45
2026-09-21,0x77ddcc4b6440b3a32b7802f053105c2fad3ae0e9,12871742.324081,2979292.612965,0.3011683354,5243565.014953,0.6873942231,6491743.124081,1.0175147238,254220147.87
2026-09-21,0x5371c4517b448006941ae335e5cafd54af573c11,2175622.312233,60972.856986,0.0448492807,949574.664185,0.7745006205,1089692.092932,1.0034641946,15072285.95
2026-09-21,0x47818abc02d61af1e586d3ceb035591aeae4548f,1306261.378092,362246.888481,0.4038736002,426152.511797,0.4842043162,667670.623536,1.0885042464,3670537.2
2026-09-21,0x194a3c3dea1c9e90f164109fecc649767dc99870,481312.531811,56077.512511,0.1318431618,169399.715729,0.5403278982,266133.696403,1.1053035731,4121003.02
2026-09-21,0x86d2161a18a6eb5be550d5253496e5a161cdf731,370708.413916,-18461.991615,-0.0474393514,107461.980924,0.4082181844,202151.423411,1.1993060792,9121891.569999998
2026-09-21,0x8bae3527e5a33fa0cf184f37bc112d071463ab6d,4536013.031062,134831.126663,0.1315381665,183107.558706,0.187464645,658562.662952,1.2798329646,17663840.12
2026-09-21,0x6f5c0b5e696ecc523f6287eff09144e080dc18be,649638.10058,161181.778562,0.5681932006,328600.547541,1.0235579745,291376.144472,0.7869433933,5172397.78
2026-09-21,0x9466140c8781e253fe426c87ac17ccba500140ff,536788.2233,56926.893517,0.118607688,239821.841961,0.8073049817,285350.373643,0.9658004423,4201901.85
2026-09-21,0x9b220c39d91cabb77132d1e7a4f30c6501aa3aaa,473601.61573,0.0,0.0,94242.416009,0.2484252816,263039.475138,1.249224929,7195845.12
2026-09-21,0x12f4046a5d727854374c63925be7bfe6a9589fbc,342059.343023,55143.563541,0.1921942517,85998.316464,0.3358508619,118560.961741,1.1677355563,2688534.46
2026-09-21,0x5f6eb0dceaae65eca27c926bdccb0a7fb13bc25e,280355.472456,4666.571075,0.0162455486,143674.99978,0.9691800866,136335.579343,0.8762868125,73163410.41
2026-09-21,0xf08208e088f89970068dc0b2deaa440f6a7d0250,690862.942935,57959.502173,0.3879565857,87931.702333,0.7362942477,99182.328819,0.9168772808,2423917.15
2026-09-21,0x4e28dee6193035725e993860bf8838d4e5326a9c,507402.680856,68156.666032,0.54501449,212105.146809,0.4763223027,330688.965915,1.0121673832,8457036.18
2026-09-21,0x422d82d5e532fccfadc6a72d8c6b64727892239e,1524563.699492,-82046.143986,-0.051064714,363027.31179,0.28774221,1161643.521779,1.2000133497,4818738.9
2026-09-21,0x6f82345d9d659b28648d2e57dd0a1a2d680141c6,271865.881229,59606.627868,0.5078173895,85184.797534,0.9279399231,119426.156943,0.7834319926,2924890.14
2026-09-21,0x64702807a1f0f9888ea22b858099d7f481227b55,3537280.934134,409884.627838,0.1310625798,1334495.10364,0.6058215398,1895089.727339,1.0070938995,80318132.82
2026-09-21,0xe676708ea7611c93ee106b1d7a2c6f721fc10c18,580320.649443,29745.842261,0.4735897352,115068.045455,0.2473238075,139158.807281,1.1223855736,1009258.78
2026-09-21,0xd26bfbbc1581eac337b5d05b5383c551a99342ac,280008.023401,41605.955774,0.1743745279,111452.771953,0.6604438344,137101.102247,0.9580381488,10746859.49
2026-09-21,0xd21d931890d27b6e7e2e668f27931e17698e90f1,8989080.421133,1285359.68755,0.1476793347,4614187.244362,0.7180616169,5329693.864937,0.9333332888,68710059.21
2026-09-21,0xcd81917ff5313d02d7da3d47a9afcd3f635c36e3,340399.750292,54078.703829,0.4988951735,181091.965732,0.9566007344,159372.753415,0.7552244773,5269346.51
2026-09-21,0x0d40d13ffbba30026bc71abac703b60144247837,343604.515582,47250.467324,0.1593854683,84116.290781,0.3240368905,182175.405582,1.1254837659,34709835.59
2026-09-21,0x9fde8e59c61c290c435c2d953e70a3873e06a572,513570.02313,31799.589517,0.0654621758,142549.252189,0.3801102852,282779.35494,1.1098497325,14863121.2
2026-09-21,0x186db447f4de2f258ec100aa194b6e9974a46482,2343228.733288,724467.882207,0.4475447264,1343168.314818,1.3430871675,895952.767316,0.5612997933,285936258.68
2026-09-21,0x146c7c66d5045344e1bf6731849622d2edd450d0,337943.666045,124031.390008,0.3951148122,183561.845176,0.7215996982,203388.325251,0.8671229764,108437903.5
2026-09-21,0x0a506b1e47726e769949086ea60b5b01cbaf956a,347869.346784,25130.982767,0.0778679747,60751.177694,0.2115894577,190095.656233,1.1669579663,24030128.33
2026-09-21,0xa19ed0ae46e89461e56063f1ed268a0dc225745f,608542.592627,122906.734336,0.2530841416,236731.609731,0.6366988083,291143.477786,0.9172787956,7510186.91
2026-09-21,0xbe10fd36393c8b677281d0bc2cf1bb8c98ad4b34,3133561.541306,358002.400066,0.1280565678,1105497.71393,0.5256107308,1591823.395666,0.9844680469,21176432.35
2026-09-21,0x2718f952a15702336c31baa335f907edc0ed2fb0,302543.403356,2310.256859,0.0076948761,111019.165026,0.579619956,152511.626889,0.9711308343,3261115.55
2026-09-21,0x55a0b2d5ee94017d9fbe7c71c767c313cae90be9,388820.559048,4354.083523,0.0113250018,136162.45269,0.5389197863,197834.481057,0.9692859626,7988142.83
2026-09-21,0xbe1e9f1119e583c9547258eb7c7553219cf80875,374977.707529,33671.480097,0.0986547487,174099.445441,0.8666913166,165086.915943,0.786537202,3699993.08
2026-09-21,0x3f240a16bb7c34302cab342227207acc3d9e0d4d,691589.943651,122255.117811,0.2146597285,279573.584048,0.678228723,319089.545388,0.856167119,359509013.02
2026-09-21,0xf08ce2742192a08dd7258880da2c233c56d72b57,378347.487601,61802.195969,0.2023851436,147820.063844,0.6412255056,176469.595472,0.8741402717,25772316.52
2026-09-21,0x2888be6982957103ea88ac10f4179df0a294e877,281751.369782,20666.18992,0.0791549713,126184.728096,0.8111297302,122077.177253,0.8067289348,6811046.5
2026-09-22,0xb4a3349619ff3da514b42bd7a124947aaf2b9210,688960.674087,133827.229032,0.2410721786,632463.358002,11.1945735095,661158.376462,19.4817798465,21864012.7
2026-09-22,0x102d1d1a6240581a809bac9b9b4dff2eafe8c058,328422.561948,-83358.860799,-0.2024347292,241017.671948,2.7574849868,312195.752669,19.2395034231,337373394.26
2026-09-22,0x9bc920b65f5c119bad954214f9ac01b508a3e828,344980.51991,-21317.750432,-0.0581819079,270552.105723,3.630187341,312957.077129,9.742333697,28079916.33
2026-09-22,0x5b5f798b94f54d33ba316c8b1c837e930c90c052,1044157.634144,-118835.277937,-0.1021805694,1639530.803333,2.5998430819,2495267.330402,9.6557275482,152766157.28
2026-09-22,0x5e4d88da95471279b5d1c438404bde4f59788cb8,253048.309864,36979.136338,0.1711448965,226949.621065,5.5220647592,238767.824637,7.3967554208,30331619.29
2026-09-22,0xfd65235129debccfdbdcfdf8aa96d3e125ec9d10,1321131.171447,226990.147053,0.2074596802,1140735.620134,6.3235241215,1149298.9136,6.6884933481,26400769.9
2026-09-22,0xe77cdee1aa1affa10231654fe438b63ab0ab15db,3442550.866051,131693.121945,0.0397761342,4191431.657757,8.1624561319,4005411.476051,5.7259308043,336441039.74
2026-09-22,0x28280399d9afd68a3555c65ca6a75a1bd55693a0,414522.178755,-13194.781777,-0.0308493303,379412.759118,6.3120349757,403481.883035,6.109629832,4086252.15
2026-09-22,0x20b7807939c774a152b396beb704acac68fa10fe,935927.133294,116502.985763,0.1421075268,865637.405839,12.2458206426,694170.671182,2.8666361989,34169015.16
2026-09-22,0xf1993943c9d3475aa28c6b933ec74fa7b9a1704a,436679.880289,96985.804854,0.2855092895,318278.338633,2.6881273788,382524.987971,7.0635351969,10000435.17
2026-09-22,0x005a09b498f2a28b54652a70d7812e63414161fe,1802825.532387,125469.152843,0.0748017263,1412992.97803,3.264525655,1613346.178289,6.6532583312,1753302.01
2026-09-22,0x470756b530bfa294b80dd4783a1fe13dcf3b3394,852496.433558,90902.485801,0.119358204,765865.788825,8.8405897525,663967.672998,3.5218381875,259707862.82
2026-09-22,0xbf732ea04197942783e34730ed6e0f6099575d58,7644615.629652,-552612.225152,-0.0673315587,7351662.714389,2.0108191715,13159745.061332,6.8210309153,605801188.51
2026-09-22,0x413042415510b6395667abe224505d0894ae67c9,473252.535679,65291.60114,0.8502843803,344259.420215,2.668820107,460236.446206,6.1351697941,19485555.67
2026-09-22,0x6e8fa9304880f4a428bfbc35166c7e2825574364,458367.643894,80858.486072,0.214189469,396403.654898,6.3973230472,360657.535218,3.6911114001,2176183.37
2026-09-22,0x991e044d97b946fe549e92ac9bfa5119592a0e54,2021134.686643,172467.421483,0.0932928411,1379840.382884,2.1516460574,1695730.019595,5.2111272297,4679827.41
2026-09-22,0xb1da97a05c4e0757b08829b02f8e5a126dc17168,265679.622216,-67051.102035,-0.2015176151,218697.970655,4.6549655746,212562.822216,4.0018002255,13530659.0
2026-09-22,0xd580b86a5db87c623763b058f3a12853bf30acb8,638801.46115,15631.940866,0.0250845723,486736.240107,3.2008386715,523028.975276,4.5177312323,15751127.43
2026-09-22,0x6311c7025ac2085cf1f4d3451987b38105971c07,366862.826629,7290.129496,0.0199963589,326724.515167,5.7181188784,289575.147136,3.0711826616,18314273.11
2026-09-22,0x30afce2f6842bf183c7e3fe7162e279ff0b6393e,20402424.223015,2043543.917443,0.1115173321,15516441.10288,3.1627587627,16541296.988541,4.2619829947,115241933.86
2026-09-22,0xd1581ae3dc981bfb70cceace6647a1c35df09dab,6122056.541042,-839960.586547,-0.1206490262,5254056.600639,6.0530610154,4332843.911042,2.4216484047,800136525.34
2026-09-22,0x5cee0ca5f78503820d857371bc018dceab01a723,7067251.86477,448460.1483,0.0677555916,7256451.280207,5.3324868923,6274350.292551,2.678025559,90532114.87
2026-09-22,0x1b232b41b0e75550c59288b99874e4a8142fbe21,1022448.458006,236595.156285,0.3010678402,901516.901675,7.4547696981,623999.776632,1.5660731377,35182496.78
2026-09-22,0x12a101b3c28b0d4e611061980c8645c459663bf8,620548.414879,-13700.945465,-0.0216018278,510254.118613,4.6262965166,465072.590206,2.991285566,6792946.43
2026-09-22,0x020ca66c30bec2c4fe3861a94e4db4a498a35872,12178811.407829,-1152942.772944,-0.0864809505,11088581.775679,10.1708680893,1998966.872894,0.1963651671,3648626706.68
2026-09-22,0x7f75db96ccc27922b50d6e102938814a67fa9edf,522093.555423,40589.758702,0.0842978996,394455.457218,3.0904209853,406139.442388,3.5025876337,12866652.66
2026-09-22,0x1e7127c81c8a58661a0811f026b6be66533934be,780675.55343,60676.917845,0.0842736567,577433.07955,2.8470065059,617572.267025,3.4548847349,46290006.65
2026-09-22,0xc786b3302e681745813f8011e816336bb5baeb75,996785.91587,76571.887034,0.0832109538,527555.018744,1.1242972745,838022.908736,4.1757974047,205314212.21
2026-09-22,0xf9faba57a81d1575d3e506dd3eafe7db6f2a3275,1146394.345227,13490.451214,0.0119078514,971721.523097,4.526523262,839795.944067,2.2907790689,75225625.73
2026-09-22,0x4cf7e47900fcd74f1066e98a37ddcea87616552e,472148.569309,20858.935132,0.0462104887,229162.574545,0.8927854816,403910.618606,4.098489573,1022712.66
2026-09-22,0xedeaa967b0100a4df613533df634ffe6cb5fd773,1815015.253642,245125.192228,0.1561416294,1284593.632109,2.4218349704,1386867.374625,3.1652951915,272083388.2
2026-09-22,0xcbbc60df1f1b062e5ce90715e1400a4acfe3985f,899308.892795,-31918.238313,-0.03254817,774191.180524,4.0684121728,680570.328204,2.168014838,12127555.66
2026-09-22,0x266b5569ed3017e74dd48059c6db804e016eefcb,3138753.981909,247757.486664,0.0856967199,1833213.755638,2.8561933705,2037824.719356,2.745668539,8587073.96
2026-09-22,0xe7795fce474d1eafd645a29e799a64f85dc26ba7,329239.387613,-54260.059504,-0.1414497855,290088.997445,2.6052841248,338855.205223,2.8267860466,26645161.27
2026-09-22,0x2fef2bd40f8dc6e0986a462c1117054faa965071,531739.388404,20573.258774,0.0402398234,453685.628634,3.9059056679,386662.500094,2.0310278041,17877098.7
2026-09-22,0xa1be71b903206120fa2b2245e145a5d7be09d8f7,589025.788368,21936.124945,0.0384183923,416095.728672,1.2653338278,590404.811573,3.2282252513,22458047.79
2026-09-22,0x4cae5bed586f6e73ae54ebd40a4ac4ed2c477c34,4876072.957602999,407547.605893,0.0917436719,3187904.514955,1.8772604854,3648948.358413,2.8734032587,8203281.14
2026-09-22,0x3ab38dee6ba252823b3ceba95390726cf1962a73,403217.570361,28574.379109,0.1063243388,224923.755335,3.1067707458,308215.649814,2.2354242695,2878886.36
2026-09-22,0x4ee15239a08c7a790b591c509e604bff1dd4bd9c,699008.257092,59711.042022,0.0866259731,721051.71884,4.8734021988,494816.30598,1.3223595658,68670702.43
2026-09-22,0x7b51c5d9366077e1b3c1cba383389752f486071b,749160.60911,111040.780095,0.1740124269,597995.304319,3.9559031429,462165.461921,1.6103598491,17463204.19
2026-09-22,0x1338a67b37aeaf796357d78501a0c3695c51c48e,2471229.822414,148232.469294,0.0638108665,1230585.375816,0.99189206,1864303.274986,3.0717115323,6084718.55
2026-09-22,0x7ca519838f6d8dbbd8488b63f5f2cc461b89028c,587925.953581,-103457.876419,-0.149638843,736069.962224,2.5226208362,730232.770246,2.2761094309,338651109.66
2026-09-22,0xeb0f432beecf10dcc828fc1e36a3386caf634637,2110441.089733,131412.171755,0.0664023504,1237672.411719,1.0078888287,2047540.159235,2.9022128075,54278109.24
2026-09-22,0x2f58adc8b81f51b02acf65eff40d9f5bbb88bc9e,557992.413156,22966.176732,0.0429253281,430310.987932,3.370192549,352553.043372,1.7160928976,44571904.54
2026-09-22,0x20438cfdd36d75e185d6601697eb1973f4aee79d,425924.03735,58090.667059,0.1342102289,319074.451389,1.6545248633,401867.659782,2.510788016,9288614.55
2026-09-22,0x98e8118481aa01872142a7c447dbccd0528df831,838693.365265,-20427.808098,-0.0237775633,479106.246058,1.3323787768,748751.964693,2.6227095161,128382218.41
2026-09-22,0xd2944617c67d7fe84b623c72341187ac89d79bd3,798353.5190399999,121725.543837,0.1799002529,545859.526326,2.1618713398,537532.581755,2.0609257345,9046471.84
2026-09-22,0x53969485d7422b35c7fe5a4025498f9b69268b79,3434814.781451,-60730.240888,-0.0173736114,2972497.944757,4.35010201,2194979.030916,0.9941767771,96943912.52
2026-09-22,0x926a8a1bc7fa22e2fdd4459c443158aa38adaf36,1911600.434644,-121017.533249,-0.0595377662,1178725.276983,1.6083575281,1103214.648532,2.3612262347,127887290.52
2026-09-22,0xa178a9ebc949245b2f453d87966c1653115b999b,1008677.505937,48831.511664,0.0508743194,653716.305364,1.8020531214,701279.5059369999,2.2248803523,30494369.16
2026-09-22,0x0eba880f6be60142c70019d2dd46c49c47204eea,1465889.97137,-42072.41616,-0.0279001761,1071229.560654,2.7143071146,931507.548303,1.7431478059,182742429.6
2026-09-22,0xb2662fca65f6446b8b1898340118d44d680a4449,2860334.95924,293772.436797,0.1144569784,1583340.307842,1.2397987151,2021115.099589,2.4080391717,20509200.12
2026-09-22,0x94b60c2a5db13689bb06a73657ac1216424de5b3,797491.259762,51074.631671,0.0684264387,413568.525507,2.0103265046,526199.2198,1.9396043462,46883975.57
2026-09-22,0x66929dc2b1e82bd5d1d075e3ef8f04a9d519bce1,941103.642196,143930.797954,0.1805515567,643004.122105,2.1570115977,606688.602764,1.8141785842,29904877.98
2026-09-22,0xbed672966f600f4b09ed341d042891be865cb623,1308488.932498,46792.476763,0.0370869527,743960.844606,1.3178455786,900694.698086,2.2086989518,1257999.82
2026-09-22,0x48ec0004494081e8332589faf0747d568da79faf,428937.756383,16076.333293,0.0389388119,306216.316188,1.4064578786,358103.562087,2.1594046495,95590525.75
2026-09-22,0xca810f64a0bbc8498dd0d714113c8518feeb8d29,619020.160226,29376.074173,0.0722038265,260418.418261,0.7262051122,405594.53929,2.4917799653,3536711.12
2026-09-22,0xff362f53805324725375113a6125ee64746bbf14,335976.917739,47016.735513,0.162710084,207592.026169,1.61695059,224813.237275,2.022362307,6370775.95
2026-09-22,0xcc26f60bdc43a6f95fa0a632f935d539fb4044e6,504880.411695,27463.3748,0.1021551014,204493.184198,2.2273479765,316208.111695,1.6759646842,1209376.83
2026-09-22,0xef694e8a4ccd8af1235d9720be918f69399c6ea9,264382.261448,9431.754916,0.0369944545,183941.563779,2.2866729045,152212.520792,1.6203237274,16574726.66
2026-09-22,0xf21d494bb47339f399267c5519cbe11da0753b2d,2238858.51014,203514.590992,0.1006200213,1007271.990868,0.8264131798,1661182.455535,2.3146689163,7508779.28
2026-09-22,0x0884051c662892bfcd8a132d1404ab8a3a409cea,753095.937572,24266.578164,0.0377007564,627905.103605,5.015583679,136489.181294,0.2213553126,125056890.35
2026-09-22,0xfa2dca328d8cc3b47dd0f9bce6933ca4531e08fb,1039331.814246,11855.176237,0.0115381468,759131.52553,2.7092460504,600264.610608,1.3671360685,20062604.78
2026-09-22,0x634fe24f2f7396f5d967ec3936df04f49a3e6951,3455142.826642,-4595.282052,-0.001137089,1879314.200596,0.8711178986,2801590.977199,2.2683433557,211859243.87
2026-09-22,0x3e470a0bf8460c3a8320327cf5db7deed3a3aaf6,1596144.882094,97513.707126,0.0650685164,980178.702237,1.5912865581,1043443.571817,1.8878977712,18122573.55
2026-09-22,0x1add90cfe379ad9c56c36522a3a4d33e89032671,753687.8772819999,170021.651817,0.2863929369,687014.750128,4.7519653237,201325.921998,0.2610170798,64001384.89
2026-09-22,0x69c81f39d66895328ad7e94ad8ec3cf4c0da0b52,311560.13555,90989.063791,0.4125158529,237625.569371,3.2139982913,152997.181381,0.9648986561,47084069.49
2026-09-22,0x4b3cd947eb86a32dadbde2e9a873524615e66c92,498460.031752,5873.458968,0.011923709,318805.211324,1.7745430407,339166.199295,1.7278494951,30093322.46
2026-09-22,0x47818abc02d61af1e586d3ceb035591aeae4548f,1254055.347585,-130169.050036,-0.0940375349,860827.131666,2.1891285946,742752.9126,1.5279986955,3670537.2
2026-09-22,0x3d0acf9d5e0175444e389ba6a16b6b83f1933df5,531969.489759,39525.909327,0.080248691,323291.06642,1.5484951863,342659.243633,1.8090931691,6064001.27
2026-09-22,0x9fa84c1d6a4938b508c9054a48fc8729728ddbf4,428551.355846,-14536.165728,-0.0328065337,313506.59624,2.7250836745,240048.615846,1.2092901416,7157935.72
2026-09-22,0x4b67337795c5e1ca1aaea307f57b79419c632c88,271526.593522,60621.370553,0.2874341835,204193.664912,3.03259741,135022.733522,0.9891495634,1455156.34
2026-09-22,0x85e14c3f5f5151f7d8acac2d001ef050fab63de4,1886563.714256,482956.52064,0.344082392,1227986.990807,1.8646073374,1144034.559976,1.5407267895,240043772.51
2026-09-22,0x7e1ad5e2bbe30d6d202e7c41036ea0a07c560be9,2053659.195056,11975.940946,0.0083570645,3349395.354264,2.2037798953,2853824.999816,1.4027036133,386549776.96
2026-09-22,0x5aa13316231716ea438eb243feabc296a9094b2b,1692860.751327,-68149.427763,-0.0386990539,1804971.667513,1.3005148524,2076044.815911,1.8588944616,52863543.66
2026-09-22,0xa8760cb7e4bc07af8560a2115f6e1b0874ccd243,269322.460312,-24115.417185,-0.0821823597,180513.252017,1.8840906463,174398.431246,1.5722980299,33015065.45
2026-09-22,0xcf67e4da9e9cd38c0afd26338d0fbddb3036eb24,3253007.685709,214946.367052,0.0707511615,2009558.245859,1.5590091531,2093998.025678,1.7022774466,30013021.43
2026-09-22,0xa55a9a19f5f5e18cbb6b5892d1659956663a1f35,1263342.36197,-131305.485872,-0.0941496467,939204.502336,2.8975574852,649366.426855,1.0576435727,18819785.58
2026-09-22,0x07b52ebc029eddaf2b42a97cc7ef95467ed0d288,323848.869964,24298.072729,0.0811150328,212044.63217,1.8965706162,195353.193526,1.5203094683,1960642.29
2026-09-22,0x153c8444380512cabdc34f6cea09c322e14e319a,5879384.620923,342616.194312,0.0618801741,3975809.742563,2.0886017082,3453801.535629,1.4239056813,3199931.88
2026-09-22,0x51a4cee5e31cc8f3bef1564b7a2d0005e2775a98,469542.262522,8840.026756,0.025080237,254998.681588,2.3986066592,262223.522331,1.264832702,1331298.46
2026-09-22,0x76a42772800e4be5764bcb6cbfbc93c0fd54e43b,324884.940443,-5392.867631,-0.0163282773,238463.40077,2.4756760108,183873.159415,1.2184068053,2582254.65
2026-09-22,0x9ef0c73fb9c3b96dde6b709fa89df72dd2a855e4,298928.724842,55997.700003,0.2305086394,209817.415331,2.3545542814,165092.643999,1.2335436226,1842606.41
2026-09-22,0xeadc152ac1014ace57c6b353f89adf5faffe9d55,22518487.195979,1495088.074342,0.1244851434,17020874.867528,3.0960485845,10355481.669375,0.876184324,21961486.83
2026-09-22,0x4b85bf981916936249a62b7e77f30e567997a395,1088618.010584,70139.992796,0.0688404221,572688.8230310001,1.0112295739,748744.109503,1.9185093019,3976327.62
2026-09-22,0x06ecb2a427c3d51a66c29d9b4fb1960107d10b19,252373.685781,0.0,0.0,190355.541496,0.885386907,345135.324515,1.9927138111,6273873.98
2026-09-22,0x17f0361771a9042d816cd007c731be15f05b094f,960916.096623,-36696.742324,-0.036784553,560145.996895,1.3976741211,612988.093262,1.726788393,32902456.2
2026-09-22,0x109b448727cc4f07d93c808ab740abac600841aa,779970.091806,-21273.529692,-0.0265506384,478461.743688,1.5868938511,480436.241806,1.6039464047,36456631.57
2026-09-22,0x07423f74354aedab79af49892ba88c5ec73e57c2,572902.911816,43192.509973,0.0815398562,190061.814761,0.4964509198,401903.221692,2.1246000476,115032908.27
2026-09-22,0x90d0f816061ac0f35f0fb5a441bad34e3964d37d,282734.93121,17792.024525,0.0671541841,187392.009764,1.9654528397,163927.450365,1.3797738439,5056458.83
2026-09-22,0xa516541e599129095d14f7faf8b11ae670c837b0,2512875.58017,1627.553579,0.0005295297,1307481.039332,0.7396386709,2049623.74639,1.9984889808,65649551.7
2026-09-22,0x625ceba7f2fa59a6b10cfaed5c54ebf3cd0501f6,326925.419232,33811.985814,0.3701867024,73644.304654,1.0594530337,181779.658886,1.741727122,4336569.13
2026-09-22,0x2ab7c8c121bba1b6b744664237ae00ded55ec2f8,1583499.447708,82948.880846,0.1019956885,627039.486595,0.6555836292,1122559.955601,1.9706649949,6076962.07
2026-09-22,0x3a7f29e8d0e3f8131670c3849ae37860512b62df,787512.531825,-28113.140106,-0.0344555161,531118.075912,2.0696851486,438303.943661,1.2543327819,11350322.85
2026-09-22,0xc568587857cc2895a3d83d00a05365ea92c62def,254556.624374,-7642.600308,-0.0720455714,228147.571479,3.4508457829,128684.927076,0.5666205831,76320543.6
2026-09-22,0xf3cf44e15aebfe9c810115f78e8dbfe28bb6a4b5,804657.39067,0.0,0.0,548300.552848,2.7922480023,377506.810071,0.8837792273,9658063.11
2026-09-22,0x5f6eb0dceaae65eca27c926bdccb0a7fb13bc25e,351888.344932,72598.592232,0.2507812276,236898.8459,1.7348535336,215847.144421,1.369517855,82100084.36
2026-09-22,0xab7fb756330e3983e676f44c03dabda9120aa273,638398.7401,-6260.712854,-0.0094895987,441814.725448,2.2408817714,451804.113847,1.1554456303,14428895.21
2026-09-22,0xdbea0f1d234240e8f8a884cf0461371b3ec2dbcc,686341.123162,35238.177364,0.0541207463,351824.404773,1.0517393763,454691.088376,1.7204333645,10727431.47
2026-09-22,0x9c6a5b4662c722d2c47f43d6c9813cb080ffa4ed,28761449.47657,-163090.933494,-0.005638497,10871083.932987,1.9005469571,12500361.681624,1.2770887778,3462446.84
2026-09-22,0xfe7e0a8b33061f13fa1f72774b164667c3b911b4,779861.873962,-7857.107477,-0.0099745057,146052.636498,0.2304362699,529226.224479,2.1115361106,4241812.95
2026-09-22,0x36764af31381057e722a003a69d089d54fe2c61b,434834.234981,25185.129011,0.0614797607,247620.162654,1.3226578514,275447.379386,1.532547554,6053370.5
2026-09-22,0x9af4274128bf812209132caa91c01dabbabc1f0b,335667.065626,5516.470558,0.0167089523,177684.467759,1.1247091145,232798.323661,1.6294445588,18606549.85
2026-09-22,0x5ccaf678b74464fac20f6cae8cbaa9b402010c45,1417253.500021,42184.006561,0.030677727,573898.200493,0.6804939755,918889.240624,1.8438104726,4281979.18
2026-09-22,0x53f81d22b16ff1718ab8ee52bff0592685325f92,743093.138635,32007.613622,0.0450123262,378033.291197,1.0215463629,467471.610224,1.6658437179,59436393.58
2026-09-22,0x874226b22939904f436ff0434e1fd0ab257c8427,1087130.83007,0.0,0.0,376927.594705,0.5307320158,714641.351426,1.9185544623,35379700.24
2026-09-22,0x3f240a16bb7c34302cab342227207acc3d9e0d4d,681498.875241,-15402.094662,-0.0220946546,400354.388315,1.4230294961,404739.928128,1.4613979412,343643060.42
2026-09-22,0xfdf891f2b214a4c9374d26595ec6d4080262e381,2731228.110334,105951.271495,0.0403581329,1623901.099921,1.2421537129,1769212.584235,1.5225378186,6680542.06
2026-09-22,0x25ddff2f25a73b8dc3711871f09525ebdc6253db,357336.337541,61948.780195,0.1611622931,311762.511405,0.8780216633,366530.062491,1.6833188355,32983974.46
2026-09-22,0xc6758a779bccee1ef0190dbe8292fdf44076795d,3005496.729489,71242.743397,0.0227325469,1615759.729734,1.0165613919,2026088.369869,1.6156246855,43723078.86
2026-09-22,0x8ecec0c9367490d2044aaff4030ad0becc33218b,1043968.389455,94710.377674,0.0997730612,486788.542385,1.080578603,685368.130607,1.5575411872,15587099.83
2026-09-22,0xb85bf31a9540e631461f295fbe1a3c3d9b8800fd,595787.92743,25204.591633,0.044173375,322294.353993,1.1784348347,357975.259955,1.505282556,63967729.09
2026-09-22,0x8ab13dbc3d2ab5ea4c4b37f40696254a730015ef,3553450.560278,239283.511208,0.0722001962,2177161.670491,2.0145497528,1681281.420491,1.0663976263,302623436.17
2026-09-22,0xacaf2b49c521c83d80bfe5876a8e2418c99dc435,332077.553359,14982.009743,0.04724762,190808.635843,1.3506767037,192589.080645,1.380680976,2173659.54
2026-09-22,0x9b864dde6ed1c21608b1665a0ac0faa4f7e36e6e,3263375.940404,187453.860034,0.0609423305,1390119.92304,0.7157208111,2503660.305215,1.6789893734,4797724.06
2026-09-22,0xffb285456daa57d757b9c9020a6302afe5a95ed6,411697.741304,6095.806669,0.0150290375,290560.600053,1.2570918693,305150.849704,1.4091675362,6395624.71
2026-09-22,0x77ddcc4b6440b3a32b7802f053105c2fad3ae0e9,12023151.488061,-749029.309418,-0.0586453732,8372865.267305,2.293755821,5643152.288061,0.8845067391,254220147.87
2026-09-22,0x5371c4517b448006941ae335e5cafd54af573c11,2371897.648266,152028.278606,0.0684852364,1434456.45601,1.5301828721,1311728.568946,1.2372824246,12219029.62
2026-09-22,0x41c684cbde3e449cc67c70aacb6132e3eb25b06d,396334.643418,-50962.357327,-0.1139340466,75285.865324,0.2344997722,384380.915231,1.9106029946,51948736.37
2026-09-22,0x4a33475623e47320049e883f08b810bd338f9709,502011.097169,60685.210873,0.1375065745,223487.790954,0.8024024775,307137.027703,1.5760795089,34767264.7
2026-09-22,0x75ed8c3d0ab4a1246d8ea316c76f1ec5c5fe69bd,256767.025019,2904.681491,0.0114419549,125615.660396,0.9498249886,157292.011176,1.5216731451,4128868.74
2026-09-22,0x68f33dd18add8ad4830d78ae66faa98d58f2310e,719779.576942,47618.431954,0.0708437736,290718.802594,0.6726250708,462612.342083,1.6498113558,4995462.78
2026-09-22,0x146c7c66d5045344e1bf6731849622d2edd450d0,343387.931597,-20204.118887,-0.0435816767,292542.198895,1.9393468655,224977.78059,1.0300701664,115330522.31
2026-09-22,0x613ead0ea5af374af0ccfc117ef116a8e8d133fe,870653.144144,17681.440432,0.0207267928,369859.298323,0.7383985677,552995.897327,1.613374779,8185761.26
2026-09-22,0x9466140c8781e253fe426c87ac17ccba500140ff,605071.216182,63815.725948,0.1178817716,393221.218578,1.8552684669,327427.23714,1.0307444943,4274523.53
2026-09-22,0x0c1f6941fdcde9488dfd36ca16fed6b3bc49672b,918483.083596,48693.504726,0.0559830859,462330.274253,1.013542534,544998.474615,1.4592260605,91289074.18
2026-09-22,0x456f1049c0f2ec990091bbd3f30af62aca3fcdf1,3240408.368628,182001.70486,0.0595086674,1338484.14906,0.7037526182,1997976.455808,1.6081174632,43843911.94
2026-09-22,0xf08208e088f89970068dc0b2deaa440f6a7d0250,682509.978071,-8286.807363,-0.0119960132,137732.341169,2.2479178984,90829.363955,0.8396594558,2423917.15
2026-09-22,0xfb2986b5d3e5604a90396e83a1fedebd768c21dd,648370.843078,45112.047183,0.0747805875,356663.841467,1.2226783708,598799.616172,1.3319343275,26406220.87
2026-09-22,0xcd81917ff5313d02d7da3d47a9afcd3f635c36e3,315038.97129,26396.129772,0.0779468116,227309.25013,1.3552115186,219690.203791,1.2528756656,5939165.46
2026-09-22,0xdd7a372377fc633f74ab6e20963803d52f448830,7105177.449922,94008.317858,0.0134083654,3923005.497303,1.232807515,4048647.733231,1.3245896845,35860530.96
2026-09-22,0xbe1e9f1119e583c9547258eb7c7553219cf80875,381347.811701,10895.426877,0.0294111398,210530.748068,1.2324924899,159074.517117,1.3199774496,2551135.52
2026-09-22,0xde6b2a06407575b98724818445178c1f5fd53361,2469635.806485,-63820.589127,-0.0251911141,1200659.840501,0.9461643661,1469815.363368,1.4700793308,15386596.66
2026-09-22,0xe639710e64d7094f7f82ab495915559c2f612953,3793655.144414,863609.424127,0.2947426445,2813769.843084,2.8715297997,1170812.219314,0.4463905208,327740104.91
2026-09-22,0x739c52c1009e970ab30ea1f28401df41e18fcfb2,1399240.07561,17404.731881,0.0125953732,827356.211021,1.4467206757,763089.26923,1.1995413691,12756430.8
2026-09-22,0x52e6c32f0eb44f707e9c159052fc5039fc7b7725,375348.707873,16130.922966,0.0449056913,270631.089541,2.5843892733,415449.757825,0.6201677996,116008954.53
2026-09-22,0x34e698305bc5c93029c12186f4e9a0a939c18d74,1322167.037399,-14638.317768,-0.0109502238,390123.066756,3.1840911698,322200.257399,0.3222109612,1992162.03
2026-09-22,0x9fde8e59c61c290c435c2d953e70a3873e06a572,591409.433333,81955.674051,0.1608697012,218220.940371,0.5785461233,378175.776936,1.5941067666,12901344.47
2026-09-22,0x0c5d0549a1f7ad185286a08bfc10f8e9a1c936b3,12775356.72449,-139343.820221,-0.010789551,3728239.379189,1.8983544659,2775355.125221,0.951501478,27304247.93
2026-09-22,0x71e5e968b2058af14d6786d12b9089458494be04,827398.074228,6047.38161,0.0153151938,308077.569909,3.3186787964,111396.32628,0.2271357864,2865130.81
2026-09-22,0xc3ff20a75d873e2e9f1bfaca6617b68669645c31,502427.729916,10113.313516,0.0525120428,236298.195254,0.8879066938,294788.826814,1.4197186674,27928301.61
2026-09-22,0x9386b9538884d849943d77f1c5412de9e72b021f,1720374.333931,118921.826923,0.0742540918,913699.252386,1.1325328128,969253.564462,1.2902379751,166481627.65
2026-09-22,0x3a23b10845e911b6944d9dc2f1f480fca3af35d6,891013.705432,20831.638673,0.0239394024,617104.684072,1.219793793,624820.381048,1.2541725279,4950534.12
2026-09-22,0x466669f8f1e45c216517244775c932b70327df9e,361908.608983,34.455461,9.52139e-05,227.31626,0.0006284988,522569.218983,1.8609878396,9646395.65
2026-09-22,0xd818afacf5c59dd3c914f9ab045642e6c378183f,279502.600759,20998.482455,0.0812338167,144533.031662,1.0550659632,160750.72325,1.3179215494,3366990.39
2026-09-22,0x8484fbedae4e9b2e26df44b92cd5f81b71c8150e,1320655.658753,18405.391813,0.0148539471,858053.077474,2.0497246572,602688.967484,0.8226095698,48120630.73
2026-09-22,0xd26bfbbc1581eac337b5d05b5383c551a99342ac,304145.816091,25160.229108,0.0901204149,196156.494588,1.813099653,146287.620601,0.9255349427,11204180.72
2026-09-22,0x2137c0f5db95fae5b1f29af50fa1a343e9ccee83,682775.662554,-47979.650304,-0.0656576141,235790.847417,0.5245802294,463499.076724,1.5930705568,36381528.89
2026-09-22,0xd0868e73a4cf27319c6d36778f17594dbf88aeab,359823.925037,46546.069944,0.1485775939,216256.674711,1.5063092329,182098.259188,1.0246030494,1607559.12
2026-09-22,0xe4b3936f5594f8d5b352dd3540622f995d04f543,1036347.94564,-128193.310105,-0.1049281887,1169487.399716,1.1719947701,1110091.20564,1.2276690752,68547564.89
2026-09-22,0x09bc0cfdb1ab43a57a8a4df7ffcdff9a980bbd0c,274075.774711,99541.431314,0.5886332649,73407.945043,0.365818204,165069.564711,1.5143134021,43425626.46
2026-09-22,0x628132322864e09b888f053cd32ea2634373e9fa,282764.78217,8392.066365,0.0305863735,193875.611115,2.1810937014,115929.364842,0.6948726278,3856684.6
2026-09-22,0x422d82d5e532fccfadc6a72d8c6b64727892239e,1743536.910002,196451.269341,0.1269733577,866995.6466,0.887727913,1334080.2879,1.3149323687,4841422.14
2026-09-22,0x9e2cbb5d800181c1ef21b25010dc4ea80eeb5508,4427726.739722,114834.600897,0.0266258921,861471.586478,0.2070482669,3993856.633308,1.6455898509,1054885103.55
2026-09-22,0xbb1ac608e3bf90b73fa782007878205644c890a7,750985.747551,43216.037536,0.0554891421,466018.596792,1.2230908658,489404.92981,1.1056130199,17546879.71
2026-09-22,0xb64460b8f4a2f521b815a209f053d35fb1977d51,1137212.468822,-19738.491644,-0.017060785,526267.165051,0.8613981674,642084.756476,1.29680634,2478244.38
2026-09-22,0x58f0bf4307c61bc7a5fe11e24fe36e64300b0d20,7405540.587337,949379.106518,0.1470500869,5933135.283893,2.3997421764,2738083.113552,0.4831237157,31123164.18
2026-09-22,0x350e33a777d510616fbdb483d1de3b50d1edfcfb,6464733.61609,605791.14882,0.1032835902,4306384.180764,0.6627743619,6204327.793413,1.3498784301,640402616.62
2026-09-22,0xf93f055e03a8ba214eec82ab80b814e40dd93376,1476038.711005,180841.241425,0.1396244555,923261.934598,1.6702256209,666541.998024,0.8234029704,183665294.23
2026-09-22,0x078f98976f6a7e621fe5dc35fae8a664e084b280,457747.845287,-5270.676263,-0.0113832947,50244.165455,1.0326173458,53220.825455,1.1650681442,16475100.7
2026-09-22,0x230963164d9637a4c536270a06b4e3636d44a2d9,2354782.415807,129076.904328,0.057993703,684451.321785,0.40976985,1398802.650357,1.4632136588,2000150.86
2026-09-22,0xde8d9e530b0528ffa7b1190f862536c055dd9524,30981483.323015,-1576732.678784,-0.0484281043,10427165.817401,2.5009708171,9170376.854943,0.4204452841,12463802.69
2026-09-22,0x597568694fe6ee1b701ec8578bd57102c9a29abd,3767909.606061,225968.043051,0.0637977897,1568113.85619,0.7128452068,2256246.859905,1.2807484661,71535616.53
2026-09-22,0x60468ba27448f88b19f52ed02f1a8c52f7a0b21d,10200464.856557,-1106909.57457,-0.0978927143,7199624.303735,2.3992025491,3203466.656557,0.4578344263,171596692.79
2026-09-22,0xe98c1b647a1c9ea3ca029c3170d49b6854634245,287186.380798,8258.867977,0.0296093702,141734.723265,0.915625202,195612.637941,1.1752100677,7483222.95
2026-09-22,0x2718f952a15702336c31baa335f907edc0ed2fb0,335591.391934,32785.812156,0.1082734743,156171.892444,0.8703626894,185559.615467,1.1815667294,3280080.0
2026-09-22,0x0e1cdcd958d002d98528c973f1397b7784abce6d,1276197.765001,-64237.992381,-0.0753173839,732980.319168,1.3493313309,626064.319649,0.9629781764,9571068.78
2026-09-22,0x194a3c3dea1c9e90f164109fecc649767dc99870,496226.534842,22058.860225,0.0455509666,227327.949262,0.8104424364,290489.445997,1.2036668671,4826529.790000001
2026-09-22,0xee16198171b3cf5c96af82e538d489f78935fb67,281024.007907,-7985.446033,-0.0276316543,39704.549403,0.158236231,185574.796913,1.5414442369,21611868.07
2026-09-22,0x8d134fe41651db874e73cc019a0f572294b0d55d,354351.561237,20286.999909,0.0607277822,214445.586959,1.5327836289,160797.396366,0.8307617481,9690191.78
2026-09-22,0x3d53a025e74d689cd196f5689b4e488957e7e56d,341528.356356,-12241.509446,-0.0346030305,172848.369745,1.0247117825,178589.132072,1.0926944426,38520062.98
2026-09-22,0xdf4b79c5cebf5be025f9a0658a38a5440689c147,910117.743573,15753.073366,0.0176097647,440408.283026,0.9372194433,481704.13594,1.1238626934,27139562.14
2026-09-22,0xf124c3bd6544caebbf68824eab8c009b3f448196,442717.752257,55737.671519,0.4741790311,258502.336406,1.4032611506,200493.580842,0.8143004953,34553134.3
2026-09-22,0x00532b2e10626ed952d6664b9c6848646b227b57,507354.208229,11710.371808,0.0236170563,251732.924883,0.8785383966,377180.01897,1.1478569842,3964662.35
2026-09-22,0x1d045240a2f916683e3691f817ad846c88997c43,1430831.335561,114833.892463,0.0872599662,995433.859682,2.2862646543,431559.215561,0.4318735677,14602545.46
2026-09-22,0x9321d8117e73b0c79035f0e87debcfd8dbb1d75a,18995436.605117,1887754.071607,0.110344755,8132203.626753,0.7485919508,10356725.806546,1.1967820938,347265310.22
2026-09-22,0xc3baee00470d78c489b623f405e57d5d99bc0f33,690987.795406,50856.667208,0.0794472647,344540.603291,0.9944967404,366267.782692,1.078146029,4183936.2
2026-09-22,0x7491180d3e43719bd8a53cdfbef27a1527a1d90f,1056051.069083,-12.481387,-1.18188e-05,385455.578326,0.5747959592,596211.917091,1.296566233,46305742.67
2026-09-22,0xc5a1844c09eff6935f6e914df70e21ef425b8fac,378134.253225,25251.995173,0.0715389927,164154.803311,0.7667938393,205127.898737,1.1851339988,10042714.63
2026-09-22,0x8be0b9c4dbfb90f47fb94e8968dce08d3152326c,720678.513408,142810.285933,0.2471329607,428699.858075,1.4682575258,316611.263124,0.8006974281,64956658.73
2026-09-22,0x64702807a1f0f9888ea22b858099d7f481227b55,3652754.940155,236244.356261,0.0671814717,1884537.133371,1.0087352377,2047370.828869,1.0526686719,81981355.11
2026-09-22,0x86d2161a18a6eb5be550d5253496e5a161cdf731,382568.699475,10239.824464,0.027502096,137941.272969,0.5638831056,214611.100927,1.2777695251,9821225.34
2026-09-22,0xa9a4fbb7da516cd9902ec69f759910fd2a68df99,305582.599852,-65.31829,-0.0002137044,211219.844407,2.2383814823,93900.472731,0.44359188,8226870.67
2026-09-22,0x5b676c5b03f38557e6f21257732608d019cec66a,311209.431764,29976.739272,0.1065905212,556737.690407,1.2277230081,597634.379839,0.9305132942,50030675.41
2026-09-22,0xdff720130481e2ded32a0fa06bec909b9498e625,351983.218208,13746.536144,0.0406417662,143053.396131,0.6846959171,192389.851694,1.205500303,11611667.52
2026-09-22,0x0ff911dc09dbb3006f25ee71093d0fe4fd82a44d,363358.776324,-21077.471212,-0.0548269612,139087.431536,0.6119884214,206337.107239,1.2572201506,14424462.99
2026-09-22,0x93ab7dbdeb996806454de19c35c8247f4b2511f8,12833156.965991,-203700.83916,-0.0156249951,4074270.655707,1.7899929533,3954003.196787,0.659864019,55539966.2
2026-09-22,0x07aa5fbcf73fe9ce5ee42508be7185eeca77e134,320495.667914,-6128.674539,-0.0432237567,165652.685363,1.0698107375,161935.127914,1.0212826465,31544735.23
2026-09-22,0xafaca2cae451403775504d63c57b400615e621cb,374055.594203,18319.744169,0.0569907789,153083.649242,0.6927741405,201401.333028,1.189125914,3000236.22
2026-09-22,0xd9ad5e8a0248e12c7fc44ceab922e367d059d7ff,644882.107007,21951.291559,0.0352330756,321638.78338,0.9947284137,327625.582257,1.0323581368,1949380.51
2026-09-22,0x6b25245f600e2e9ef91d4aaf851f4f6677721b2d,284643.053045,32737.886224,0.1299611542,183999.023073,0.9165852808,197068.879123,1.0500585936,209999570.5
2026-09-22,0x18b8539261cf9e760e7fec4a8a73c50f0ae7babe,401331.64443,71977.876464,0.2185427448,335711.389901,2.0524436953,211571.909592,0.4654952933,6234945.31
2026-09-22,0x7d54a6772903c4f45f05c9b4e89f1dd2a0f52794,15452363.646645,861225.599356,0.1123011538,5095103.174298,1.4832836701,4393027.230366,0.7641679477,4006903.1
2026-09-22,0xe2823659be02e0f48a4660e4da008b5e1abfdf29,3118251.602009,73589.36845,0.0688160259,1683480.0735459998,0.8773718864,1974368.002952,1.0742590232,14777492.6
2026-09-22,0x099691c206cb8ceaa41d3b9e55aaf859b2d3f78d,313316.769804,-2486.372677,-0.0078733501,158233.764368,0.8528568286,187270.537173,1.0910021753,2154783.91
2026-09-22,0xe32aa33ae6f68cacc9710957671df4100564a70b,283746.654948,-2127.860437,-0.0074407345,136758.660845,0.899207473,150885.355194,1.0554205931,46708445.74
2026-09-22,0x8923cdff38a43d1fd59d323c35b900047e431bac,1044324.121392,43003.01788,0.0418919959,594389.403347,1.0492905527,664170.644109,0.9668622178,22398612.69
2026-09-22,0x0c44471cc8516125ead11e09446302ae20540ed4,985120.623147,89297.062612,0.098581118,645237.140524,1.7929056811,514281.278143,0.5772994961,69606225.21
2026-09-22,0x09f92ea3d2d80e83d2e8fdef045b43778bdcdc1c,399820.106033,51537.78578,0.1313789884,232837.268836,1.1035787003,211965.296033,0.9142117078,17863686.91
2026-09-22,0xa19ed0ae46e89461e56063f1ed268a0dc225745f,603118.291604,-5369.932967,-0.0088250401,302024.005358,1.0030878006,299358.886429,0.9855131441,7700406.69
2026-09-23,0xb4a3349619ff3da514b42bd7a124947aaf2b9210,608826.219725,-49589.399397,-0.070000432,555230.953735,5.3596170484,634162.972482,20.5908987354,25385305.69
2026-09-23,0x005a09b498f2a28b54652a70d7812e63414161fe,1823109.753533,49697.784627,0.0272090131,1249840.012283,1.9246756304,1687015.009738,6.9650277926,1698084.87
2026-09-23,0x9bc920b65f5c119bad954214f9ac01b508a3e828,250879.327471,-87850.391276,-0.3210126049,121870.430025,0.9439351775,221482.609997,7.5087205955,22833230.01
2026-09-23,0x6e8fa9304880f4a428bfbc35166c7e2825574364,469856.71599,375.278195,0.0014143342,405166.429412,6.263172585,372146.630798,3.8086953337,2684195.67
2026-09-23,0xf1993943c9d3475aa28c6b933ec74fa7b9a1704a,394659.442382,-41487.918653,-0.0951236265,288843.32232,2.7296730469,333874.623978,5.492730467,10000435.17
2026-09-23,0x20b7807939c774a152b396beb704acac68fa10fe,640259.3658520001,-369413.635276,-0.3657911049,581129.567623,9.7622134277,388682.61041,1.5425417547,34169015.16
2026-09-23,0x5b5f798b94f54d33ba316c8b1c837e930c90c052,504307.661248,-543664.301694,-0.518777501,624089.195721,0.9803501207,1893045.554059,5.9011004076,185452760.21
2026-09-23,0xfd65235129debccfdbdcfdf8aa96d3e125ec9d10,1089496.73263,-233540.083438,-0.2107913059,828452.190121,3.1736047119,899527.062724,4.7351088369,26400769.9
2026-09-23,0xd580b86a5db87c623763b058f3a12853bf30acb8,570535.614801,-63526.043519,-0.110826137,475646.581427,5.0126612583,445154.543678,3.5504126715,18696617.19
2026-09-23,0xe7795fce474d1eafd645a29e799a64f85dc26ba7,546126.946422,212542.188324,0.6369550396,442291.352706,2.5125678763,543099.406487,4.0983586531,27188107.9
2026-09-23,0xe77cdee1aa1affa10231654fe438b63ab0ab15db,2741929.628605,-986522.144918,-0.2645929745,2580449.19699,2.230595868,3037770.728605,4.3426412231,394400161.0
2026-09-23,0xbf732ea04197942783e34730ed6e0f6099575d58,6286828.037734999,-1291084.139403,-0.1703724089,4371423.621405,0.8281556084,11410903.689389,4.91776477,695115458.68
2026-09-23,0x28280399d9afd68a3555c65ca6a75a1bd55693a0,307266.037533,-97424.924725,-0.2407390671,278684.014324,5.2010730024,261700.853983,2.6023002465,5462752.92
2026-09-23,0x30afce2f6842bf183c7e3fe7162e279ff0b6393e,20307423.964137,-442676.423615,-0.0214487632,14358698.619997,2.4056557794,16165278.106336,3.8838810147,103056250.23
2026-09-23,0x413042415510b6395667abe224505d0894ae67c9,400865.843582,11189.213396,0.0850867028,185709.636359,0.8459119963,439248.89009,4.5462920762,20464172.15
2026-09-23,0x1e7127c81c8a58661a0811f026b6be66533934be,780702.164538,27819.61353,0.0980807942,279995.374788,1.0856628921,642894.596744,4.1893933515,41590614.95
2026-09-23,0x39c3492e9171872eac6a99d9c0b6dbae5d4ae959,1913567.102772,-31908.969024,-0.23418804,601470.865931,2.9605138414,594396.124474,2.8272388568,12837073.25
2026-09-23,0x98e8118481aa01872142a7c447dbccd0528df831,1005858.613657,231303.746967,0.2986279693,646271.49445,1.797259857,915917.213085,3.2082517362,143548557.55
2026-09-23,0xd1581ae3dc981bfb70cceace6647a1c35df09dab,4211073.180523,-2030494.976196,-0.3258125987,3583900.946108,5.7143807545,2421860.550523,1.3535901267,951264218.63
2026-09-23,0x991e044d97b946fe549e92ac9bfa5119592a0e54,1927871.641108,-92285.692584,-0.1081025723,957660.499525,0.9870630532,1491230.8023,3.5671146543,2186560.85
2026-09-23,0x1b232b41b0e75550c59288b99874e4a8142fbe21,741957.462495,-275752.15257,-0.2585712283,654029.958144,4.7856957953,451875.18398,1.3336800658,36052477.68
2026-09-23,0x4cf7e47900fcd74f1066e98a37ddcea87616552e,452903.55738,-17297.88236,-0.1213651154,129048.895775,0.3823089289,370513.965854,3.2875331421,1240974.36
2026-09-23,0x4b67337795c5e1ca1aaea307f57b79419c632c88,331753.367525,57191.725643,0.2083019644,265140.554639,3.9803236517,195249.507525,1.4303588743,1455156.34
2026-09-23,0xc786b3302e681745813f8011e816336bb5baeb75,828843.078399,-150150.300343,-0.1533721306,175318.920754,0.268266932,670079.966585,3.3389519024,226690601.67
2026-09-23,0x7f75db96ccc27922b50d6e102938814a67fa9edf,440280.180352,-85839.966665,-0.1631565853,298959.057221,2.115459109,310223.526013,2.3852952976,13768419.85
2026-09-23,0x12a101b3c28b0d4e611061980c8645c459663bf8,495070.14661,-121952.630143,-0.3910528361,360054.641547,2.6667651347,331034.829286,2.0180704661,6792946.43
2026-09-23,0x4cae5bed586f6e73ae54ebd40a4ac4ed2c477c34,4603349.09448,-289180.755228,-0.193766664,2341504.8947440004,1.0306626198,3351786.06673,2.589565273,7771852.07
2026-09-23,0xbed672966f600f4b09ed341d042891be865cb623,1517673.472608,207301.909608,0.1582008611,936092.469869,1.6095650743,1045305.306415,2.2129037925,1257999.82
2026-09-23,0xd1c77a04b87393e98a1220532e72e8f7d0a31c5a,252817.150611,87593.384652,0.5301500502,166494.530611,1.92874742,165929.820611,1.9097125048,5909799.89
2026-09-23,0x188305ca669b93f243e5446e8666f96f84821c49,679315.114156,67126.255131,0.4100309115,228030.437175,0.3746055208,263927.811802,2.7034254277,9799997.2
2026-09-23,0x1338a67b37aeaf796357d78501a0c3695c51c48e,2393751.672172,-67106.925513,-0.0272697202,581851.852446,0.3211280481,1759450.602626,2.7738414565,5628577.75
2026-09-23,0x0752075607ff962ceac6802f11d89334076d9254,275721.04351,29809.854526,0.1574327263,200249.020793,2.6532881137,167887.96944,1.5569246346,8312263.31
2026-09-23,0x2fef2bd40f8dc6e0986a462c1117054faa965071,455119.160289,-63211.356796,-0.1219336068,376374.410242,2.9672052655,297374.303656,1.3958239028,18287666.68
2026-09-23,0x6311c7025ac2085cf1f4d3451987b38105971c07,264229.738816,-101123.721676,-0.2767832595,206052.265682,2.7408723114,170164.53316,1.5321117207,21548342.09
2026-09-23,0xa1be71b903206120fa2b2245e145a5d7be09d8f7,532499.55825,-47695.170663,-0.0802685832,213128.080086,0.4355916843,522550.414693,2.5096488769,22639101.65
2026-09-23,0x5cee0ca5f78503820d857371bc018dceab01a723,5230184.596123,-1061078.733529,-0.1496318335,3595196.561253,0.9021850329,5237283.023904,2.2353832897,129772405.83
2026-09-23,0xff362f53805324725375113a6125ee64746bbf14,387054.00195,38821.419753,0.1294285115,198243.469012,1.0499597979,261483.500853,2.0823640789,6500961.84
2026-09-23,0xa178a9ebc949245b2f453d87966c1653115b999b,1000874.45772,4498.226213,0.0131351244,462085.687941,0.845398002,693476.4577200001,2.2001243905,34537113.32
2026-09-23,0xf21d494bb47339f399267c5519cbe11da0753b2d,2258488.629108,23185.867422,0.0104320351,932577.856813,0.7101718047,1643738.350862,2.1778572307,2999641.82
2026-09-23,0xeb0f432beecf10dcc828fc1e36a3386caf634637,2170668.506096,71621.458681,0.0340824021,798186.490439,0.4613603143,1961766.249387,2.2974601257,54216519.46
2026-09-23,0xedeaa967b0100a4df613533df634ffe6cb5fd773,1581712.551485,-195271.233271,-0.153771474,713123.541145,0.8210137737,1084639.558001,2.139020559,305848997.71
2026-09-23,0x48ec0004494081e8332589faf0747d568da79faf,384881.121896,-44878.150856,-0.1044262537,261358.160491,1.1960204072,315775.433808,1.9242175737,105668875.29
2026-09-23,0x94b60c2a5db13689bb06a73657ac1216424de5b3,744136.292973,-56432.040194,-0.070489973,269587.039194,0.6546973342,510085.487831,2.179379334,47093143.74
2026-09-23,0xcf67e4da9e9cd38c0afd26338d0fbddb3036eb24,2963870.680226,-310683.476692,-0.2814483831,1443110.990812,0.9253379125,2039823.008639,2.0601089809,23230126.32
2026-09-23,0xf9faba57a81d1575d3e506dd3eafe7db6f2a3275,991675.753801,-143024.01876,-0.2262097507,771186.749529,2.9605347515,533707.344795,1.0303858991,75467975.58
2026-09-23,0xfa2dca328d8cc3b47dd0f9bce6933ca4531e08fb,1059360.637021,3322.495674,0.0031461891,714450.353694,2.0714092569,620293.443242,1.4127528816,22038037.07
2026-09-23,0x0eba880f6be60142c70019d2dd46c49c47204eea,1543457.189163,131242.532366,0.1588215989,900664.831795,1.4011753896,954284.345928,1.6911404503,204410352.87
2026-09-23,0xf3cf44e15aebfe9c810115f78e8dbfe28bb6a4b5,793025.940648,0.0,0.0,550389.230678,2.8330186579,372455.890455,1.0006607854,9609163.15
2026-09-23,0xd2944617c67d7fe84b623c72341187ac89d79bd3,759467.881314,-13376.209004,-0.0210919277,405744.155842,1.1470651433,492301.839755,1.8426811914,9029581.08
2026-09-23,0x9c6a5b4662c722d2c47f43d6c9813cb080ffa4ed,27358091.000773,-1552693.290776,-0.0537063704,9423026.001187,1.6346150368,9337823.301141,1.5962422213,3462446.84
2026-09-23,0xb48e45c76e7442d9944790085399e26b7d89b1ed,608544.937439,-96416.889681,-0.1367801493,453180.495679,2.9168868407,297951.71897,0.9594770851,666711176.08
2026-09-23,0x7b51c5d9366077e1b3c1cba383389752f486071b,649526.968788,-104374.630742,-0.1384459601,478767.751838,2.8037593542,327374.210817,1.0162080029,17630630.01
2026-09-23,0x53969485d7422b35c7fe5a4025498f9b69268b79,3042582.751093,-340817.750027,-0.1007323106,2574342.789009,3.7350457469,1354613.322945,0.5100259471,96943912.52
2026-09-23,0x41c684cbde3e449cc67c70aacb6132e3eb25b06d,446424.334992,50436.39697,0.130908761,136487.33526,0.4403712218,410073.043554,2.0934481564,50728875.12
2026-09-23,0xca810f64a0bbc8498dd0d714113c8518feeb8d29,582548.033684,-32297.988848,-0.0747550014,128196.566257,0.2821528606,364615.099017,2.1796650772,3734928.88
2026-09-23,0x7689a1d1872214cc69cd0f09427642dfdbb5d93c,261050.129471,9824.360205,0.0391057399,149341.666599,1.3368905418,160959.149471,1.6081284195,68207057.3
2026-09-23,0xcbbc60df1f1b062e5ce90715e1400a4acfe3985f,602741.399004,-285101.524444,-0.321117077,486534.381877,2.4744192327,370039.436081,1.0784528838,12150504.66
2026-09-23,0x4ee15239a08c7a790b591c509e604bff1dd4bd9c,484801.197105,-146131.330833,-0.2147073062,484457.763409,2.1986485156,384131.784135,1.1979059074,66908651.3
2026-09-23,0x20438cfdd36d75e185d6601697eb1973f4aee79d,362405.417338,-52210.836958,-0.1729674177,193206.86855,0.728536646,333601.54796,1.9084333205,12257595.04
2026-09-23,0x76a42772800e4be5764bcb6cbfbc93c0fd54e43b,271835.43846,-53705.09096,-0.1699087222,184313.428739,1.8918880588,157854.737651,1.2742377334,2772346.62
2026-09-23,0xa55a9a19f5f5e18cbb6b5892d1659956663a1f35,1270550.020981,7201.246751,0.0057001256,918803.226804,2.6121246123,595316.775771,0.8816477036,20304604.98
2026-09-23,0x2ab7c8c121bba1b6b744664237ae00ded55ec2f8,1621151.119841,50080.009557,0.0566657455,358723.502284,0.2841537208,1143632.563363,2.0226747263,6076962.07
2026-09-23,0xcd81917ff5313d02d7da3d47a9afcd3f635c36e3,295088.256626,-7430.083096,-0.0234004848,229135.856093,1.4236249682,229654.807617,1.4314646293,6592801.34
2026-09-23,0x3f240a16bb7c34302cab342227207acc3d9e0d4d,652534.889921,-26695.731577,-0.0692593836,476653.386955,2.7070811774,285727.597214,0.7785444475,365433016.41
2026-09-23,0x266b5569ed3017e74dd48059c6db804e016eefcb,2389927.180929,-249375.521146,-0.2262120321,1108282.202056,0.9913584671,1579474.449541,1.659600396,8503652.01
2026-09-23,0x25ddff2f25a73b8dc3711871f09525ebdc6253db,275578.083481,-82252.885834,-0.2298651958,137460.140175,0.3844223552,330062.330946,1.9431381862,32712754.43
2026-09-23,0x07b52ebc029eddaf2b42a97cc7ef95467ed0d288,316424.027128,-1606.748841,-0.0065937839,172638.234321,1.2006626729,188739.614297,1.4781727081,2179793.84
2026-09-23,0x66929dc2b1e82bd5d1d075e3ef8f04a9d519bce1,790700.758081,-130680.281314,-0.1429811268,483521.902301,1.5740728673,448316.68586,1.3093970258,34776650.09
2026-09-23,0x4a33475623e47320049e883f08b810bd338f9709,478834.496542,-22422.887013,-0.0447332802,202662.99626,0.7338302325,299592.685475,1.6714441998,25769248.8
2026-09-23,0x2f58adc8b81f51b02acf65eff40d9f5bbb88bc9e,516751.311333,-39321.368808,-0.0707126428,316870.291416,1.5852945495,286882.635243,1.2480283966,48943355.46
2026-09-23,0x1313d08233619c6ebecf84465a85b595c6b2a5ce,251567.471748,33410.155238,0.1531470765,76438.439451,0.4364692618,166285.007002,1.7825754154,13622296.45
2026-09-23,0x926a8a1bc7fa22e2fdd4459c443158aa38adaf36,1547263.605192,-365180.102509,-0.1909494648,836044.252352,1.1755083,716372.344754,1.4628007813,129139950.98
2026-09-23,0x9af4274128bf812209132caa91c01dabbabc1f0b,354719.080289,24104.024737,0.0729066155,165450.582875,0.8741580619,239263.206239,1.5390969856,19398133.02
2026-09-23,0x634fe24f2f7396f5d967ec3936df04f49a3e6951,2663986.263594,-3574.341034,-0.0010279636,859643.042019,0.2690401712,2625770.123868,1.8373659497,224662030.15
2026-09-23,0xcc26f60bdc43a6f95fa0a632f935d539fb4044e6,504764.429561,2092.39823,0.0071147026,109490.13197,0.5864582418,316092.129561,1.6753499563,1209376.83
2026-09-23,0x874226b22939904f436ff0434e1fd0ab257c8427,1087125.097595,0.0,0.0,66829.851147,0.0655005023,714535.016351,1.9177510415,34696409.24
2026-09-23,0x4b3cd947eb86a32dadbde2e9a873524615e66c92,499030.4272,-3243.577765,-0.0169068979,270209.192637,1.1808746385,308028.725749,1.3509931013,27702623.61
2026-09-23,0x9e2cbb5d800181c1ef21b25010dc4ea80eeb5508,4755670.616625,89010.368052,0.1506680065,867400.335035,0.2230812861,4115522.003202,1.7944014838,1052894234.17
2026-09-23,0x17f0361771a9042d816cd007c731be15f05b094f,926514.389217,-26978.501667,-0.0600456113,386444.453481,0.8219385039,563119.93768,1.5027484411,35387244.61
2026-09-23,0x3ab38dee6ba252823b3ceba95390726cf1962a73,360612.91881,-40605.418127,-0.10120529,187347.274488,1.0812718763,232555.733996,1.3605066462,4757753.37
2026-09-23,0x350e33a777d510616fbdb483d1de3b50d1edfcfb,948013.635434,247694.136385,0.0995710453,4662805.10384,0.7201758269,6676753.755019,1.4979594635,607751154.63
2026-09-23,0x146c7c66d5045344e1bf6731849622d2edd450d0,337211.950401,-8601.412561,-0.0258519302,305675.672594,2.3238887225,182515.19845,0.7165980604,122661212.27
2026-09-23,0x8923cdff38a43d1fd59d323c35b900047e431bac,992480.503674,-39171.066256,-0.0974241551,442036.62372,0.6627463775,488135.800228,1.5587188243,25344209.39
2026-09-23,0x466669f8f1e45c216517244775c932b70327df9e,361953.269978,44.862378,0.0001239606,245.541791,0.0006788403,522613.879978,1.8611468875,9646395.65
2026-09-23,0x4b85bf981916936249a62b7e77f30e567997a395,1070812.405225,-32555.540058,-0.0294949135,318868.073558,0.3974204852,696754.5595300001,1.6415165053,2420713.19
2026-09-23,0x3e470a0bf8460c3a8320327cf5db7deed3a3aaf6,1601452.111275,3611.128206,0.0022600047,751498.890766,0.8841650018,931412.587486,1.3900860388,18868465.64
2026-09-23,0x109b448727cc4f07d93c808ab740abac600841aa,687085.302719,-93134.789087,-0.1193698933,356568.610334,1.0788217919,387551.452719,1.2938486008,36456631.57
2026-09-23,0x47818abc02d61af1e586d3ceb035591aeae4548f,1076739.132082,-179402.178002,-0.1428200606,686515.275198,1.7592857615,524125.38905,0.9484479814,2447499.82
2026-09-23,0xdd555cb73fd36b5d958daddf809e035636ff0e4a,986046.470335,213220.140611,0.2758965791,399388.059139,0.6807846807,576275.524407,1.406335735,6249463.62
2026-09-23,0x7e1ad5e2bbe30d6d202e7c41036ea0a07c560be9,1916649.868376,-153827.039541,-0.0748765185,2673172.477698,1.2982506368,2527634.203957,1.1366800446,367679771.77
2026-09-23,0xa516541e599129095d14f7faf8b11ae670c837b0,820488.844881,0.0,0.0,530439.188529,0.2085227475,1922086.566115,1.6682636851,64116486.82
2026-09-23,0xc6758a779bccee1ef0190dbe8292fdf44076795d,2857596.715403,-119256.6781,-0.0746070609,1422811.199845,0.8631156618,1771329.317558,1.3471297686,42702480.33
2026-09-23,0x71e5e968b2058af14d6786d12b9089458494be04,763977.651048,-61007.2612,-0.0739495478,253704.500107,3.0280767845,111450.551112,0.2610298976,2736779.61
2026-09-23,0x9fde8e59c61c290c435c2d953e70a3873e06a572,564249.377164,-32981.578151,-0.1165136814,230102.917467,0.6634129887,353177.954912,1.4488036497,12104075.43
2026-09-23,0x52e6c32f0eb44f707e9c159052fc5039fc7b7725,360395.724483,-11582.868361,-0.0495890228,255381.370122,2.4318710683,355685.447886,0.497663822,110834325.02
2026-09-23,0xde6b2a06407575b98724818445178c1f5fd53361,2190981.439166,-279404.367319,-0.1131015109,1396169.653725,1.756604116,989968.558106,0.8242780542,3953427.94
2026-09-23,0x5aa13316231716ea438eb243feabc296a9094b2b,1429696.315022,-273626.035374,-0.1606425439,1534595.204413,1.0999877305,1573318.135667,1.159939757,50723484.57
2026-09-23,0x3d0acf9d5e0175444e389ba6a16b6b83f1933df5,493555.458719,-33078.282698,-0.0986761438,260216.65042,1.1147143891,262607.980854,1.1366016632,7074544.61
2026-09-23,0x9ef0c73fb9c3b96dde6b709fa89df72dd2a855e4,253053.399782,-51070.204406,-0.1679260901,153845.746159,1.5507451426,120402.350199,0.9076622505,1842606.41
2026-09-23,0xffe4e3986d18333402564ea64f3a83fcc1907b52,872678.506487,-65115.147017,-0.1044713697,667890.958116,0.432946815,1048217.575997,1.4501960281,7658208.25
2026-09-23,0xe98c1b647a1c9ea3ca029c3170d49b6854634245,311060.333631,-6158.179189,-0.021523924,135411.177355,0.874774485,182565.294603,1.2136476825,8977355.23
2026-09-23,0x9b864dde6ed1c21608b1665a0ac0faa4f7e36e6e,3211900.768706,-57178.239966,-0.0233141702,748540.17835,0.2972642834,2360334.817879,1.4910315844,3542212.17
2026-09-23,0x53f81d22b16ff1718ab8ee52bff0592685325f92,736621.75669,-6353.442269,-0.0366755295,305590.458257,0.700845236,417910.192142,1.2909955587,58262543.11
2026-09-23,0xee16198171b3cf5c96af82e538d489f78935fb67,286962.818651,5938.810692,0.0211327521,45370.991447,0.1806228807,188250.57597,1.5224071111,22578896.16
2026-09-23,0xf93f055e03a8ba214eec82ab80b814e40dd93376,1489004.552723,10284.774301,0.021631546,487676.702357,0.9719359254,688358.056049,1.1234131506,185708760.1
2026-09-23,0xb85bf31a9540e631461f295fbe1a3c3d9b8800fd,560491.007455,-32396.387529,-0.0546417208,188942.875455,0.5085286647,323043.262562,1.3604814933,69377369.12
2026-09-23,0xacaf2b49c521c83d80bfe5876a8e2418c99dc435,316250.035563,-14839.441407,-0.1278811733,157353.811407,0.9902929553,167573.52877,1.1271016005,2200025.22
2026-09-23,0xdbea0f1d234240e8f8a884cf0461371b3ec2dbcc,649408.89652,-61018.2948,-0.0858895824,222637.484639,0.5216785343,380216.923346,1.3492286321,10727431.47
2026-09-23,0x5ccaf678b74464fac20f6cae8cbaa9b402010c45,1363506.408229,-39342.24332,-0.0405429383,304080.961485,0.2870244078,808427.909339,1.4564208683,4281979.18
2026-09-23,0x625ceba7f2fa59a6b10cfaed5c54ebf3cd0501f6,322110.381172,2782.136928,0.0087124674,-16313.449363,-0.1193829637,175130.838456,1.6490468102,4336569.13
2026-09-23,0xeadc152ac1014ace57c6b353f89adf5faffe9d55,19436062.495131,-3103159.321243,-0.2769306904,13194956.324356,2.1142015475,7012850.878706,0.5778705627,14741222.22
2026-09-23,0xbb1ac608e3bf90b73fa782007878205644c890a7,748784.8515,2164.219857,0.0083361828,435463.953851,1.063739402,475429.829684,1.0531662935,17262980.5
2026-09-23,0xc3baee00470d78c489b623f405e57d5d99bc0f33,700731.613159,8285.237139,0.0260987873,289167.010234,0.7026041797,358814.388301,1.2250853615,5251215.59
2026-09-23,0xdf4b79c5cebf5be025f9a0658a38a5440689c147,836189.821897,-72151.549865,-0.1605879432,473797.67787,1.3066959273,407739.216631,0.9512157725,27229540.56
2026-09-23,0x85e14c3f5f5151f7d8acac2d001ef050fab63de4,1451160.849096,-415435.818847,-0.2528666077,779333.63421,1.496641921,631336.562517,0.8525746242,210077254.89
2026-09-23,0x34e698305bc5c93029c12186f4e9a0a939c18d74,1254417.354248,-67778.71444,-0.0512622266,321480.099164,2.6048522955,254450.574248,0.2544590274,1992162.03
2026-09-23,0x5371c4517b448006941ae335e5cafd54af573c11,2409539.234622,77084.454286,0.0330486383,1152052.42174,0.9161546745,1250603.769772,1.0790969883,11667067.4
2026-09-23,0xfdf891f2b214a4c9374d26595ec6d4080262e381,2705007.37777,-2852.305897,-0.0010533433,1511113.946615,1.0840957514,1446886.788859,0.9922956989,6636608.62
2026-09-23,0x9466140c8781e253fe426c87ac17ccba500140ff,528759.765468,-81862.289996,-0.1871119166,304046.539601,1.3524502047,267358.983859,0.887004954,4072419.38
2026-09-23,0x68f33dd18add8ad4830d78ae66faa98d58f2310e,684421.924466,-25262.344896,-0.1880980771,127955.956384,0.2286477583,415149.611058,1.4192748622,5210098.36
2026-09-23,0x0c5d0549a1f7ad185286a08bfc10f8e9a1c936b3,12108465.376232,-706869.583257,-0.0551581044,3057800.731971,1.55417162,2108463.776963,0.7228647541,27304247.93
2026-09-23,0x6b25245f600e2e9ef91d4aaf851f4f6677721b2d,290846.677628,6469.955251,0.023653293,174551.353305,0.8066318154,202485.627085,1.0744163131,257172142.76
2026-09-23,0xf08208e088f89970068dc0b2deaa440f6a7d0250,654139.383604,-28704.348466,-0.0420364823,109842.444138,1.8069051804,62458.769488,0.5773914306,2423917.15
2026-09-23,0x07423f74354aedab79af49892ba88c5ec73e57c2,454034.179766,-133642.454809,-0.2616348652,49080.567223,0.1212004677,279899.350681,1.4555218262,112119789.94
2026-09-23,0x2137c0f5db95fae5b1f29af50fa1a343e9ccee83,730883.841974,54676.476234,0.0808575579,263415.176046,0.5604951886,419727.718555,1.1772692661,34469106.68
2026-09-23,0xd0868e73a4cf27319c6d36778f17594dbf88aeab,358835.234794,-2999.387506,-0.0082893878,166489.972959,0.8655787586,182451.172751,1.0343971595,1755409.34
2026-09-23,0x153c8444380512cabdc34f6cea09c322e14e319a,5067168.599433,-805418.683881,-0.3031526923,2922780.407085,1.3629903473,2284715.282873,0.8211154053,2534044.29
2026-09-23,0xafaca2cae451403775504d63c57b400615e621cb,368217.220582,-6054.565125,-0.01780812,109478.962797,0.4231263043,202020.272234,1.2400426973,2401678.04
2026-09-23,0x3a7f29e8d0e3f8131670c3849ae37860512b62df,650502.694388,-146149.819742,-0.2452745925,390508.213384,1.5006902212,275416.631068,0.7338364353,13138379.35
2026-09-23,0x422d82d5e532fccfadc6a72d8c6b64727892239e,1509075.389275,-201.094323,-0.0002432689,487140.313145,0.3684763669,1274583.741256,1.2502095595,4845223.61
2026-09-23,0x9321d8117e73b0c79035f0e87debcfd8dbb1d75a,19482429.321993,390596.267876,0.0380092283,6591040.089502,0.5112706508,10492602.432273,1.165206843,369236063.12
2026-09-23,0x456f1049c0f2ec990091bbd3f30af62aca3fcdf1,3112258.296279,-118564.264405,-0.036697857,555575.014644,0.2173030264,1770414.563566,1.3193895238,43236826.9
2026-09-23,0x00532b2e10626ed952d6664b9c6848646b227b57,521998.677024,16292.995839,0.0322055997,227558.566292,0.6994164826,371842.574053,1.0667448213,4584845.86
2026-09-23,0x36764af31381057e722a003a69d089d54fe2c61b,366315.97159,-64473.966948,-0.1496645144,182760.055268,0.9956642037,188172.613349,0.9480746917,6503828.77
2026-09-23,0xdd7a372377fc633f74ab6e20963803d52f448830,6625785.394413,-437086.111405,-0.0618850436,2580262.662879,0.6378069867,3484269.608375,1.1091045997,37690283.4
2026-09-23,0xe4b3936f5594f8d5b352dd3540622f995d04f543,764911.495492,-214505.052699,-0.2093924128,938867.115854,0.9369515843,883654.755492,0.9772490863,73619126.11
2026-09-23,0x8ab13dbc3d2ab5ea4c4b37f40696254a730015ef,3196610.613862,-322979.770714,-0.0917662953,1871307.701384,1.4119849008,1214140.418287,0.7198220441,302609355.56
2026-09-23,0xffb285456daa57d757b9c9020a6302afe5a95ed6,309738.674059,-29915.904832,-0.0783558841,225776.820638,0.8684998538,240447.049123,0.98024973,8717880.0
2026-09-23,0xc3ff20a75d873e2e9f1bfaca6617b68669645c31,506227.649012,1944.553682,0.0038560755,189449.556805,0.5980513219,265052.066259,1.099000418,26295276.72
2026-09-23,0x597568694fe6ee1b701ec8578bd57102c9a29abd,3692583.320687,145456.40214,0.0383069635,1281251.829059,0.4814326337,2240245.897703,1.1474686042,72192957.18
2026-09-23,0x5f6eb0dceaae65eca27c926bdccb0a7fb13bc25e,273975.427781,-76176.174996,-0.217427799,148819.374965,1.0142881188,140611.097736,0.9075708841,110451758.7
2026-09-23,0xb2662fca65f6446b8b1898340118d44d680a4449,2399443.937032,-166123.385797,-0.0930450534,1163282.28831,0.5713113637,1681069.174354,1.1071503661,22620976.47
2026-09-23,0x07aa5fbcf73fe9ce5ee42508be7185eeca77e134,306385.199215,-10269.347099,-0.0759474458,144948.150088,0.8978617416,147824.659215,0.932291598,35990890.82
2026-09-23,0x739c52c1009e970ab30ea1f28401df41e18fcfb2,1246059.659004,-157963.680707,-0.1125078738,668922.906085,1.159037096,556736.049695,0.8076555472,11364310.83
2026-09-23,0x9fa84c1d6a4938b508c9054a48fc8729728ddbf4,296277.403244,-127768.02935,-0.3013074061,188548.445415,1.7502113565,107774.663244,0.5429351772,9100930.83
2026-09-23,0x64702807a1f0f9888ea22b858099d7f481227b55,3390307.415181,-288415.01168,-0.0784008626,1510348.5044,0.7628181051,1827455.819471,0.9970560758,79621115.61
2026-09-23,0xab7fb756330e3983e676f44c03dabda9120aa273,557320.246181,-100481.777528,-0.1527538285,312989.752991,1.2810097868,315981.969001,0.7474078219,15553204.24
2026-09-23,0x3a23b10845e911b6944d9dc2f1f480fca3af35d6,762005.767649,-101872.030949,-0.1192491262,524235.443728,1.0489527262,471363.302916,0.8529263185,4302805.85
2026-09-23,0x470756b530bfa294b80dd4783a1fe13dcf3b3394,397586.332957,-531203.708079,-0.5719308846,168757.160353,0.7374809158,206660.056714,1.0824073557,348788641.24
2026-09-23,0x8ecec0c9367490d2044aaff4030ad0becc33218b,900128.339114,-165390.706028,-0.1907598212,345934.518303,0.7730302541,489776.805099,0.9959162666,16180453.06
2026-09-23,0xc5a1844c09eff6935f6e914df70e21ef425b8fac,368656.863676,-11001.53222,-0.0396056418,158651.618273,0.7551054614,182359.916815,0.9784265881,10680602.36
2026-09-23,0xd9ad5e8a0248e12c7fc44ceab922e367d059d7ff,593494.540945,-7230.446666,-0.0210343542,305233.883187,0.9617886889,287846.060839,0.8598876018,15009022.75
2026-09-23,0xfe7e0a8b33061f13fa1f72774b164667c3b911b4,723662.81631,-51874.314777,-0.0668882413,102130.576729,0.1643206422,402411.239241,1.2526358405,4241812.95
2026-09-23,0x0c1f6941fdcde9488dfd36ca16fed6b3bc49672b,837619.357144,-84512.553243,-0.091649093,349609.102382,0.7163970408,414712.668242,0.9806245187,99581101.8
2026-09-23,0x2718f952a15702336c31baa335f907edc0ed2fb0,321215.135807,-13326.718569,-0.1464416147,139380.983822,0.766470671,160929.503509,0.9619260176,4889293.03
2026-09-23,0x5b676c5b03f38557e6f21257732608d019cec66a,252782.247847,-53801.505059,-0.1899186004,394326.624911,0.7073686383,581538.327952,0.9688280328,46777227.37
2026-09-23,0x86d2161a18a6eb5be550d5253496e5a161cdf731,364305.167047,-17180.794057,-0.1525644544,59718.129458,0.1960626097,199266.208717,1.2073889143,8719224.729999999
2026-09-23,0x4044570e13b5184f7eb2709de25a4eb766a4794c,4899133.010495,-150324.43022,-0.1123792207,2089372.364615,0.7436122246,2549672.071047,0.9236065694,149644891.88
2026-09-23,0x9386b9538884d849943d77f1c5412de9e72b021f,1585121.069604,-86223.94093,-0.1156042237,730307.263398,0.8542466598,736805.197745,0.868448154,169732414.73000002
2026-09-23,0x79399dac99daa4a77d2bcd8ef6f5abf5966468e7,459276.347855,-62377.52132,-0.1227803684,77067.472564,0.2016370565,466992.379037,1.1874177848,2247744.11
2026-09-23,0xde8d9e530b0528ffa7b1190f862536c055dd9524,28833658.848882,-2173091.657377,-0.0700844694,8315733.028335,2.0121034486,5778123.696932,0.2506176352,12463802.69
2026-09-23,0x230963164d9637a4c536270a06b4e3636d44a2d9,2275054.064599,-48889.796111,-0.099993473,328263.873839,0.1686180028,1228186.041772,1.173200456,2000150.86
2026-09-23,0xbe1e9f1119e583c9547258eb7c7553219cf80875,338413.977212,-34417.128144,-0.2530561746,145729.467707,0.7563112784,115669.31677,0.899386674,2551135.52
2026-09-23,0xa19ed0ae46e89461e56063f1ed268a0dc225745f,561195.754595,-41187.337009,-0.0683739925,262216.068181,0.8770364011,249514.942503,0.8005463693,8003959.15
2026-09-23,0xe676708ea7611c93ee106b1d7a2c6f721fc10c18,571162.448807,-15739.421267,-0.1587651638,127954.578761,0.288701053,132103.246749,1.08385886,1009258.78
2026-09-23,0x5c3f126c107ee8c914e6a5b3d21f40d4f83937f4,606695.338997,-78016.022832,-0.1139233768,355300.868937,1.1784656245,271348.665928,0.6253915377,11630270.19
2026-09-23,0x538ded4d0d461206ae8e0c021d5179d3a31d2b12,295426.859639,26488.852592,0.1290024852,157589.519437,1.1433006412,110385.688005,0.5965466335,3008313.51
2026-09-23,0x866d4903b256ce7e7caac46a91e83128bb0fd6e1,4733596.791626,115818.061439,0.0468179105,1510573.381459,0.4686821004,2309102.687522,0.9450003107,9980947.5
2026-09-23,0xdff720130481e2ded32a0fa06bec909b9498e625,338681.642643,-12438.013196,-0.035423859,108293.143047,0.4700457846,165508.525915,0.9557402964,11816863.96
2026-09-23,0x09dccb6f33b986987457d33db6801b74d2a2c094,12165278.376362,-681191.348258,-0.0530255676,3294230.687797,1.9320734813,2168905.426362,0.2169692385,71386983.29
2026-09-23,0xd26bfbbc1581eac337b5d05b5383c551a99342ac,288952.522397,-6982.288478,-0.0371581217,162197.486613,1.2776064599,100989.575464,0.5367158145,11494448.59
2026-09-23,0xa2ce501d9c0c5e23d34272f84402cfb7835b3126,16847115.457067,-1618493.831253,-0.1955423101,9252943.94053,0.7347004865,7499531.860522,0.8291096576,35042758.84
2026-09-23,0xe6e3355646051ff76174dd36f6e0fbe2b2cb67f7,294113.278966,-83777.298825,-0.2216972419,137676.059203,0.8800722706,126408.982965,0.7537611497,9065231.72
2026-09-23,0x51a4cee5e31cc8f3bef1564b7a2d0005e2775a98,437426.543461,-31267.01137,-0.0667109907,204389.579564,0.8770693548,183979.512102,0.7259091224,1791388.77
2026-09-23,0xe2823659be02e0f48a4660e4da008b5e1abfdf29,2841587.553372,-55377.845461,-0.0825973307,1205512.86405,0.6106830772,1631139.933817,0.8564877081,16506900.32
2026-09-23,0x7491180d3e43719bd8a53cdfbef27a1527a1d90f,1088276.659858,-73752.477025,-0.0634686986,345405.359285,0.4649598915,522694.972975,0.9241723788,48148782.84
2026-09-23,0x46926d8fad4a36047a73ed7be1cec963c77fef87,639883.836499,245747.520189,0.4826934063,311550.836499,0.7027467761,311550.836499,0.7027467761,23834440.39
2026-09-23,0xf08ce2742192a08dd7258880da2c233c56d72b57,340334.402635,-54481.27118,-0.1379916632,147227.741914,0.7394415706,150169.733033,0.7684037032,25467654.06
2026-09-23,0x099691c206cb8ceaa41d3b9e55aaf859b2d3f78d,286710.139037,-24969.848509,-0.0801155115,128832.446371,0.684083706,145991.509216,0.7835424056,2529541.42
2026-09-23,0x421183f04d68d0c2c68e27f07ccf84cd8746b9ef,321560.912262,3626.370161,0.0263838727,139840.692808,0.7695384324,149284.392366,0.7201383179,34670216.55
2026-09-23,0x15b325660a1c4a9582a7d834c31119c0cb9e3a42,13666723.052545,-1076407.777082,-0.1661639189,6321214.669168,0.8605550956,4296678.478926,0.7018975889,21082044.71
2026-09-23,0x9757fe365ef60247665e9e312deb6cc8fa04d75c,834546.347076,-130900.703069,-0.135585585,417345.078728,1.0003447026,321444.975773,0.6264745989,46299349.59
2026-09-23,0x4e28dee6193035725e993860bf8838d4e5326a9c,528182.584831,1951.280157,0.0286909342,203534.026861,0.4288099552,318289.720574,0.8844013099,9973599.98
2026-09-23,0x9940fa4b0e9e9ebc39e7eb405fa4dafcf8c644e3,260262.387115,-33087.501483,-0.2663341316,83608.730487,1.4318160013,42374.908483,0.4253342631,4443475.75
2026-09-23,0x8be0b9c4dbfb90f47fb94e8968dce08d3152326c,676455.575728,-58043.124539,-0.095671624,440276.326766,1.8641617699,98391.786842,0.1727782518,70883106.67
2026-09-23,0xbe10fd36393c8b677281d0bc2cf1bb8c98ad4b34,2903510.248329,-186785.453731,-0.0604406454,1017065.041132,0.5281960909,1350439.959134,0.8273387444,23212409.74
2026-09-23,0x1317ea30e98a643fe356f01f5bc33cd0756044cb,271286.052869,-12744.189657,-0.0448691292,120856.079708,0.8034042496,109827.007709,0.6802158876,10871633.61
2026-09-23,0xe83b5e3644b50e802a25b34b38b91a061a0d3ca8,5752266.868387,-60745.561188,-0.0104497482,1021917.833555,0.2160297735,2823232.862567,0.9638455793,61647450.43
2026-09-23,0x2e2b6070bec9be9f50887cfe306ac6ca93002fab,4220799.649649,-257847.609134,-0.0606518593,2099172.049738,0.9894158852,1933892.833441,0.5794443293,4973470.43
2026-09-23,0xdc6e251c82e1f1ae93a219822f7b39b445028cb7,360665.524186,-39284.687848,-0.1358226744,172952.657463,0.7275683846,121771.18127,0.7226495711,2269353.16
2026-09-23,0xa3555141f2ea7ed01e1d5a6589c4355ccaa31bf5,911138.700695,-14673.915639,-0.0158497685,271467.822847,0.4243867155,419115.024349,0.8518188138,1841837.98
2026-09-23,0x194a3c3dea1c9e90f164109fecc649767dc99870,461799.712813,-31841.54732,-0.2357736589,158913.947076,0.470179421,242152.248068,0.8640658236,4975436.69
2026-09-23,0x8463d6ffcbfb56bf20ab2e1111f9a0e8359533f2,613987.200252,-49448.393122,-0.1007634097,428557.37124,0.7969841683,388889.94601,0.6735293432,36519740.23
2026-09-23,0x078f98976f6a7e621fe5dc35fae8a664e084b280,451193.983551,-8037.735455,-0.1268184367,43690.584715,0.1072152646,46667.01,1.0215972088,13150667.15
2026-09-23,0x0a506b1e47726e769949086ea60b5b01cbaf956a,358178.211568,-706.637174,-0.0021374229,76926.668729,0.273515544,171353.415055,0.9171877516,25136117.64
2026-09-23,0x24fb52e17e3d4fd62a119b8f53c1a3f3bfe65c2f,321578.569505,-11721.85122,-0.0351690262,162995.540365,0.3936195299,392485.004711,0.8599489501,17396313.77
2026-09-23,0xf7619dfb29b83bf5118fd0107c676156cd5e5605,377682.942138,-6068.98549,-0.0559250119,155745.530281,0.7017542873,155822.076069,0.7023414216,4671324.3
2026-09-23,0x60468ba27448f88b19f52ed02f1a8c52f7a0b21d,8337792.325999,-1894836.59504,-0.1851759318,5323396.981169,1.7659916408,1340794.125999,0.1916241919,171596692.79
2026-09-23,0xcfe2729438475c5eb9e8e6da6b314a0b9e2d8fb3,23551024.911308,-1458237.777293,-0.0583079076,7182509.350933,1.4857862335,5560682.901308,0.3090926731,55119666.5
2026-09-23,0x0e1cdcd958d002d98528c973f1397b7784abce6d,1076962.114005,-191955.635556,-0.200554631,558935.132722,1.078969152,374874.987981,0.533943686,10782988.96
2026-09-24,0xb4a3349619ff3da514b42bd7a124947aaf2b9210,711906.021327,77209.381679,0.1216476925,581428.732046,3.2216171595,747797.032774,36.9392691067,29285319.77
2026-09-24,0x9bc920b65f5c119bad954214f9ac01b508a3e828,264213.062881,-97544.804046,-0.328771717,124510.217762,0.8906129032,247696.776975,14.9068677788,21443525.17
2026-09-24,0x005a09b498f2a28b54652a70d7812e63414161fe,1813966.457304,-134044.098476,-0.0647895887,1122247.380139,1.3592738959,1772259.104443,8.2193154938,1157641.09
2026-09-24,0x6e8fa9304880f4a428bfbc35166c7e2825574364,516449.527742,-88010.986519,-0.2225756683,430844.091862,5.0329057662,418739.44359,4.2855445485,2684195.67
2026-09-24,0xfd65235129debccfdbdcfdf8aa96d3e125ec9d10,923057.006066,-343851.638332,-0.3269186723,621677.14988,2.0627694158,786151.571044,5.7422962859,26400769.9
2026-09-24,0x5b5f798b94f54d33ba316c8b1c837e930c90c052,373290.476317,-874042.5234,-0.7007290943,457745.747019,0.681245765,1792099.929653,6.1642700455,193760413.87
2026-09-24,0xf1993943c9d3475aa28c6b933ec74fa7b9a1704a,356273.05187,-66909.402695,-0.1581100586,169992.675454,0.9125636759,304423.748269,5.8713179759,9493014.18
2026-09-24,0x413042415510b6395667abe224505d0894ae67c9,400865.843582,-43959.10618,-0.3988643903,86847.505912,0.4762662024,459059.215462,5.9768177135,19308255.46
2026-09-24,0xe7795fce474d1eafd645a29e799a64f85dc26ba7,532357.212686,-13424.928175,-0.0245930892,420247.624233,2.280167438,549673.353942,4.9002444812,26994745.24
2026-09-24,0x30afce2f6842bf183c7e3fe7162e279ff0b6393e,21138048.07042,-1775375.093066,-0.0774818795,13400367.550506,1.7273678023,17467957.61284,4.7337482059,77106440.56
2026-09-24,0x991e044d97b946fe549e92ac9bfa5119592a0e54,1906949.120877,-263614.360112,-0.2625392485,806476.51173,0.732844976,1570666.403453,4.9439599632,2239335.08
2026-09-24,0xbf732ea04197942783e34730ed6e0f6099575d58,6465779.044404999,-661796.154875,-0.0928488131,2894682.989261,0.4174503679,11596698.691653,5.0126220021,708904800.44
2026-09-24,0xd580b86a5db87c623763b058f3a12853bf30acb8,564105.059509,13342.405366,0.0272169716,413481.300371,2.7451266834,438723.988386,3.4991245844,20384222.41
2026-09-24,0x1e7127c81c8a58661a0811f026b6be66533934be,778506.034813,-189012.779911,-0.3034459279,238528.497478,1.0685976573,640698.461459,4.175082336,41945337.76
2026-09-24,0xe77cdee1aa1affa10231654fe438b63ab0ab15db,2449577.195595,-239655.402863,-0.089116651,1816320.897976,1.1356658381,2745418.295595,3.9247091799,430341831.82
2026-09-24,0xbba0681681815bd70f9075e0235e7997b7b519d9,365282.769676,106877.384004,0.4136035467,268783.748619,2.1247891594,368477.973783,2.9035780026,41218699.39
2026-09-24,0x98e8118481aa01872142a7c447dbccd0528df831,974111.89476,-46290.729863,-0.0453651615,621921.543232,1.7658676353,884170.494188,3.0970501291,144827264.26
2026-09-24,0x28280399d9afd68a3555c65ca6a75a1bd55693a0,309439.208882,10585.877208,0.035421647,239780.0352,2.5330881929,263874.025332,2.6239098219,5462752.92
2026-09-24,0x20b7807939c774a152b396beb704acac68fa10fe,448536.8254120001,-405845.863117,-0.4748869379,387663.885461,6.3269751312,196960.06997,0.7816638146,40647872.49
2026-09-24,0x4cf7e47900fcd74f1066e98a37ddcea87616552e,448489.954343,-60722.372214,-0.3336337024,91601.053184,0.2471792086,373939.685892,3.5659692031,1240974.36
2026-09-24,0xc786b3302e681745813f8011e816336bb5baeb75,830177.890626,83343.682238,0.1086853994,149974.19744,0.2141865273,691414.784419,3.4452614985,226690601.67
2026-09-24,0x39c3492e9171872eac6a99d9c0b6dbae5d4ae959,1916281.162775,7606.601603,0.0039852795,445365.374373,1.2303486684,597109.343161,2.8401442527,13629377.49
2026-09-24,0x4cae5bed586f6e73ae54ebd40a4ac4ed2c477c34,5033397.930786,-229129.908769,-0.1128269196,2224630.106805,0.789220768,3781834.903036,2.9218178422,7890488.99
2026-09-24,0x0752075607ff962ceac6802f11d89334076d9254,275700.234806,-66874.115952,-0.2337979774,156196.829597,1.3070491952,199397.204746,2.6132278704,8295962.63
2026-09-24,0xedeaa967b0100a4df613533df634ffe6cb5fd773,1693780.828459,-116926.8684,-0.1043295139,543028.723364,0.4718902716,1271573.839463,2.9420483052,306006158.94
2026-09-24,0x1338a67b37aeaf796357d78501a0c3695c51c48e,2492552.787719,-148378.233048,-0.0561840623,476825.200194,0.2365524008,1858251.718173,2.9296052102,5628577.75
2026-09-24,0xf9faba57a81d1575d3e506dd3eafe7db6f2a3275,1147279.046029,39587.825346,0.0357390441,868711.761804,2.7269333821,753453.662745,1.6602281197,77616077.89
2026-09-24,0x5cee0ca5f78503820d857371bc018dceab01a723,5969558.257268,-182290.868032,-0.0296318821,3009210.934211,0.5666693252,5976656.685049,2.5509636239,206083212.78
2026-09-24,0xd1581ae3dc981bfb70cceace6647a1c35df09dab,2980375.864967,-951284.492051,-0.2425302961,2419844.044518,4.3170502659,1191163.234967,0.6657471644,1373647162.59
2026-09-24,0x266b5569ed3017e74dd48059c6db804e016eefcb,2353535.946888,-358127.246742,-0.2887423964,927329.777587,0.9714269284,1746277.413284,2.3329564403,8158524.29
2026-09-24,0x7f75db96ccc27922b50d6e102938814a67fa9edf,415944.729525,-67123.088172,-0.1389516869,209610.06356,1.0158741992,289284.232449,2.283934132,14900703.64
2026-09-24,0x7b51c5d9366077e1b3c1cba383389752f486071b,589262.326781,10711.789332,0.0185148723,305685.04255,1.0779602583,406050.575235,2.2162911047,14490746.03
2026-09-24,0x0eba880f6be60142c70019d2dd46c49c47204eea,1595375.856005,-143397.27377,-0.1603046163,823619.475184,1.0672013807,1092775.522736,2.1742435299,207890830.64
2026-09-24,0x41c684cbde3e449cc67c70aacb6132e3eb25b06d,419736.261969,56494.424004,0.1602183018,82233.099533,0.2436513452,414867.650032,2.5235052533,48406338.55
2026-09-24,0x2fef2bd40f8dc6e0986a462c1117054faa965071,512175.879873,37260.259227,0.078443778,367955.495653,1.9435598399,354431.02324,1.6636383441,18442323.52
2026-09-24,0xa1be71b903206120fa2b2245e145a5d7be09d8f7,528761.053529,-129838.968277,-0.197143887,153249.366129,0.313262811,520696.912841,2.523593393,22595159.83
2026-09-24,0x188305ca669b93f243e5446e8666f96f84821c49,648833.313047,-31140.879988,-0.1168598306,137595.892228,0.2057741749,239908.592565,2.5524692564,9462138.48
2026-09-24,0xf21d494bb47339f399267c5519cbe11da0753b2d,2246034.151044,-131238.333403,-0.0552054231,616760.141481,0.3815320932,1694135.160115,2.4485296009,2109029.58
2026-09-24,0xcf67e4da9e9cd38c0afd26338d0fbddb3036eb24,3099127.851702,-392738.895156,-0.2108017114,1405392.492001,0.8111812122,2175080.180115,2.1967112805,23230126.32
2026-09-24,0x94b60c2a5db13689bb06a73657ac1216424de5b3,770729.445908,-124275.029474,-0.1493279651,255945.492945,0.5662407519,536678.640766,2.2930006177,47356493.26
2026-09-24,0x12a101b3c28b0d4e611061980c8645c459663bf8,482173.883066,-93915.419611,-0.3465215183,268667.055394,1.2583534603,320133.422172,1.9756388028,6428414.81
2026-09-24,0xe676708ea7611c93ee106b1d7a2c6f721fc10c18,667273.806269,104004.557105,1.3774615519,203460.31581,0.4386683872,236131.913699,2.0719566778,1009258.78
2026-09-24,0x20438cfdd36d75e185d6601697eb1973f4aee79d,413961.830369,-30955.811102,-0.0910958446,200810.784554,0.6495555515,385157.960991,2.2033719295,12577376.54
2026-09-24,0x53969485d7422b35c7fe5a4025498f9b69268b79,3217049.537183,-140776.61092,-0.0419249254,2501948.609963,3.4987349544,1782572.325371,0.7419726258,96943912.52
2026-09-24,0xff362f53805324725375113a6125ee64746bbf14,355424.00882,-74261.368803,-0.1947084134,110850.032439,0.4532372335,247240.947927,2.2853942742,6333146.51
2026-09-24,0x4b67337795c5e1ca1aaea307f57b79419c632c88,313796.383042,18886.444074,0.0640413995,215320.81672,2.1865405274,177292.523042,1.2988095944,1455156.34
2026-09-24,0xbed672966f600f4b09ed341d042891be865cb623,1304025.275579,0.0,0.0,585558.816301,0.8150120423,860277.319345,1.9386620429,1257999.82
2026-09-24,0xb48e45c76e7442d9944790085399e26b7d89b1ed,659573.451069,-91360.616365,-0.1216712442,474936.430324,2.5722708718,341493.367257,1.0736081403,663986352.61
2026-09-24,0xa55a9a19f5f5e18cbb6b5892d1659956663a1f35,1289586.082618,22609.254471,0.0178450418,897168.950601,2.2862716822,696781.916089,1.1754025674,28455079.86
2026-09-24,0xca810f64a0bbc8498dd0d714113c8518feeb8d29,585985.954058,-91729.397987,-0.1353509223,116234.60201,0.2474385683,368053.019391,2.2002169276,3734928.88
2026-09-24,0x8d134fe41651db874e73cc019a0f572294b0d55d,308156.131098,7872.526097,0.0450441518,178683.260326,3.3523201512,117082.030906,0.6127572015,10400480.29
2026-09-24,0x48ec0004494081e8332589faf0747d568da79faf,373840.669113,-73188.548661,-0.1637220695,207194.250283,0.7918858314,304734.981025,1.8569411773,107361825.13
2026-09-24,0xeb0f432beecf10dcc828fc1e36a3386caf634637,2282022.110751,-211292.917952,-0.0849864745,599343.918234,0.2937574434,1978194.117437,2.0849200855,55805870.01
2026-09-24,0x9c6a5b4662c722d2c47f43d6c9813cb080ffa4ed,27220960.524979,-751030.815286,-0.0268493868,8341925.006726,1.2434587271,9200692.825347,1.572800628,3462446.84
2026-09-24,0x3f240a16bb7c34302cab342227207acc3d9e0d4d,707982.656319,45526.234282,0.0687031413,480909.1683,2.1160398104,373355.059107,1.1150832178,383000573.31
2026-09-24,0x926a8a1bc7fa22e2fdd4459c443158aa38adaf36,1630383.728559,126903.251274,0.084406318,772477.395898,0.9004216037,799492.43731,1.6325283499,145747420.22
2026-09-24,0xa178a9ebc949245b2f453d87966c1653115b999b,973448.0930050001,-188636.311719,-0.3330710351,353110.223018,0.5089698225,666050.093005,1.8751476265,40441707.11
2026-09-24,0x2ab7c8c121bba1b6b744664237ae00ded55ec2f8,1591955.850528,-174531.207811,-0.0988012943,261717.085501,0.1967444448,1126966.48734,1.9644343847,3946021.32
2026-09-24,0x75ed8c3d0ab4a1246d8ea316c76f1ec5c5fe69bd,252668.683141,-5964.20373,-0.0333516742,95919.29219,1.0036113539,155615.964026,1.5415838247,4468803.64
2026-09-24,0x76a42772800e4be5764bcb6cbfbc93c0fd54e43b,273144.871959,5082.575036,0.019647798,169189.272079,1.4859856368,159164.17115,1.2848077651,2772346.62
2026-09-24,0xfa2dca328d8cc3b47dd0f9bce6933ca4531e08fb,1041525.655226,72657.56403,0.0749922148,581555.247949,1.264331876,602458.461447,1.3721327168,23071847.91
2026-09-24,0xf3cf44e15aebfe9c810115f78e8dbfe28bb6a4b5,791268.133088,4992.921472,0.006350094,508050.824171,2.1471623171,359855.671636,0.9351511747,6102003.03
2026-09-24,0x8923cdff38a43d1fd59d323c35b900047e431bac,1082640.9511270002,21756.824767,0.0475501979,437766.867167,0.5749444399,562364.280267,1.7118683659,26478281.25
2026-09-24,0xc3baee00470d78c489b623f405e57d5d99bc0f33,705124.601126,-81073.006258,-0.1972220216,220256.454697,0.4542605166,421720.919232,1.8003600032,5867360.79
2026-09-24,0x4b3cd947eb86a32dadbde2e9a873524615e66c92,513309.378871,6545.638307,0.2386598829,265923.855414,1.0749370121,322307.67742,1.413619615,27702623.61
2026-09-24,0x2137c0f5db95fae5b1f29af50fa1a343e9ccee83,852745.52571,229942.225284,0.3692052131,385276.859782,0.8197926537,541589.402291,1.519071841,39164897.68
2026-09-24,0x07b52ebc029eddaf2b42a97cc7ef95467ed0d288,331192.579605,-7618.920958,-0.0913910101,147742.46652,0.8053550038,203508.166774,1.593837198,2179793.84
2026-09-24,0xf124c3bd6544caebbf68824eab8c009b3f448196,415587.266097,-31561.640527,-0.0705841836,198523.033765,1.7067136976,221533.555116,1.0996474784,37158002.28
2026-09-24,0x153c8444380512cabdc34f6cea09c322e14e319a,5915765.569577,556927.739913,0.2598746992,3258589.959232,1.2263359435,3311202.166442,1.2713079522,1878641.39
2026-09-24,0xd2944617c67d7fe84b623c72341187ac89d79bd3,677623.93143,-198028.826692,-0.3435941579,318807.961116,0.8884999205,410476.4119900001,1.5365159027,9029581.08
2026-09-24,0xb85bf31a9540e631461f295fbe1a3c3d9b8800fd,549728.847194,-2283.897622,-0.0041374002,122386.053468,0.2863884808,350342.905965,1.7571093719,70819451.72
2026-09-24,0x9e2cbb5d800181c1ef21b25010dc4ea80eeb5508,4741104.939013,141635.113324,0.15631277,587836.039336,0.1415357526,4100956.32559,1.7880507284,1074087345.67
2026-09-24,0x17f0361771a9042d816cd007c731be15f05b094f,926514.388979,-70121.947749,-0.0703586104,293687.254628,0.5217216372,581847.190206,1.6343122463,30606153.72
2026-09-24,0xe4d1fa7e6141f9131345117bdb8b5701bca67662,882065.249239,281739.414197,0.4693108271,-68324.147264,-0.0718906877,570068.957704,1.8271658131,65538655.49
2026-09-24,0x466669f8f1e45c216517244775c932b70327df9e,361972.73479,31.616537,8.73527e-05,242.649055,0.0006708014,522633.34479,1.8612162061,9646395.65
2026-09-24,0x634fe24f2f7396f5d967ec3936df04f49a3e6951,583052.773984,-410538.263696,-0.1088147552,692592.615995,0.2130387131,2514515.464258,1.759516209,226629943.5
2026-09-24,0xffb285456daa57d757b9c9020a6302afe5a95ed6,337091.46967,15693.937423,0.0488302985,228952.114803,0.8057740722,301568.407325,1.4256998929,8717880.0
2026-09-24,0xb01d0612743a3401b16bef157bd69a909e3cd1dd,372401.553615,-43428.857882,-0.2024915829,131961.330007,0.3654461886,133542.867624,1.6801557198,31522766.28
2026-09-24,0x24fb52e17e3d4fd62a119b8f53c1a3f3bfe65c2f,381525.335757,41622.149549,0.122452955,242749.305757,1.6170387393,452431.770963,0.9912944999,17396313.77
2026-09-24,0xcd81917ff5313d02d7da3d47a9afcd3f635c36e3,299080.906924,-23177.034455,-0.071920755,168136.50882,0.7441499335,233647.457915,1.4563512744,7174005.59
2026-09-24,0xe98c1b647a1c9ea3ca029c3170d49b6854634245,319571.603453,18548.450773,0.0616180204,143737.896655,0.8198895521,198589.381523,1.3896330386,8977355.23
2026-09-24,0x109b448727cc4f07d93c808ab740abac600841aa,690266.981518,-43840.209678,-0.0597190849,347877.979369,1.0160314063,390733.131518,1.3044707018,36456631.57
2026-09-24,0x66929dc2b1e82bd5d1d075e3ef8f04a9d519bce1,789961.846667,-119155.673736,-0.1492812583,341087.308509,0.7598722572,466830.701958,1.4447097087,35408809.38
2026-09-24,0x4b85bf981916936249a62b7e77f30e567997a395,1057991.6095520002,-212028.436313,-0.2872666825,286636.004297,0.3488093083,692328.5768220001,1.6639992558,1946601.23
2026-09-24,0x3e470a0bf8460c3a8320327cf5db7deed3a3aaf6,1644093.809144,-118950.418826,-0.2005352376,689534.604829,0.7223591808,974054.285355,1.4537266098,18868465.64
2026-09-24,0x2f58adc8b81f51b02acf65eff40d9f5bbb88bc9e,520160.38408,2862.19344,0.0055329663,250713.098973,0.9304717948,295196.458676,1.312194647,50985213.26
2026-09-24,0x1b232b41b0e75550c59288b99874e4a8142fbe21,594590.701666,-255367.511678,-0.3004570564,412295.055078,1.7845825936,304508.423151,0.8987367048,37769394.89
2026-09-24,0xcc26f60bdc43a6f95fa0a632f935d539fb4044e6,490695.2274,-78136.16194,-0.1373626059,83064.302639,0.2037733096,302022.9274,1.6007804399,2040266.83
2026-09-24,0x1313d08233619c6ebecf84465a85b595c6b2a5ce,250198.482394,1283.688559,0.0051571405,45823.098598,0.2242104589,157376.228327,1.5609103087,13612356.79
2026-09-24,0x9af4274128bf812209132caa91c01dabbabc1f0b,342561.96713,-10204.533299,-0.0631418747,111396.494053,0.4818907105,225477.239782,1.4353769982,19678887.6
2026-09-24,0x8ab13dbc3d2ab5ea4c4b37f40696254a730015ef,3341649.367068,-272181.92167,-0.0753167207,1972001.374532,1.4397870002,1481722.877843,0.94731321,294371088.23
2026-09-24,0x5ccaf678b74464fac20f6cae8cbaa9b402010c45,1346977.035478,-161859.503768,-0.1503749899,236365.84551,0.2128250171,821052.444179,1.5611600175,4281979.18
2026-09-24,0x146c7c66d5045344e1bf6731849622d2edd450d0,356803.177683,21163.302599,0.0630536005,288159.422383,1.7086871783,196696.767144,0.7562165298,122659264.26
2026-09-24,0xb2662fca65f6446b8b1898340118d44d680a4449,2536748.309245,-304244.678207,-0.1951923144,593364.307168,0.2162891913,2025426.2623329998,1.5445681456,22350023.22
2026-09-24,0x350e33a777d510616fbdb483d1de3b50d1edfcfb,940390.745035,0.0,0.0,1863358.1615,0.2010884459,6669130.86462,1.4962492341,607751154.63
2026-09-24,0xc6758a779bccee1ef0190dbe8292fdf44076795d,2790675.727596,-111494.799894,-0.0889317875,1158724.447839,0.6278171212,1704423.169751,1.2962463656,42702495.17
2026-09-24,0x53f81d22b16ff1718ab8ee52bff0592685325f92,744886.723547,20584.777733,0.132971848,249702.821433,0.4992220269,426175.158999,1.316527445,58880939.31
2026-09-24,0x9fde8e59c61c290c435c2d953e70a3873e06a572,561066.640854,-28604.544955,-0.0859007151,142736.018467,0.3311499832,349995.218602,1.4357474555,12441020.19
2026-09-24,0x9b864dde6ed1c21608b1665a0ac0faa4f7e36e6e,3221551.444586,-375132.469405,-0.1350204622,561690.854721,0.211173043,2369985.493759,1.4971279493,3542212.17
2026-09-24,0x25ddff2f25a73b8dc3711871f09525ebdc6253db,280090.808224,-106271.210684,-0.2750560497,35137.038911,0.08627618,273876.755413,1.5793648764,29461264.85
2026-09-24,0xc3ff20a75d873e2e9f1bfaca6617b68669645c31,506227.649012,0.0,0.0,184717.294442,0.5745298458,284512.176684,1.2832310425,25204664.59
2026-09-24,0x9fa84c1d6a4938b508c9054a48fc8729728ddbf4,348662.44531,22838.210148,0.0700936508,209410.005443,1.5038157008,160159.70531,0.806834699,9100930.83
2026-09-24,0xee16198171b3cf5c96af82e538d489f78935fb67,281265.350312,241.343468,0.0008588002,44960.405677,0.1828365255,182553.109273,1.4763309699,23439520.96
2026-09-24,0xbe1e9f1119e583c9547258eb7c7553219cf80875,340866.62279,-1848.107298,-0.0112890926,106255.208527,0.9832822088,128684.514048,1.071985152,2580055.95
2026-09-24,0xdf4b79c5cebf5be025f9a0658a38a5440689c147,838672.83136,-66260.314091,-0.1115856892,458971.173699,1.2081315373,410026.181236,0.9561137556,30301187.79
2026-09-24,0xacaf2b49c521c83d80bfe5876a8e2418c99dc435,328283.74887,-36057.833574,-0.2481585363,108221.4381,0.4917763415,187798.982911,1.3367925101,2041404.61
2026-09-24,0x36764af31381057e722a003a69d089d54fe2c61b,383557.711992,-38429.650071,-0.0910682488,176826.878156,0.8553483526,214081.744822,1.1278661746,6618732.39
2026-09-24,0x68f33dd18add8ad4830d78ae66faa98d58f2310e,700163.334365,-71115.926401,-0.3801069846,143763.36841,0.2569247275,430891.020957,1.4730901297,5223193.76
2026-09-24,0x52e6c32f0eb44f707e9c159052fc5039fc7b7725,359499.575768,674.685631,0.0028326735,244955.275635,2.1385199905,337367.865086,0.4608021483,105250345.28
2026-09-24,0xafaca2cae451403775504d63c57b400615e621cb,386822.127554,-33548.749836,-0.0868938753,104654.46839,0.3708946259,220625.849946,1.3542476259,2401678.04
2026-09-24,0x3d0acf9d5e0175444e389ba6a16b6b83f1933df5,467823.321864,-49725.364982,-0.1513544727,181360.635738,0.6328848201,257645.02738,1.2252623134,7281424.91
2026-09-24,0x4a33475623e47320049e883f08b810bd338f9709,497330.278714,2626.925312,0.0053101021,135005.313139,0.3726083653,282126.280052,1.3109713658,20634263.18
2026-09-24,0x456f1049c0f2ec990091bbd3f30af62aca3fcdf1,3246117.253188,-303368.105445,-0.0854681946,507629.085388,0.1853683691,1904273.520475,1.4191470095,44056378.19
2026-09-24,0xf93f055e03a8ba214eec82ab80b814e40dd93376,1462252.545903,-414996.594934,-0.515567132,396069.158818,0.6990108572,661606.177877,1.2313395167,185708760.1
2026-09-24,0xffe4e3986d18333402564ea64f3a83fcc1907b52,850222.277084,-96161.837502,-0.1627974168,370043.65384,0.2035383292,1025762.1176080001,1.4191291797,7754660.91
2026-09-24,0xeadc152ac1014ace57c6b353f89adf5faffe9d55,20983120.541638,1556832.900533,0.1932329864,12604292.22336,1.5043024806,8565035.529134,0.7057731565,14741222.22
2026-09-24,0xdff720130481e2ded32a0fa06bec909b9498e625,348740.025328,-12497.566119,-0.0345965271,98229.019296,0.3921145855,196281.356632,1.2874397915,11665434.51
2026-09-24,0xd9ad5e8a0248e12c7fc44ceab922e367d059d7ff,593359.068422,25713.92961,0.0993719024,302261.801462,0.9439862243,308018.965621,0.9795791656,32882745.6
2026-09-24,0xcbbc60df1f1b062e5ce90715e1400a4acfe3985f,521067.50861,-119128.535532,-0.1689220965,314045.591363,0.8909797281,356117.781725,1.046174395,33307887.8
2026-09-24,0xfdf891f2b214a4c9374d26595ec6d4080262e381,2901926.224057,-26347.292031,-0.010302323,1189191.285504,0.6217229902,1661948.295669,1.1541484511,8126340.15
2026-09-24,0x9bd30e1bf7c4fe28180b01f33f07c7b277fb7026,268038.589093,90494.84565,0.5980702124,-19035.610955,-0.068709692,155003.190354,1.3712800776,19597653.92
2026-09-24,0x7e1ad5e2bbe30d6d202e7c41036ea0a07c560be9,1874805.017505,823.750624,0.0004395725,1533447.807239,0.6129666551,2485789.353086,1.1178623664,367679771.77
2026-09-24,0x00532b2e10626ed952d6664b9c6848646b227b57,516482.371085,-3496.625933,-0.0967286306,192679.428634,0.5946841938,380188.793943,1.1358604649,4437305.17
2026-09-24,0xdbea0f1d234240e8f8a884cf0461371b3ec2dbcc,637647.204992,-80815.872706,-0.1124843784,217894.545108,0.5191022379,350601.30136,1.1700082708,10676463.68
2026-09-24,0x3ab38dee6ba252823b3ceba95390726cf1962a73,393077.368947,-42826.674687,-0.0982573651,21406.658832,0.0576022446,238947.024133,1.3978972216,5803916.0
2026-09-24,0x230963164d9637a4c536270a06b4e3636d44a2d9,2358069.633222,-176587.454551,-0.2515439139,341116.865747,0.1691248656,1358270.325734,1.3585429751,2000150.86
2026-09-24,0xe4b3936f5594f8d5b352dd3540622f995d04f543,745350.059961,51423.973085,0.0741058364,887516.283022,0.8584709263,864093.319961,0.9556157562,79985407.05
2026-09-24,0x71e5e968b2058af14d6786d12b9089458494be04,781896.071698,-20587.79828,-0.025655093,220494.087916,1.634344349,199860.868615,0.5606623243,2736779.61
2026-09-24,0xdd7a372377fc633f74ab6e20963803d52f448830,6706207.067463,27856.170623,0.0106814479,1844921.688962,0.3795131422,3624074.947102,1.1758337429,31572602.23
2026-09-24,0x5371c4517b448006941ae335e5cafd54af573c11,2446304.525196,13959.716274,0.0083293656,805854.504198,0.4912399,1287369.060346,1.1108203169,11667067.4
2026-09-24,0xbb1ac608e3bf90b73fa782007878205644c890a7,747153.376701,-14856.483368,-0.0402549709,324581.101252,0.6258526034,473798.354885,1.0495522707,17681115.91
2026-09-24,0x38f9715251bd7b9962a51b6e56b547fedb11709a,526032.226089,44547.208356,0.0925204455,-13482.133939,-0.024534188,307809.032801,1.3486602381,219501262.35
2026-09-24,0x5aa13316231716ea438eb243feabc296a9094b2b,1335964.218982,45316.268691,0.0351112545,951899.440455,0.5052368401,1479586.039627,1.0908351161,50723484.57
2026-09-24,0xd0868e73a4cf27319c6d36778f17594dbf88aeab,371690.297728,-20760.209883,-0.0541209009,123603.191422,0.4982249713,195306.235685,1.1072782508,1755409.34
2026-09-24,0x5b676c5b03f38557e6f21257732608d019cec66a,286022.055791,8662.491096,0.0340854636,226018.906031,0.6295736017,614855.476055,1.0243335524,47584927.03
2026-09-24,0x0c1f6941fdcde9488dfd36ca16fed6b3bc49672b,815464.598996,-24201.567027,-0.1517046717,210893.255158,0.3488310475,441858.444085,1.1826851305,99604837.48
2026-09-24,0x51a2814a7e6475a44487f48e4dd1825b17f6c343,413022.663906,6812.410488,0.0583825087,64155.09783,1.0810872752,84269.120078,0.7772714265,1247598.85
2026-09-24,0x3a7f29e8d0e3f8131670c3849ae37860512b62df,634870.827694,-142825.394565,-0.2204872836,351639.694989,1.2405489489,269244.733669,0.7359432166,16915804.59
2026-09-24,0x46926d8fad4a36047a73ed7be1cec963c77fef87,694200.624086,263595.641035,0.4846228489,365867.624086,0.825265938,365867.624086,0.825265938,25880280.4
2026-09-24,0x874226b22939904f436ff0434e1fd0ab257c8427,1094224.265361,7101.32835,0.0298437324,7123.343859,0.0065526059,618713.32214,1.3011547494,34328473.31
2026-09-24,0x2718f952a15702336c31baa335f907edc0ed2fb0,314397.617909,-25944.532021,-0.2512099123,108988.463588,0.5305568672,166032.190947,1.0685622946,4889293.03
2026-09-24,0xdd555cb73fd36b5d958daddf809e035636ff0e4a,910370.993905,-104800.048745,-0.1032338831,134124.098549,0.1727853591,500600.047977,1.2216582287,6249463.62
2026-09-24,0x9bd64263248752d128cbdfd3f64f69f135dd4ec2,911086.399145,21321.147671,0.2008243436,278158.674321,0.3133743364,218007.756554,1.1000551461,1166441.53
2026-09-24,0x1183adc3227530215726fb25211bf1375ed91c74,269362.554121,-69958.954724,-0.2061730627,138259.051054,1.0545793806,119281.720032,0.7947831631,8535420.09
2026-09-24,0x597568694fe6ee1b701ec8578bd57102c9a29abd,3546105.612804,-418342.485882,-0.2359593612,695212.722517,0.2241975931,2218708.77504,1.2141362671,73367542.65
2026-09-24,0xbbfb6566ad064c233af6314aeb1eee4c26a5f921,2241459.69837,-99360.919285,-0.1423485267,518896.4504790001,0.2865938695,562937.656917,1.1671537641,24584764.02
2026-09-24,0x07aa5fbcf73fe9ce5ee42508be7185eeca77e134,308909.821552,-12395.953274,-0.1013358734,143081.995023,0.8628346522,143611.961982,0.8688071482,35398292.91
2026-09-24,0x5a889a972271631851a9716af8cdf799fb71d997,1135699.666203,38022.660893,0.3517499549,71640.079442,0.9618920986,85462.920873,0.7434724924,8693956.96
2026-09-24,0xc5a1844c09eff6935f6e914df70e21ef425b8fac,369715.951736,-49202.290947,-0.1496880321,144014.316134,0.6377912886,183420.0092,0.9841143653,11128918.15
2026-09-24,0x79399dac99daa4a77d2bcd8ef6f5abf5966468e7,455100.435668,-43336.293456,-0.0893740546,13543.35106,0.0306718011,478823.682456,1.2691576631,2247744.11
2026-09-24,0x9757fe365ef60247665e9e312deb6cc8fa04d75c,863287.572204,-39928.692044,-0.0442072332,383935.499099,0.8009467793,399047.542524,0.8595715945,39429998.13
2026-09-24,0x421183f04d68d0c2c68e27f07ccf84cd8746b9ef,322887.935985,4786.937823,0.0581444133,135002.706155,0.7185381537,160993.726057,0.8613099275,32361265.25
2026-09-24,0x538d89d131b56c7736be4e2eeedc3c51463980de,973195.936073,5770.769944,0.0111509609,505316.754481,0.9757425524,434828.256073,0.7390417096,104658164.84
2026-09-24,0x739c52c1009e970ab30ea1f28401df41e18fcfb2,1215609.421071,-138330.603995,-0.1021689303,591498.446571,0.9477456266,526285.811762,0.7634814658,11364310.83
2026-09-24,0x3a23b10845e911b6944d9dc2f1f480fca3af35d6,813085.319585,-125487.069588,-0.22310338,427433.757054,0.6756098855,507454.854852,0.9182335547,4302805.85
2026-09-24,0x8ecec0c9367490d2044aaff4030ad0becc33218b,873488.543199,-112552.5641,-0.128946965,157714.002551,0.2203403357,505559.261447,1.1250620761,15418199.69
2026-09-24,0x422d82d5e532fccfadc6a72d8c6b64727892239e,1436906.943373,-242460.783077,-0.2172969343,186494.247487,0.1285713152,1202415.295354,1.1794212088,5261753.29
2026-09-24,0x34e698305bc5c93029c12186f4e9a0a939c18d74,1280025.85544,-18578.732019,-0.014306689,304608.278277,1.8361379107,280059.07544,0.2800683793,1992162.03
2026-09-24,0xde6b2a06407575b98724818445178c1f5fd53361,2200526.475547,-131520.629065,-0.0563970723,1200752.092481,1.2010230636,828559.311554,0.6039206587,3953427.94
2026-09-24,0xdc6e251c82e1f1ae93a219822f7b39b445028cb7,360362.790304,-31182.189935,-0.1099410783,159097.133453,0.6331819564,137960.970036,0.8911602385,2082102.04
2026-09-24,0x9466140c8781e253fe426c87ac17ccba500140ff,512752.354714,-48235.022689,-0.1239855326,220008.844144,0.7512888951,251351.56245,0.8338978473,4072419.38
2026-09-24,0x07423f74354aedab79af49892ba88c5ec73e57c2,405823.6234,-40057.553274,-0.108556432,-2351.885647,-0.005761947,231688.794315,1.2048191473,112119789.94
2026-09-24,0xaf6f7a06f7bfb3bdf7bcd2c751564f4990d1efc7,393856.705107,-7726.649198,-0.3215055365,13285.409944,0.6242879601,37380.74833,0.9177031272,1049524.72
2026-09-24,0xf08208e088f89970068dc0b2deaa440f6a7d0250,656605.556057,-13627.808844,-0.0203329311,92448.033844,1.1462732251,64924.941941,0.6001896198,2423917.15
2026-09-24,0x9321d8117e73b0c79035f0e87debcfd8dbb1d75a,18740010.465444,-745399.48013,-0.0698115119,3048642.740639,0.1942866527,9750183.575724,1.0827609924,375266856.19
2026-09-24,0x64702807a1f0f9888ea22b858099d7f481227b55,3283056.363905,-250905.970224,-0.0709984846,1099059.750983,0.4812002543,1720204.768195,0.9385401263,82832508.88
2026-09-24,0xe2823659be02e0f48a4660e4da008b5e1abfdf29,2968736.552194,-184553.238748,-0.2832828327,1138331.468595,0.5249709345,1778887.499599,0.9442811432,14206868.540000001
2026-09-24,0x51a4cee5e31cc8f3bef1564b7a2d0005e2775a98,469294.575128,-16516.26284,-0.0339973124,176832.504776,0.6046339772,215847.543769,0.8516475518,1791388.77
2026-09-24,0x866d4903b256ce7e7caac46a91e83128bb0fd6e1,4809194.232555,-209955.43239,-0.073185943,1287894.458739,0.3657440552,2384700.128451,0.9759385646,9980947.5
2026-09-24,0x86d2161a18a6eb5be550d5253496e5a161cdf731,358506.052245,-40283.129206,-0.3432184336,18810.549277,0.0553747374,193467.093915,1.1722510604,13917431.01
2026-09-24,0x7d54a6772903c4f45f05c9b4e89f1dd2a0f52794,14380709.051105,-585842.730444,-0.0391434673,3341881.578939,0.8118095906,3856693.871511,0.7397583894,4006903.1
2026-09-24,0x6b25245f600e2e9ef91d4aaf851f4f6677721b2d,250081.138236,-2075.277338,-0.0085933735,125914.815956,0.5614521818,161720.087693,0.8581088094,273735053.37
2026-09-24,0xcb3ee3f1b22cdff8b6ca4839cd0784d34b85dea9,302930.481138,-9406.099852,-0.0931570631,54868.039612,0.2211864048,153576.961392,1.0282781528,73510231.26
2026-09-24,0xf08ce2742192a08dd7258880da2c233c56d72b57,352788.00614,-29942.95011,-0.0782349837,134812.308355,0.6062222373,162623.332646,0.8321275433,25673439.82
2026-09-24,0x1c814c8068ddd68bcc79bd9d28a1698ba099072d,678408.578836,96654.548726,0.1661433247,305113.581428,0.7205882045,332346.147322,0.7260949632,4561592.19
2026-09-24,0x0c5d0549a1f7ad185286a08bfc10f8e9a1c936b3,11798985.11861,-586426.988121,-0.0473482015,2336710.885019,0.9821872328,1798983.519341,0.6167626845,27304247.93
2026-09-24,0xe83b5e3644b50e802a25b34b38b91a061a0d3ca8,5969065.459458,-413178.207103,-0.1249330955,772736.089397,0.148705204,3038679.875085,1.0369202603,58275184.34
2026-09-24,0x4c926934f5d1b42e2226c2fe3b516890886c4f17,703149.164331,18900.376541,0.0276220826,28192.102203,0.0417687343,172742.64025,1.0640129561,8346624.2
2026-09-24,0x7491180d3e43719bd8a53cdfbef27a1527a1d90f,1175287.262178,-79348.470595,-0.0631674286,284208.845258,0.3187613493,569852.671739,0.9404129852,46895597.69
2026-09-24,0xab7fb756330e3983e676f44c03dabda9120aa273,572337.498586,44263.818864,0.0838213239,280270.014511,0.9596070422,281057.592814,0.5945639713,17128025.43
2026-09-24,0xdc5289909be4f3ce2604806bdd1448fd307f19f5,293497.999541,857.054023,0.0187653114,27418.230007,0.1028876987,162122.98069,1.0282715035,32261882.01
2026-09-24,0xf29c6bc1147a841519b382459a6d7a373c6b9971,10328979.742224,-8359.58672,-0.0008086788,3777197.690991,0.3336067067,7448066.323548,0.9137118632,224772765.39
2026-09-24,0xa19ed0ae46e89461e56063f1ed268a0dc225745f,557738.062662,-46181.27709,-0.07646928,227493.265065,0.6888625248,238404.241872,0.7465674675,8037309.45
2026-09-24,0xb0088e7991b62ef58483e5f524ed9d482e5bac8b,1856192.311047,59002.219409,0.1768785189,654868.094215,0.5233396446,852393.027547,0.7850279692,24085343.6
2026-09-24,0x078f98976f6a7e621fe5dc35fae8a664e084b280,451193.973022,-0.00625,-1.375e-07,43690.555662,0.1072151884,46667.00375,1.021597072,13150667.15
2026-09-24,0x613ead0ea5af374af0ccfc117ef116a8e8d133fe,815891.090804,-71011.278975,-0.1843844016,208892.228036,0.34408272,405436.268787,0.930850144,8249578.11
2026-09-24,0x4d26bc95c771d1d0a5c5e76297c8f53ffe5f6c19,430899.458395,-30048.430733,-0.0651883465,87114.144019,1.6114163364,90919.498394,0.2674260518,1588219.0
2026-09-24,0x85e14c3f5f5151f7d8acac2d001ef050fab63de4,1404987.970637,-248448.775445,-0.1502620382,613977.285743,0.7761934162,576137.933516,0.695105155,214032880.63
2026-09-24,0x4e28dee6193035725e993860bf8838d4e5326a9c,518204.864312,-40393.503142,-0.3851338625,190543.461243,0.3947766696,322435.857346,0.9192256184,10353816.34
2026-09-24,0x9386b9538884d849943d77f1c5412de9e72b021f,1455360.386598,-186040.274021,-0.2425554676,356138.251199,0.3239616849,700080.424849,0.9267924228,186162506.67
2026-09-24,0xde8a6d588f8067e761bac811a102e0146c721e41,586904.210753,50230.457693,0.4835773098,-15420.841778,-0.0256021922,387996.767721,0.9726486043,11345344.71
2026-09-24,0x4044570e13b5184f7eb2709de25a4eb766a4794c,4854866.840718,-130222.449336,-0.100307074,1750031.351123,0.5636470457,2294502.855242,0.7721792995,134130153.77
2026-09-24,0xa3555141f2ea7ed01e1d5a6589c4355ccaa31bf5,920738.713691,27784.026023,0.03242724,219097.292577,0.3122639086,428715.037345,0.8713300964,1841837.98
2026-09-24,0x194a3c3dea1c9e90f164109fecc649767dc99870,460312.516015,-7687.430108,-0.0647308916,133608.696124,0.3692849339,240665.05127,0.8587590964,4975436.69
2026-09-24,0xa2ce501d9c0c5e23d34272f84402cfb7835b3126,16285971.837006,-1448839.59869,-0.1592283033,7647253.688955,0.5607017907,6949530.068881,0.7683042893,35042758.84
2026-09-24,0x0a506b1e47726e769949086ea60b5b01cbaf956a,365953.7687,114.724466,0.0003312352,72017.376523,0.2450100717,172009.888594,0.8869054723,25757545.93
2026-09-24,0xf7619dfb29b83bf5118fd0107c676156cd5e5605,383140.539377,1206.380572,0.0111547433,136204.789329,0.5515798717,161279.673308,0.72694061,4671324.3
2026-09-24,0xb4413bdefd1b82a75ed002d378f52b74d3fa908a,265221.222254,-21519.688806,-0.0750492573,35690.163788,0.1551536737,129943.670651,0.9376285994,4835618.95
2026-09-24,0x5f875116699987a9f6007c2e18c34e26ce5577f6,253943.480624,27072.512727,0.1470946062,116395.462922,0.8456021733,100006.040961,0.5515583292,22292176.67
2026-09-24,0xbe10fd36393c8b677281d0bc2cf1bb8c98ad4b34,2868556.291243,-176246.476069,-0.057882482,783015.8330440001,0.3685405315,1312884.8553219999,0.8030511056,23084717.42
